,Open,High,Low,Close,Volume,bid_volume,ask_volume
2025-02-20 00:00:00,10000.0,10030.328102606545,9911.135733063704,10025.832222296798,2349.0558646201375,1512.0232624820005,837.032602138137
2025-02-20 00:15:00,10025.835707650562,10062.187704848826,10003.087009507299,10032.78536774742,2642.02209324317,1761.6827857691276,880.3393074740422
2025-02-20 00:30:00,10019.907215382449,10026.560970185237,9926.79415631303,10044.862395278586,12005.67606245263,6004.852563668531,6000.8234987841
2025-02-20 00:45:00,10053.358101385165,10152.820950906125,9981.23184689567,10079.30395992603,34810.92614100525,18038.663133369933,16772.263007635316
2025-02-20 01:00:00,10130.92125992316,10134.901895947867,10053.65743537417,10184.889929838871,1411.6226782047725,893.8675039762742,517.7551742284983
2025-02-20 01:15:00,10120.073405038815,10186.350486636205,10099.685353781657,10080.868130453237,13363.33208893882,6882.782058269664,6480.550030669156
2025-02-20 01:30:00,10109.237996423528,10153.995225051047,10085.562724563566,10082.316754114949,13013.62472625825,6594.568573041399,6419.05615321685
2025-02-20 01:45:00,10190.072111218002,10286.767358126473,10136.954551210803,10286.64889393298,88286.08427637405,58448.355536898,29837.72873947605
2025-02-20 02:00:00,10230.192194582729,10255.358440814289,10212.586048890054,10222.50275380322,14987.595754714486,9231.955645057213,5755.640109657274
2025-02-20 02:15:00,10207.201147809446,10261.512320209791,10176.02512056813,10217.410073326722,32305.377607232407,21438.785776754663,10866.591830477744
2025-02-20 02:30:00,10235.911965422458,10285.285522292737,10203.007349177855,10232.482420982964,25368.33800216763,9825.127422116651,15543.21058005098
2025-02-20 02:45:00,10213.218043084762,10285.003325567277,10196.914689939626,10171.258015880385,2616.0832100460484,1333.5489255733362,1282.5342844727122
2025-02-20 03:00:00,10190.456367277244,10197.386920289639,10169.547300166967,10273.178885200208,47486.80759626189,30248.567029168964,17238.240567092926
2025-02-20 03:15:00,10203.803942768578,10223.577805658557,10123.341658822965,10176.881134030778,27320.606285926333,9410.83229928388,17909.773986642453
2025-02-20 03:30:00,10107.210640642552,10128.897158970052,10090.311803441038,10050.242079441286,36617.02736201461,22624.374547540174,13992.652814474437
2025-02-20 03:45:00,10021.050822351568,10095.021284639826,10018.199092652172,9998.46636621891,1117090.0655369032,416886.1192092411,700203.9463276621
2025-02-20 04:00:00,9993.879367897312,10012.78166104622,9930.982394135077,9893.855326341107,2740.476420881204,1707.99508358802,1032.481337293184
2025-02-20 04:15:00,9944.26819565073,10001.297754732017,9847.213816714066,9911.885309529438,123586.50679993349,67329.97525235507,56256.531547578415
2025-02-20 04:30:00,9960.88742124577,9982.32761588706,9927.895586047547,9912.670321383292,16523.72458163464,6234.308695512408,10289.415886122231
2025-02-20 04:45:00,9916.659882027656,10002.104297786174,9904.893199511054,9947.274030699318,29358.250832471775,14366.215541522011,14992.035290949763
2025-02-20 05:00:00,9847.624870734504,9940.407759879268,9791.455266622093,9814.467216665522,21046.462120471762,12054.615138409778,8991.846982061985
2025-02-20 05:15:00,9920.775429564545,9972.213953226632,9830.858063685344,9964.813946916353,14411.238990598837,7977.213952986485,6434.025037612351
2025-02-20 05:30:00,9910.568127235278,9945.483939223132,9832.863150385763,9979.866981676085,12458.608039327448,5866.744553299204,6591.863486028244
2025-02-20 05:45:00,9914.90539841335,9938.112005383966,9853.183538970117,9953.631796207676,30623.064185292442,20203.462832087418,10419.601353205024
2025-02-20 06:00:00,9845.265671538855,9850.16674339275,9814.247522432393,9834.662896907026,4831.084730559808,2452.7676403161718,2378.3170902436364
2025-02-20 06:15:00,9819.452235356277,9845.817472090386,9766.242570568553,9826.38057065686,46657.04287372588,23438.021756465325,23219.021117260552
2025-02-20 06:30:00,9825.880175937204,9890.164599742739,9816.914567163923,9750.958579477383,14527.600402303548,4720.020798881906,9807.579603421642
2025-02-20 06:45:00,9770.315139079674,9822.45119490407,9703.98003150509,9763.77980593647,7114.787623519623,4758.712581746814,2356.0750417728086
2025-02-20 07:00:00,9789.645610775406,9882.063906338544,9718.661280187483,9747.528672414142,14044.51408603851,5208.360683281239,8836.15340275727
2025-02-20 07:15:00,9761.224375764355,9799.905888506306,9667.025473755039,9795.111753746409,77431.52039028276,39593.66927825692,37837.85111202584
2025-02-20 07:30:00,9747.964057498231,9815.601606716558,9722.580616561087,9873.359546594222,12895.902612836808,8013.862596046749,4882.040016790059
2025-02-20 07:45:00,9719.611781758125,9767.17205317254,9717.817889478329,9743.90214306707,31522.39795118558,12173.36095978879,19349.036991396788
2025-02-20 08:00:00,9810.600867262534,9860.887673947376,9757.073398519586,9712.929460901654,10604.60610883046,5418.416237632657,5186.189871197803
2025-02-20 08:15:00,9810.919847925663,9837.190971304806,9741.577198046542,9793.199845578994,47000.891562333,18625.22959633838,28375.661965994623
2025-02-20 08:30:00,9760.015354179148,9804.418619852884,9682.871463172389,9765.992920741159,43717.67400484423,26400.14150422423,17317.53250062
2025-02-20 08:45:00,9801.131610572711,9847.273867732756,9782.14300276603,9805.412618683395,139889.60198916635,73545.06514070045,66344.5368484659
2025-02-20 09:00:00,9742.28347728728,9811.126594927111,9716.78277077576,9706.684534094265,18479.84678859354,11871.275138512776,6608.571650080763
2025-02-20 09:15:00,9753.431747388115,9845.176427697364,9703.436541348863,9765.39392873815,42987.0765759577,28277.896321317643,14709.180254640054
2025-02-20 09:30:00,9658.83954655957,9690.648160344284,9626.90734478494,9598.833965458218,24296.01294523686,13593.458718571848,10702.554226665012
2025-02-20 09:45:00,9595.66175084278,9599.711165065113,9513.0899792627,9550.326628401246,80488.67593229921,47500.91515417535,32987.76077812386
2025-02-20 10:00:00,9606.066386174129,9653.740825401066,9560.556671294746,9637.084261260528,10733.957704414688,5578.309440364408,5155.64826405028
2025-02-20 10:15:00,9642.495787769782,9694.995448788299,9565.396450692338,9593.528145642025,46397.70672103364,21053.956661109674,25343.750059923965
2025-02-20 10:30:00,9651.722126996216,9667.979540940649,9595.682321100026,9677.695471304894,18129.62652828382,10138.94231474704,7990.684213536781
2025-02-20 10:45:00,9647.106273778536,9720.46910252046,9572.525446224628,9581.049460917551,20657.04748829243,13702.138737869134,6954.9087504232975
2025-02-20 11:00:00,9633.547087652027,9728.43069709373,9601.498878846729,9718.5547539171,24143.065728349953,11266.896443493015,12876.169284856938
2025-02-20 11:15:00,9563.293386289124,9653.740597249987,9483.782575471554,9526.270534148478,28345.977059586556,12068.696875834208,16277.280183752348
2025-02-20 11:30:00,9529.829308841256,9548.61317789857,9503.66303583991,9519.171787584353,19609.530104684727,8929.685367532727,10679.844737152
2025-02-20 11:45:00,9508.833247470733,9592.070078262554,9456.905622451275,9524.551979316288,27301.943883734435,12945.46383197955,14356.480051754885
2025-02-20 12:00:00,9560.044125652033,9627.3940281554,9539.584951200577,9533.020273190305,106736.45710994798,35161.594578761855,71574.86253118613
2025-02-20 12:15:00,9577.425160117877,9620.89197510825,9531.881963392616,9584.292459416252,59009.26152775269,29467.85242576699,29541.409101985704
2025-02-20 12:30:00,9493.955976922543,9545.281346730135,9463.748562602306,9521.268033990646,52530.78157598747,26145.91999048271,26384.86158550476
2025-02-20 12:45:00,9510.28956721154,9591.089004015907,9484.925298672253,9555.968117227554,13967.10881271674,7477.67623214571,6489.4325805710305
2025-02-20 13:00:00,9492.929376198454,9538.508246928777,9401.134171358633,9530.497522504122,9052.164431238623,4029.371959280987,5022.792471957637
2025-02-20 13:15:00,9461.748805425575,9497.06074921364,9446.60299566189,9453.620668172352,57256.735104157844,31218.836216037846,26037.89888812
2025-02-20 13:30:00,9491.632617282356,9538.449857214338,9416.902541289957,9484.673742636145,52894.084771494316,34449.20461678935,18444.880154704966
2025-02-20 13:45:00,9541.51112402471,9596.768858699257,9447.606914936865,9653.581351214398,96054.46715446586,65527.242895764844,30527.22425870102
2025-02-20 14:00:00,9586.894373217763,9605.021048168852,9584.986438992899,9632.426804035664,12040.357053516427,6422.866901307824,5617.490152208603
2025-02-20 14:15:00,9547.625613898641,9633.640911111204,9480.885093467385,9503.619478135739,17508.667878664288,5550.884710679962,11957.783167984326
2025-02-20 14:30:00,9533.819156460973,9598.094920938851,9509.707002293897,9538.58550181661,4274.899351028178,2939.824339592579,1335.0750114355992
2025-02-20 14:45:00,9550.563566617371,9611.044317115317,9546.696751218156,9534.559537363288,14876.363557432078,8663.173322946011,6213.190234486066
2025-02-20 15:00:00,9598.103651717463,9607.653402635828,9559.433892327237,9591.608891693364,59669.155679251846,25919.413603022484,33749.74207622936
2025-02-20 15:15:00,9576.067642072276,9633.923747067454,9486.510551969606,9517.19899809321,13814.92240708626,4957.665610293494,8857.256796792766
2025-02-20 15:30:00,9568.13583424203,9579.709514711009,9567.010134031969,9548.429146942604,41792.81840255798,14935.392727462402,26857.425675095583
2025-02-20 15:45:00,9516.164831278142,9523.653831768119,9460.220659814604,9602.360147971976,18205.825313120265,6683.317736108362,11522.507577011904
2025-02-20 16:00:00,9460.199950726177,9510.084615815913,9412.76684130516,9487.590838691223,30456.57045107171,9692.164221387236,20764.406229684475
2025-02-20 16:15:00,9499.579254446136,9537.842185478326,9416.611433555927,9381.254328284374,6990.508715456417,4619.759302022401,2370.749413434016
2025-02-20 16:30:00,9564.947760568886,9621.267155318194,9556.913040457006,9623.137243792884,23985.612481530246,12383.946654426438,11601.665827103809
2025-02-20 16:45:00,9562.460390089202,9570.992224568854,9497.289733433143,9614.558085852655,1106.3969560197804,641.6922722315271,464.7046837882533
2025-02-20 17:00:00,9611.39785405943,9652.821350913291,9546.029805098966,9594.131684045402,18271.61134740643,11533.83413815418,6737.77720925225
2025-02-20 17:15:00,9629.738132420303,9646.569635369413,9565.307478900113,9664.273432913125,4313.594198241778,2659.8329365082736,1653.7612617335044
2025-02-20 17:30:00,9599.639434729052,9694.397483837667,9509.178720946213,9558.389821957373,73570.14004949394,48044.40975332891,25525.730296165035
2025-02-20 17:45:00,9617.945736203406,9671.916859134011,9538.781624302066,9595.33126639746,47925.708569206196,32920.25783130121,15005.450737904983
2025-02-20 18:00:00,9692.871291959858,9759.503662104345,9688.802929627349,9765.497376954898,35125.090458583916,16706.485161781842,18418.605296802074
2025-02-20 18:15:00,9692.104293159087,9723.64417231185,9646.446451961618,9678.93611372908,100811.34996697817,68565.2455166289,32246.104450349274
2025-02-20 18:30:00,9768.896951057299,9778.151898014643,9730.021327083407,9677.570871398462,8527.772584890883,5025.55265242927,3502.219932461613
2025-02-20 18:45:00,9641.913740952958,9736.00636776564,9612.00961342542,9638.861919885048,126419.77521144111,41499.47525677098,84920.29995467013
2025-02-20 19:00:00,9682.50149758035,9710.218532968285,9638.800812408175,9678.696836419922,55948.760750336,32042.59651803154,23906.164232304458
2025-02-20 19:15:00,9687.683914572988,9728.741111956693,9650.46439631919,9745.730994139234,17386.419862053208,9991.743626678592,7394.676235374616
2025-02-20 19:30:00,9674.16923946721,9737.038175078955,9632.344526313358,9674.862704339293,68570.66834850107,45417.386220471744,23153.28212802933
2025-02-20 19:45:00,9679.575202799904,9681.96579630249,9584.786814085975,9659.171514361122,7285.974572049049,3272.6619853255615,4013.3125867234876
2025-02-20 20:00:00,9584.34904642205,9662.00710967133,9575.854152751823,9634.429960767073,9657.458897109696,5156.741178061647,4500.71771904805
2025-02-20 20:15:00,9574.780421083087,9626.15660456575,9486.478840320584,9580.563120849136,11984.98957175795,3653.9239402397857,8331.065631518164
2025-02-20 20:30:00,9592.834271414362,9619.523185084465,9546.765959380598,9556.860054994053,12978.147907927543,5617.3330162143575,7360.814891713186
2025-02-20 20:45:00,9664.679518051082,9670.633732387127,9604.396829004856,9720.49292438491,7657.511628173867,2487.906311188854,5169.605316985013
2025-02-20 21:00:00,9640.601408186061,9656.267232716571,9560.566777415794,9649.936487584624,74838.15048002827,38073.8483709041,36764.30210912417
2025-02-20 21:15:00,9602.593645494073,9688.540109949354,9567.979845562631,9602.734129839288,17003.008868302644,10660.530520867947,6342.478347434697
2025-02-20 21:30:00,9579.463059867088,9645.180496980767,9538.230952180227,9587.98439418493,31335.438871623403,11988.220605368544,19347.21826625486
2025-02-20 21:45:00,9624.26631003033,9648.317517234014,9584.853160899518,9572.744322349132,12452.150695324926,6362.755361471556,6089.39533385337
2025-02-20 22:00:00,9641.048677806748,9647.373279488113,9604.920677513233,9615.61299910093,3566.702218198736,1361.0658880094816,2205.6363301892543
2025-02-20 22:15:00,9616.475563114114,9682.8884158649,9527.472262068486,9616.647823129002,28855.54222650814,10049.675140028345,18805.867086479797
2025-02-20 22:30:00,9642.11632930981,9697.308548125578,9562.18994491256,9632.731479347205,3254.340831399716,1641.485339302393,1612.8554920973231
2025-02-20 22:45:00,9647.760706061632,9686.787781790661,9637.24464787002,9709.141128826708,20565.412810529593,6820.713468444989,13744.699342084605
2025-02-20 23:00:00,9695.45175752117,9730.705530162217,9684.968710043138,9705.990997305757,5606.51706209822,2999.160623020483,2607.356439077737
2025-02-20 23:15:00,9662.38769318239,9683.337129096826,9621.045281836356,9703.689758887067,160697.0186417423,50223.440193543785,110473.5784481985
2025-02-20 23:30:00,9647.52393848767,9712.124844756936,9638.005944450288,9647.977148028574,54795.46544589761,18777.638255198683,36017.827190698925
2025-02-20 23:45:00,9629.574326912425,9723.04552611641,9569.95829715051,9680.4323692369,24483.477744723983,12731.383801650745,11752.093943073238
2025-02-21 00:00:00,9560.072154487189,9576.870658775622,9546.335133153025,9579.074124668441,77940.94298321231,41820.22347440503,36120.719508807284
2025-02-21 00:15:00,9575.182817778357,9632.357825780182,9525.16462276234,9575.825335783846,9449.187354282632,2944.3173795973553,6504.869974685277
2025-02-21 00:30:00,9588.638595843471,9629.31216781653,9587.946301218473,9588.001762146148,37929.30755575316,20077.906081702346,17851.401474050817
2025-02-21 00:45:00,9589.842615141657,9632.679360536558,9559.4815236036,9544.078034081946,26898.0866207162,17091.071409352644,9807.015211363556
2025-02-21 01:00:00,9579.553330960147,9603.899505199175,9514.68148443361,9603.833461836886,28681.858140455544,16891.50549401719,11790.352646438354
2025-02-21 01:15:00,9512.71818876048,9591.210944159331,9466.672928452743,9510.805907212987,78617.80662150915,27710.736039119914,50907.070582389235
2025-02-21 01:30:00,9493.662058514921,9539.730585692667,9400.788459492607,9469.833348384662,45820.73985108063,24605.272633073422,21215.46721800721
2025-02-21 01:45:00,9478.34334570851,9529.849218140535,9395.492786719484,9530.780468521798,29399.227069408946,16725.249679886547,12673.977389522399
2025-02-21 02:00:00,9441.26988296238,9470.043183237354,9407.369041642061,9382.251748399993,4209.556445538617,1325.5576717861882,2883.9987737524284
2025-02-21 02:15:00,9434.600300290154,9451.753202337923,9430.30882691182,9414.669900780564,8433.386620977613,5415.407020437627,3017.9796005399867
2025-02-21 02:30:00,9454.604051995357,9462.726539039466,9374.653433559943,9503.187421227969,19482.873301652242,12907.539142022031,6575.334159630211
2025-02-21 02:45:00,9544.715216722563,9612.875855031953,9457.740496845961,9559.773099799695,24182.206528279672,15480.98696524034,8701.219563039333
2025-02-21 03:00:00,9554.001165777427,9572.749391337538,9475.598415043483,9551.71494452449,7113.831562519012,4480.66521452664,2633.166347992372
2025-02-21 03:15:00,9567.259749560064,9633.281051163001,9555.018446362861,9579.26683003695,245653.35019303163,146897.2837695635,98756.06642346812
2025-02-21 03:30:00,9564.655258467876,9601.993419742526,9469.208116089265,9573.235431940706,100347.46128038263,55529.556877243034,44817.9044031396
2025-02-21 03:45:00,9473.84979802269,9513.239678166476,9449.351917271393,9402.006632233692,40219.94598722435,22983.720390607035,17236.225596617318
2025-02-21 04:00:00,9473.541240634646,9517.988964218772,9404.933389553044,9456.997506261518,23671.731731566102,14737.028740839138,8934.702990726964
2025-02-21 04:15:00,9477.34156164775,9512.190552914239,9391.283994918529,9553.943200955884,17814.91007115649,10065.413204541528,7749.496866614962
2025-02-21 04:30:00,9595.014230049204,9604.668731181984,9572.40001789078,9563.383107772195,8502.211116284967,3665.224844568908,4836.9862717160595
2025-02-21 04:45:00,9586.745200500305,9616.428813184975,9499.672767101669,9571.48784690391,23800.943899568134,10719.574810255315,13081.369089312819
2025-02-21 05:00:00,9602.158162704556,9665.890985798604,9572.441251985829,9576.154521537059,28502.65557946464,18778.20469624017,9724.450883224472
2025-02-21 05:15:00,9601.45183900674,9665.376807665394,9507.701993709841,9597.274476626993,6362.899346316276,1952.4482473054156,4410.45109901086
2025-02-21 05:30:00,9546.306954723097,9573.630805671257,9519.45700983666,9518.473607022454,30766.33701658486,17829.960911650378,12936.376104934483
2025-02-21 05:45:00,9601.810272329674,9645.988453589749,9510.263173368006,9625.178270106626,18858.913600761265,12860.101027881758,5998.812572879508
2025-02-21 06:00:00,9638.870044943687,9657.516171857304,9633.708945628123,9648.379436639638,3268.8464763224833,1904.0745288354644,1364.771947487019
2025-02-21 06:15:00,9677.957202642914,9698.31692265968,9609.314160903185,9715.389006208976,9317.17722751735,6499.334825419065,2817.8424020982848
2025-02-21 06:30:00,9634.919934022559,9637.140502537659,9583.651452317345,9584.291264064565,14565.259218303574,8375.285674788744,6189.97354351483
2025-02-21 06:45:00,9703.462480364818,9790.477945379083,9657.09185748395,9686.950074833801,145464.54476965833,45638.80439167236,99825.74037798596
2025-02-21 07:00:00,9636.418780658532,9656.723357303908,9614.881932585879,9625.542991626098,38428.441348273125,24240.81269700638,14187.628651266747
2025-02-21 07:15:00,9665.658426137896,9687.651073486322,9597.45794722889,9687.679063117104,5793.65383373667,2397.7150223223475,3395.9388114143226
2025-02-21 07:30:00,9772.485971363965,9799.809982144943,9753.839140580343,9733.727256254493,35811.927576161725,17133.24589697595,18678.681679185775
2025-02-21 07:45:00,9725.06320825377,9737.453723758568,9671.298994152607,9769.587163870221,4687.69378892583,1991.5046709863852,2696.1891179394443
2025-02-21 08:00:00,9698.499308499207,9760.498214804045,9673.938308715942,9756.031562420345,65035.662605269135,26496.93647866567,38538.72612660346
2025-02-21 08:15:00,9704.301501907024,9711.593600640814,9611.565121996358,9656.319924865253,13751.117165333279,6498.25930038249,7252.857864950788
2025-02-21 08:30:00,9680.842534325147,9693.834459895046,9678.070793534222,9657.082218325982,20057.607982509944,9056.021625005327,11001.586357504617
2025-02-21 08:45:00,9606.751976079142,9668.692155651739,9587.564575582766,9581.201305737022,82933.6896458151,45890.14904864611,37043.54059716899
2025-02-21 09:00:00,9611.005988745268,9643.65079132115,9587.717501854006,9737.505386634497,6080.4648730207155,3801.8743875298806,2278.590485490835
2025-02-21 09:15:00,9560.918052571702,9628.604364137564,9521.329367067976,9540.36685418828,5447.335205094402,2281.537153344696,3165.7980517497062
2025-02-21 09:30:00,9584.514036475066,9637.94048937076,9562.207973775909,9664.910159466532,12288.273021092293,4736.987456831504,7551.285564260789
2025-02-21 09:45:00,9541.411315486268,9565.8393486628,9494.529677788823,9480.984031232932,62216.707440042584,35261.82341636799,26954.884023674596
2025-02-21 10:00:00,9616.308264969297,9678.893886962931,9532.409290747179,9568.72432114249,4820.601175734204,2738.718631705099,2081.882544029105
2025-02-21 10:15:00,9579.609870252507,9590.74843520635,9511.396972452736,9546.722852501242,1297.0456779964934,856.6370550884491,440.4086229080443
2025-02-21 10:30:00,9565.14171284217,9616.450126146176,9509.667527523381,9524.696022297061,14028.42828602015,4298.0056533586985,9730.422632661452
2025-02-21 10:45:00,9605.005264363344,9646.993362865984,9596.456504432657,9592.139420603802,38243.95547275026,24522.64628119676,13721.3091915535
2025-02-21 11:00:00,9546.853473694455,9572.42697214077,9480.599063987527,9513.0204654608,73149.58621287467,37189.31321073474,35960.273002139926
2025-02-21 11:15:00,9558.665792375832,9616.400611478997,9542.758807107775,9519.506730102119,13861.058461680279,7603.079370655505,6257.979091024774
2025-02-21 11:30:00,9622.094362610627,9705.934903078734,9546.429350696599,9677.828996943168,14597.030445774415,4912.60981363202,9684.420632142395
2025-02-21 11:45:00,9545.719795200574,9641.072438861045,9521.850077704234,9604.129750238893,69835.70802684537,33035.50046409581,36800.207562749565
2025-02-21 12:00:00,9555.486682571373,9613.561373000277,9515.635646876835,9600.841632811558,3395.676556161659,1327.4411490160837,2068.235407145575
2025-02-21 12:15:00,9568.858764136981,9607.584497661705,9535.322765466793,9593.92912412969,14935.24634241247,5999.339282999538,8935.907059412933
2025-02-21 12:30:00,9607.22141320644,9628.857557962472,9524.7132588962,9611.676429043859,26646.78781142489,13367.042566446666,13279.745244978223
2025-02-21 12:45:00,9548.763838564617,9573.31333697914,9536.680407051284,9525.033695136179,34517.39646473199,21572.764599497536,12944.631865234453
2025-02-21 13:00:00,9486.67507316141,9532.159409060576,9433.0141811016,9441.463595455627,13229.3524033827,7904.70173533564,5324.65066804706
2025-02-21 13:15:00,9512.38119086965,9547.318045844535,9498.867749053541,9529.645958378149,22798.294549990824,12229.004823506886,10569.289726483938
2025-02-21 13:30:00,9527.457586086937,9614.52087714553,9460.308461730936,9471.549017153277,1829.2707087324568,943.4779725242632,885.7927362081936
2025-02-21 13:45:00,9540.343131881988,9575.479783235513,9453.99557287878,9492.931398330527,11404.366503462705,5370.571841515052,6033.7946619476525
2025-02-21 14:00:00,9557.823340175313,9593.516514470433,9516.2843083958,9612.920046322071,34665.79387842146,23887.64354231196,10778.150336109498
2025-02-21 14:15:00,9526.281341730335,9562.81791842743,9479.784299810282,9616.811929247007,8247.834547179731,4322.500564908305,3925.333982271426
2025-02-21 14:30:00,9538.296540173573,9618.095856753464,9449.836199848558,9557.053368451776,23364.76089444617,9382.97393704935,13981.786957396822
2025-02-21 14:45:00,9553.227430618015,9615.39871900042,9503.455938366407,9606.078614708538,34436.50597272095,13500.360965558251,20936.1450071627
2025-02-21 15:00:00,9520.060945552126,9578.530194411082,9473.641277080247,9508.358490724986,15637.8697431612,8515.464547887756,7122.405195273444
2025-02-21 15:15:00,9609.82438693046,9641.934944582732,9554.247975782067,9545.550316854296,26120.18774094875,13298.59759008361,12821.59015086514
2025-02-21 15:30:00,9633.552625162696,9712.345854461251,9567.155315801901,9663.039562680662,8410.762668083504,2549.1265579121555,5861.636110171348
2025-02-21 15:45:00,9577.133555761002,9580.807714000184,9566.897192180011,9604.394355165132,17914.91204768607,11322.692868992695,6592.2191786933745
2025-02-21 16:00:00,9609.530777098593,9693.210299380527,9530.625908221275,9612.974282969904,40546.963326061246,23584.098307467342,16962.865018593904
2025-02-21 16:15:00,9563.660562636685,9612.698222588237,9522.010340077837,9552.070579586532,25770.171559759587,14553.233203239297,11216.93835652029
2025-02-21 16:30:00,9602.2539786143,9640.494977636314,9595.3068909442,9648.450930396526,12252.29726755282,4012.7776060136507,8239.519661539169
2025-02-21 16:45:00,9658.839849052805,9706.860440479219,9582.903724113941,9611.23466153382,27562.637043890805,12260.476708335918,15302.160335554887
2025-02-21 17:00:00,9620.171537638167,9684.37805654436,9583.90830375087,9582.952028131062,45008.641814469476,30342.70659751311,14665.935216956364
2025-02-21 17:15:00,9667.472772884912,9668.706867017872,9657.769772623771,9618.74356185354,2835.741464358188,1829.1544706598472,1006.5869936983406
2025-02-21 17:30:00,9688.392262023825,9772.83162464445,9626.989262598388,9692.508518992234,70197.92737152541,29077.18717706462,41120.740194460785
2025-02-21 17:45:00,9729.183307715071,9772.647415040634,9643.553714990838,9676.261755045105,15736.612161977373,5709.613546857652,10026.99861511972
2025-02-21 18:00:00,9822.427459170982,9856.115096777765,9735.228514692548,9788.822863257903,33707.981674582916,16167.533954580582,17540.447720002332
2025-02-21 18:15:00,9811.358167072995,9824.921934667449,9717.39837352425,9776.73606407592,72929.38503254339,32259.011786614836,40670.37324592855
2025-02-21 18:30:00,9775.363425529767,9818.32276300267,9690.54206337441,9762.62571972834,5587.718273512349,3201.150998770579,2386.56727474177
2025-02-21 18:45:00,9732.864327763109,9781.170749720011,9732.655954987848,9660.48225930595,10835.239278469666,7439.192749263297,3396.046529206369
2025-02-21 19:00:00,9694.136760092073,9733.266822683863,9657.27566140179,9698.363645686932,16505.539059412473,7348.275562347953,9157.26349706452
2025-02-21 19:15:00,9691.369001190596,9757.140455147186,9612.04101934009,9751.809400866216,10059.23582335735,3268.141797656087,6791.0940257012635
2025-02-21 19:30:00,9708.86928645788,9749.733580266353,9673.310260847766,9715.44662657421,124858.5250651348,82287.46198331397,42571.06308182083
2025-02-21 19:45:00,9723.271947403831,9816.753193047996,9664.781750232987,9798.205370649766,9350.900297717324,2947.215746834517,6403.684550882806
2025-02-21 20:00:00,9764.458913002143,9822.975120004887,9705.25534379319,9829.587765382215,12637.87100686378,8607.7343052442,4030.13670161958
2025-02-21 20:15:00,9766.070141088609,9844.929002658188,9730.421513863455,9804.047216201636,27021.524513805227,15289.637076268336,11731.88743753689
2025-02-21 20:30:00,9838.02332685262,9848.781786109821,9749.040970901387,9841.697132162859,6619.9988414528225,4479.592239993578,2140.4066014592445
2025-02-21 20:45:00,9825.988628690277,9865.026425957918,9776.54146869629,9827.09407148548,14828.692839259307,5632.884718057976,9195.808121201331
2025-02-21 21:00:00,9960.612984048264,9994.165079935077,9914.317628083849,9998.652553697337,30256.104999150397,9569.39841120237,20686.70658794803
2025-02-21 21:15:00,9992.769196885885,10049.676257549288,9893.08995057468,9973.199826875998,15790.11824177029,7820.592786050251,7969.525455720039
2025-02-21 21:30:00,9950.9415856724,10036.63048904004,9901.833652718455,9857.277315514057,20062.609566179497,9635.055521013473,10427.554045166024
2025-02-21 21:45:00,9898.654736367263,9906.409166070147,9880.99570935314,9923.005627669554,12973.54921035559,5612.3172910766225,7361.231919278967
2025-02-21 22:00:00,9923.523741132469,9930.725718446514,9872.609175146124,9867.402809122419,4844.162694024551,3308.8663149772874,1535.2963790472631
2025-02-21 22:15:00,9913.428402229378,9997.72403941906,9832.731435971446,9865.737811336885,30381.62340442929,19111.058688984212,11270.564715445078
2025-02-21 22:30:00,9949.810708956293,9970.988889610959,9872.514576956935,9949.821850157126,127380.38821940536,71923.1463545424,55457.241864862954
2025-02-21 22:45:00,9974.348813951503,10041.05259625498,9895.692918016368,9969.604770403488,22435.5409676182,8192.187839868177,14243.353127750022
2025-02-21 23:00:00,9971.714143939995,10025.848399448974,9901.112036128616,9901.310072460945,27591.52990891561,16381.901484945993,11209.628423969618
2025-02-21 23:15:00,9930.491390877078,10013.20181761252,9905.246311247536,9938.708453641513,44034.238371823514,26015.647403359926,18018.590968463588
2025-02-21 23:30:00,9856.26855339998,9868.597652283976,9771.299230743443,9903.881213187666,6189.870864172176,2909.4081005126945,3280.4627636594814
2025-02-21 23:45:00,9835.249323851913,9848.013802110621,9747.376931464494,9779.761720521761,120875.29316743891,80976.0951317509,39899.19803568801
2025-02-22 00:00:00,9878.347327098387,9933.35177870773,9859.168249381479,9941.197488648722,26965.911126379815,9890.857630817387,17075.053495562428
2025-02-22 00:15:00,9889.909623656482,9983.505617171204,9877.007679102582,9812.759881366479,112629.26903900677,45832.794408140275,66796.47463086649
2025-02-22 00:30:00,9829.29739493812,9870.088758790707,9733.402281175702,9933.356438420644,10582.606165028981,3442.4131624421498,7140.193002586831
2025-02-22 00:45:00,9838.791558794223,9870.958710556226,9753.358973955603,9818.560030534689,135681.01374126162,83875.34107717568,51805.67266408594
2025-02-22 01:00:00,9858.730724865765,9918.542591576357,9770.668978375172,9865.908718669165,47817.90806529261,26237.865684804776,21580.042380487837
2025-02-22 01:15:00,9816.148035624865,9907.482247649765,9729.140017557314,9723.285627445408,38293.67760107733,16312.192292060205,21981.485309017127
2025-02-22 01:30:00,9824.674592412195,9906.900028562506,9771.455624640908,9821.622259244628,27834.30284595936,10174.14650290392,17660.156343055438
2025-02-22 01:45:00,9828.516468457303,9926.357739079012,9764.98476731671,9839.744672689563,17179.487809769056,5429.733593249979,11749.754216519077
2025-02-22 02:00:00,9773.33080812822,9775.536510423295,9720.030692484555,9769.120354395776,73169.33258989832,26831.06456444264,46338.268025455676
2025-02-22 02:15:00,9791.792012367287,9802.842847166576,9786.777993157444,9764.224148404304,25345.58595634808,12199.181773482007,13146.404182866074
2025-02-22 02:30:00,9820.226618798282,9880.077734329405,9747.016526366508,9773.749228391998,3080.7559877349318,1228.8235672443182,1851.9324204906136
2025-02-22 02:45:00,9874.387684698924,9955.414583568047,9824.489240632367,9930.20397534484,7207.03951874554,2908.709770584843,4298.329748160697
2025-02-22 03:00:00,9927.403373491014,9955.720729951869,9863.102680949882,9928.932547770546,18290.8140405795,11893.246012592013,6397.568027987485
2025-02-22 03:15:00,9860.0127161733,9883.59895987197,9810.452367486163,9935.97190629795,30031.40610322916,15197.545299281936,14833.860803947226
2025-02-22 03:30:00,9814.763883349373,9892.00369987774,9766.493763311846,9788.927383344062,20814.63264911106,12316.034566456261,8498.598082654798
2025-02-22 03:45:00,9841.020107433962,9846.568657008604,9824.114306627873,9819.625990833554,74531.0271734211,23423.937636988405,51107.08953643269
2025-02-22 04:00:00,9867.285098813925,9903.733137756448,9839.783621931452,9907.523603495836,3130.3438569834775,1396.3379039919191,1734.0059529915584
2025-02-22 04:15:00,9893.682439125138,9943.725597356231,9877.9660582382,9813.396444721566,25427.53539524216,12501.898835057722,12925.636560184439
2025-02-22 04:30:00,10085.260316827826,10141.77293931795,10065.526861561717,10024.069847467452,3576.0738033919033,1339.4783139887081,2236.595489403195
2025-02-22 04:45:00,10115.056739923246,10188.756576448515,10016.639525827113,10170.562353705496,47085.11948022275,16389.229079856956,30695.89040036579
2025-02-22 05:00:00,10173.499800008907,10209.600028972465,10157.922803909485,10113.886452036028,20041.116867519733,12989.07895431966,7052.037913200073
2025-02-22 05:15:00,10223.04483373944,10285.679828984827,10195.517197538717,10130.063633317954,33510.3616181716,22645.385901316084,10864.975716855515
2025-02-22 05:30:00,10257.363148054837,10317.407230949968,10196.784222145738,10353.193957655234,9284.643143671345,3078.069770574471,6206.573373096873
2025-02-22 05:45:00,10242.219728711198,10298.307773009954,10179.72389819552,10170.840795654782,79178.88444065086,34807.630255404394,44371.254185246464
2025-02-22 06:00:00,10282.111598302172,10347.966805271535,10266.279806449396,10291.577279307285,62425.221541154606,42656.04351699569,19769.178024158915
2025-02-22 06:15:00,10243.408433952716,10269.984872223724,10162.104716218082,10246.94677318178,39479.79507818908,13157.221796423428,26322.573281765654
2025-02-22 06:30:00,10232.303626228124,10240.96514371072,10151.959284701432,10088.50761464757,19350.678319920575,10787.162359963484,8563.51595995709
2025-02-22 06:45:00,10208.494920638293,10220.67076322023,10184.268354858865,10194.85039827225,39334.50039092082,27097.086875821544,12237.413515099273
2025-02-22 07:00:00,10213.694828810643,10236.632988014184,10184.211333581761,10236.594609247519,10862.887390151269,7509.399638717432,3353.487751433837
2025-02-22 07:15:00,10332.922279458002,10384.607343379024,10236.000722329325,10351.227535968588,51821.25431333718,25314.12992165744,26507.12439167974
2025-02-22 07:30:00,10237.484041135009,10323.524233597034,10152.95605862065,10283.732934041378,114631.84157037255,41852.0444467235,72779.79712364904
2025-02-22 07:45:00,10273.635678274248,10345.684001276402,10201.946553323598,10253.730955285078,64254.72622531742,24470.366800917684,39784.359424399736
2025-02-22 08:00:00,10191.820765276208,10272.238369421733,10183.439702730337,10228.12935311754,10618.972409630533,6964.35279104707,3654.6196185834624
2025-02-22 08:15:00,10168.790722404996,10204.480699088695,10126.258323351023,10133.742507244111,31615.95942801972,21014.28097884754,10601.678449172181
2025-02-22 08:30:00,10225.174155115234,10266.550704923988,10167.984564642558,10153.062780250553,6044.22443510461,3282.931729372674,2761.292705731936
2025-02-22 08:45:00,10229.483044480472,10269.754666257071,10210.311838552729,10163.10759240361,39041.8845316066,23677.753567060525,15364.130964546075
2025-02-22 09:00:00,10175.382133124394,10194.905962848547,10129.77336557264,10100.994470112146,34565.22551949656,20599.92388624816,13965.3016332484
2025-02-22 09:15:00,10140.007228422899,10146.214601983656,10079.063161000853,10191.193273483554,3395.423112876474,1917.4926740281646,1477.9304388483094
2025-02-22 09:30:00,10175.476859578828,10235.60538986399,10142.164721250028,10098.419321111047,6892.686190924694,4348.670034443826,2544.0161564808677
2025-02-22 09:45:00,10139.335263464554,10239.635259478691,10060.152650048507,10153.228121867325,16595.072671359438,9528.270888921908,7066.801782437529
2025-02-22 10:00:00,10151.322928043042,10168.258350132444,10066.006176963501,10137.825516200997,16303.584210857141,8373.535887475637,7930.048323381505
2025-02-22 10:15:00,10154.65113265229,10159.391813244969,10121.789719999033,10149.439330389012,6571.668683758415,2594.380088102682,3977.288595655733
2025-02-22 10:30:00,10122.582726726296,10201.491466099966,10037.688962469187,10191.598864988428,32499.459238115407,19420.222738434775,13079.236499680632
2025-02-22 10:45:00,10232.106242027327,10257.951110583801,10221.508177741822,10209.676065023532,28324.250050158153,13861.184035793449,14463.066014364704
2025-02-22 11:00:00,10265.561086577529,10350.72867821704,10179.563494218384,10296.953252531202,18137.39064624133,7579.91796671541,10557.47267952592
2025-02-22 11:15:00,10162.64151802437,10234.180078009016,10147.118039236755,10164.550232395879,10344.481828431126,6421.632019244862,3922.849809186264
2025-02-22 11:30:00,10173.132123978625,10269.336742364305,10164.695835187156,10165.399581916905,62862.6286128049,36377.68790723451,26484.940705570392
2025-02-22 11:45:00,10140.487231471276,10181.954445599189,10075.408078529212,10257.101269164372,115313.19186223611,77829.00431173608,37484.187550500035
2025-02-22 12:00:00,10184.72172693033,10252.141512994584,10136.656219502747,10111.323403962733,13581.155911445752,4973.10225637039,8608.053655075362
2025-02-22 12:15:00,10145.38218318423,10192.54347729454,10053.273211967144,10210.775858959345,11942.193530494238,6683.755689169116,5258.4378413251225
2025-02-22 12:30:00,10140.576496157448,10204.521825384143,10103.747017902077,10173.858201107103,35997.60420677832,14316.095543598385,21681.508663179935
2025-02-22 12:45:00,10167.194864467501,10212.906461349821,10137.99953428607,10142.81774415348,15397.656788795497,10184.521311786619,5213.135477008878
2025-02-22 13:00:00,10212.22309277421,10231.486638603947,10161.08692705537,10295.417913720717,19160.43585303361,6510.711613621404,12649.724239412208
2025-02-22 13:15:00,10151.955841651943,10203.5173630455,10105.668386211011,10058.146180394548,46150.04207929717,25957.770615092642,20192.27146420453
2025-02-22 13:30:00,10135.99182835993,10189.569079823632,10101.080629740776,10109.54871548646,3263.788487931473,2011.9111347355006,1251.8773531959723
2025-02-22 13:45:00,10112.935218578541,10194.911060632397,10042.777610456655,10051.82870735565,82314.48098667391,36380.29542501499,45934.18556165892
2025-02-22 14:00:00,10080.911131073291,10155.058319774986,10004.340377610879,10101.68201501306,23686.9732551835,16146.349243801624,7540.624011381877
2025-02-22 14:15:00,10170.90615869765,10238.419781858029,10084.14995965886,10114.3018060887,14596.059228958266,9345.743952731484,5250.315276226782
2025-02-22 14:30:00,10192.518404204382,10204.07540478657,10093.359815722763,10214.588465441173,20146.09688790575,8417.99259053257,11728.10429737318
2025-02-22 14:45:00,10129.279741494172,10202.272981438278,10102.269389845054,10119.837408444882,21214.270161057786,6428.272559592048,14785.997601465737
2025-02-22 15:00:00,10176.779071597273,10227.69402204328,10103.903819938163,10152.387675739723,3900.260780023974,1632.894373657567,2267.366406366407
2025-02-22 15:15:00,10285.780323366525,10377.745437522643,10245.22778735665,10305.768024346426,98217.35672517751,40517.035349054226,57700.321376123284
2025-02-22 15:30:00,10339.907455706545,10435.021259007588,10269.897806407527,10326.01984204594,22955.793696327564,15058.67567962787,7897.118016699695
2025-02-22 15:45:00,10262.390722257393,10268.051107094023,10213.54362142735,10206.530741690716,34303.48153384185,23561.293851852195,10742.187681989653
2025-02-22 16:00:00,10238.5699650457,10322.591925364837,10136.821810625,10381.980231808535,57042.37950094448,18719.939614986062,38322.43988595842
2025-02-22 16:15:00,10304.450614244424,10308.335123223387,10229.341253635694,10279.350663352403,7933.40450714199,3875.6103588941673,4057.7941482478222
2025-02-22 16:30:00,10269.020334007462,10306.725057530384,10171.20880868621,10155.15697032266,35364.78744160989,18366.094062658714,16998.69337895118
2025-02-22 16:45:00,10292.83518970217,10348.65323242664,10206.893150089873,10249.497274568337,16854.263139661336,5682.661977415967,11171.60116224537
2025-02-22 17:00:00,10333.730376442534,10349.03471365802,10240.427020382738,10268.25189839256,51368.004404426516,23166.922915582825,28201.08148884369
2025-02-22 17:15:00,10286.870501625195,10363.642837059917,10203.092253467346,10329.362766463666,2624.8330674429244,1120.3652859439796,1504.4677814989448
2025-02-22 17:30:00,10284.837540528504,10285.6968082796,10237.61376991684,10301.378267270396,19948.42954675825,10261.921830981864,9686.507715776384
2025-02-22 17:45:00,10119.1864841924,10136.247336314013,10093.707541052565,10139.359730167156,12054.331612187265,6804.3852293878745,5249.94638279939
2025-02-22 18:00:00,10068.368554967,10126.845320352213,10031.083354869243,10049.740942168666,33937.06132528021,19730.80533212146,14206.255993158746
2025-02-22 18:15:00,10056.660645655133,10128.504178463993,10054.625556411067,10042.613992475475,35243.77466403283,12501.037693771737,22742.736970261096
2025-02-22 18:30:00,9994.923651617817,10086.541429889896,9942.55093459003,9976.386511314973,10854.924263470099,6786.271572949401,4068.6526905206974
2025-02-22 18:45:00,10077.502275737153,10148.598716891114,10026.605064421114,10073.411153247656,10805.668492349037,6174.540640522538,4631.1278518265
2025-02-22 19:00:00,10006.448761009608,10073.670009474745,9953.88984237938,10048.24236710629,19718.93521354853,12928.324837392405,6790.610376156126
2025-02-22 19:15:00,9985.432992842218,10024.80966377427,9888.171757543272,10002.212285402786,8985.413081097495,4310.6119668332285,4674.801114264266
2025-02-22 19:30:00,9992.95904251118,9993.087394628004,9901.87781725461,10017.947077626359,51122.68930994116,33616.0262397758,17506.663070165363
2025-02-22 19:45:00,10065.971263148946,10078.066459603288,10049.693301353398,10091.113991222379,15226.502887857625,9841.035736072161,5385.467151785464
2025-02-22 20:00:00,9994.711124517184,10048.138307068528,9957.842382098837,10038.909857856655,1203.527107283645,572.1131384172958,631.4139688663491
2025-02-22 20:15:00,10053.838024096127,10121.71448927119,10011.214156519745,10068.323093317538,15141.247835515802,6850.768509735191,8290.47932578061
2025-02-22 20:30:00,10055.357815588444,10097.333734229267,10019.10494065548,10073.399544449549,7796.702595706745,5248.15392208204,2548.5486736247058
2025-02-22 20:45:00,10007.01624794309,10080.135415347046,9927.110627126076,10066.49826479947,4310.133618283005,2526.022311462726,1784.1113068202785
2025-02-22 21:00:00,10031.1383344438,10083.487063203875,9978.571390854786,9997.782496432568,6390.535596498398,4289.954650428123,2100.580946070275
2025-02-22 21:15:00,10042.125424992793,10049.574291589863,9984.674443816348,9999.158053395893,24573.120743399853,15205.59921152044,9367.521531879413
2025-02-22 21:30:00,10012.992371722163,10032.21894428405,9927.580189130946,9953.61925209157,83169.90380442748,45221.05490698861,37948.84889743887
2025-02-22 21:45:00,10017.488309682012,10101.63503349701,9936.754551129192,10026.650032195694,30127.22339959059,10434.296017579321,19692.927382011272
2025-02-22 22:00:00,9999.19068625236,10071.676094096285,9985.970603976359,9906.51157544634,12010.020377507153,5003.281640181931,7006.738737325222
2025-02-22 22:15:00,10005.866013227806,10095.39469878557,9934.432676495506,10028.987273040993,34748.93472650583,23891.177043764867,10857.757682740965
2025-02-22 22:30:00,10039.992553891658,10051.79529294996,9996.27479897294,10034.511064613049,13917.602568502612,5953.516699151307,7964.0858693513055
2025-02-22 22:45:00,10120.61453826928,10220.83114406875,10090.794258549085,10178.03079347781,10997.240215878131,3709.3905464955023,7287.849669382629
2025-02-22 23:00:00,10058.989332057496,10080.05353107433,10053.957944198924,10025.195286767535,6944.028299821571,4048.5167008014637,2895.511599020107
2025-02-22 23:15:00,10167.276030793651,10168.473723331801,10117.736023034502,10156.940065143914,3820.632230407043,2267.933793988311,1552.698436418732
2025-02-22 23:30:00,10069.055680926282,10169.486752033916,10033.266563633693,10125.553320167543,14914.307907731672,6177.254106320184,8737.053801411488
2025-02-22 23:45:00,10062.420923627134,10090.703761087016,10037.112622897086,10132.00938898891,25798.03202552939,10811.150110170282,14986.881915359107
2025-02-23 00:00:00,10093.026642560799,10160.45002388038,10022.91323981424,10058.702662818128,19997.775672679632,9750.059397282961,10247.716275396671
2025-02-23 00:15:00,10108.216237262017,10126.075667631958,10030.434990398024,10117.40365729635,14530.905472257358,4485.916909411248,10044.98856284611
2025-02-23 00:30:00,10077.755151899813,10136.229162696305,10053.085863534516,10092.590563745674,8554.852452989975,5267.4724924528455,3287.3799605371296
2025-02-23 00:45:00,10068.275902011188,10159.29663869814,10063.297397659839,10087.086129908788,40467.1653301754,17272.823350639363,23194.341979536035
2025-02-23 01:00:00,10044.464382450917,10076.624865772583,9959.21171974755,10031.277223162446,5900.9467318912775,3785.4882541945544,2115.458477696723
2025-02-23 01:15:00,10015.869562342172,10083.001326319187,10014.872007654401,10080.040407216959,47859.643558287265,29723.335422212356,18136.30813607491
2025-02-23 01:30:00,10059.41866821668,10078.320676906516,9965.150599060953,9964.372075713996,8085.1391364640185,4564.552726101424,3520.5864103625945
2025-02-23 01:45:00,10078.381451305297,10141.350714878376,10015.127526341117,10057.159895570281,10379.258955976535,4462.561836357751,5916.697119618783
2025-02-23 02:00:00,10044.472253388894,10078.266915623633,10012.144457417633,10066.968392472783,5080.753261405124,2573.5368002525247,2507.2164611525995
2025-02-23 02:15:00,10090.656730553941,10111.969030914634,10065.785490781907,10113.725223684305,13341.007656876465,6376.090509709757,6964.917147166709
2025-02-23 02:30:00,10107.170066120143,10138.823908601322,10106.25984831735,10175.53289402466,58414.09301642223,25442.419114890938,32971.67390153129
2025-02-23 02:45:00,10149.259461503816,10167.410505570399,10125.360856433703,10210.064963548628,36887.50255234805,23580.50258026841,13306.99997207964
2025-02-23 03:00:00,10182.225719855613,10274.060853759402,10168.201913315015,10167.688473449149,58596.02333166467,28911.443728690523,29684.579602974147
2025-02-23 03:15:00,10141.038870818385,10181.3177473496,10078.958856420832,10206.9490948569,37128.58904087237,23505.710185442676,13622.878855429695
2025-02-23 03:30:00,10113.648886188803,10138.455573884396,10096.80505012299,10077.541048755567,7305.115765332967,2498.987983302978,4806.127782029989
2025-02-23 03:45:00,10152.449576762976,10197.97395672037,10098.780699059347,10199.703512840171,15822.856311253021,5639.422879915084,10183.433431337937
2025-02-23 04:00:00,10184.448588435496,10217.093429551245,10124.348484789909,10276.644453933923,10095.053908812813,6974.956639160998,3120.0972696518156
2025-02-23 04:15:00,10184.402677248618,10260.217331663936,10154.048910542857,10246.270077321424,83330.91635694847,44590.98874495664,38739.92761199183
2025-02-23 04:30:00,10191.395664099766,10290.376528088536,10187.822056405854,10196.785403239954,6655.583154912936,3353.8007272041755,3301.7824277087607
2025-02-23 04:45:00,10257.52074606173,10302.452139272224,10253.699421529014,10240.504607888952,53836.00118630343,27416.65253031032,26419.34865599311
2025-02-23 05:00:00,10228.206219167534,10316.274490932603,10225.511359697492,10150.03248415271,53795.97181979745,20771.02870656086,33024.943113236586
2025-02-23 05:15:00,10257.20816397232,10315.249917350382,10181.394608272856,10273.134512518573,137258.35086579717,80636.75280748954,56621.59805830763
2025-02-23 05:30:00,10247.864224162517,10263.977521633331,10215.275021393489,10190.721250499053,14622.451600384788,4882.615706970943,9739.835893413845
2025-02-23 05:45:00,10237.735173510808,10308.439300893133,10156.212069285264,10197.135660295753,44905.79632876075,23769.962055049513,21135.834273711236
2025-02-23 06:00:00,10295.003879155302,10347.861980551326,10250.556968193094,10233.710215966941,215701.72650456545,113956.84389477446,101744.88260979099
2025-02-23 06:15:00,10338.521702116966,10405.784798718774,10291.688395152483,10314.722821503672,11876.99153517084,7906.220730545204,3970.7708046256366
2025-02-23 06:30:00,10381.607989420547,10473.971848924957,10328.362528182064,10380.15615193606,4745.53641187285,2422.468797423532,2323.067614449318
2025-02-23 06:45:00,10450.410996291354,10496.438219094664,10375.896278567314,10464.707920430152,3360.9870210769845,1192.5624832203107,2168.424537856674
2025-02-23 07:00:00,10452.553531278798,10546.749604757497,10423.965497818366,10421.169392516036,44923.30713253617,23768.980370307378,21154.32676222879
2025-02-23 07:15:00,10489.239536323303,10567.979007356262,10476.485947984864,10545.319400966635,3350.4494900124337,1127.530310798876,2222.919179213558
2025-02-23 07:30:00,10474.0161486266,10525.192707466047,10415.774613543024,10463.112422454522,15179.193904390671,5791.128628331988,9388.065276058684
2025-02-23 07:45:00,10492.040168295489,10555.330477072772,10457.733544723522,10450.716091239043,34108.8850177956,10657.097153784676,23451.78786401092
2025-02-23 08:00:00,10486.262041542066,10520.40333225583,10439.861242879773,10498.126841603513,26507.302414625603,13394.602011483874,13112.70040314173
2025-02-23 08:15:00,10492.39629327565,10595.5992198942,10424.516080830597,10595.40816563728,33706.462521900845,11251.656928278675,22454.80559362217
2025-02-23 08:30:00,10524.668649743033,10594.905148384292,10472.663552774828,10542.305919279244,27509.58740487434,13418.014494888008,14091.572909986331
2025-02-23 08:45:00,10482.663608741013,10487.259926791256,10417.641866908054,10463.645141339532,79131.4611260041,53269.559855981635,25861.901270022463
2025-02-23 09:00:00,10593.380834852991,10627.981137218932,10535.731656125816,10512.475935573559,8498.82858337982,4996.500123086965,3502.328460292855
2025-02-23 09:15:00,10541.154546692936,10606.859084467322,10463.171467796325,10529.59025076886,11192.563477619402,3704.343074355975,7488.220403263427
2025-02-23 09:30:00,10478.213913066455,10484.1166344185,10404.244364171964,10490.522048810799,10171.455082116103,3963.6525381756046,6207.802543940498
2025-02-23 09:45:00,10539.93640179567,10542.45378037079,10483.63312693422,10519.511012073746,50523.39684650907,28771.304566294963,21752.09228021411
2025-02-23 10:00:00,10582.710767666067,10630.335531319683,10510.864424575537,10494.589347948973,54197.962170739505,35655.795698373426,18542.16647236608
2025-02-23 10:15:00,10616.793436283991,10652.114465444763,10524.049417767885,10571.64205106194,34586.72854214046,10831.437052400444,23755.291489740015
2025-02-23 10:30:00,10651.210188019999,10697.894294012778,10605.16806457522,10728.673162387373,71933.23433528574,44956.865358195966,26976.368977089776
2025-02-23 10:45:00,10651.623094280214,10679.60419554252,10607.657127498644,10727.995285322995,6781.53755076715,3558.4460356527215,3223.091515114428
2025-02-23 11:00:00,10604.90217966583,10622.370335601683,10523.854679162056,10557.888571375457,116683.93073181491,60493.21216919617,56190.718562618735
2025-02-23 11:15:00,10609.982169505884,10683.100156803832,10548.173311267956,10645.671857088882,101036.65206353167,69020.69053414545,32015.961529386215
2025-02-23 11:30:00,10575.119799297756,10629.53631129566,10567.610747223593,10512.802057342073,45964.378600970245,27535.321593240595,18429.05700772965
2025-02-23 11:45:00,10627.737351275446,10649.009215144546,10532.926029368627,10702.360874291257,130848.9533105371,83749.55162303346,47099.40168750363
2025-02-23 12:00:00,10620.985688879719,10654.929236105967,10617.716219996466,10634.008921034143,4202.255955469576,1855.708782772441,2346.5471726971355
2025-02-23 12:15:00,10578.209817881889,10640.812500073333,10499.04288105264,10628.437353002557,13037.066698434772,6802.032399727949,6235.0342987068225
2025-02-23 12:30:00,10562.269204536167,10569.898262745388,10482.123324475486,10471.692816316912,10558.605982549992,5766.712221718633,4791.893760831359
2025-02-23 12:45:00,10585.13289737202,10600.740994364018,10484.244822335342,10620.997291272344,45318.894595931175,19425.19985759166,25893.694738339516
2025-02-23 13:00:00,10556.355914117048,10564.08798077807,10550.641293294098,10555.950863379243,7706.8071318085795,4069.959066040609,3636.8480657679706
2025-02-23 13:15:00,10514.013294031232,10599.420446382515,10451.259684342014,10558.799261910566,46980.84053255184,18541.559617568342,28439.280914983497
2025-02-23 13:30:00,10527.875348266693,10607.0880544481,10482.832826301763,10576.03341895928,86728.35390781966,30992.40054921686,55735.9533586028
2025-02-23 13:45:00,10541.823023427143,10621.235939518445,10506.968282468722,10545.290476197613,44143.585208456025,19846.430764871737,24297.154443584288
2025-02-23 14:00:00,10516.156679541004,10591.486574996203,10506.658638229248,10484.56458642878,29253.39819917613,17426.71301744908,11826.685181727047
2025-02-23 14:15:00,10492.440732089219,10562.675600937026,10433.404582056048,10533.345311991992,8201.945482694893,5466.3904609875635,2735.5550217073296
2025-02-23 14:30:00,10505.663827235478,10555.774994348201,10455.337419000552,10502.504012493248,9444.133498203768,4562.325092002338,4881.8084062014295
2025-02-23 14:45:00,10430.648957191928,10497.642737756054,10419.743248693101,10385.130389865099,76850.62681651092,42815.74939554062,34034.877420970304
2025-02-23 15:00:00,10358.288219335216,10362.261819745574,10294.844790876916,10310.6322092397,48018.85397460235,16384.746170882834,31634.10780371952
2025-02-23 15:15:00,10322.114786590908,10386.263057655366,10245.94241844717,10245.877483271688,21183.555604288442,14018.97000982932,7164.585594459122
2025-02-23 15:30:00,10312.130868065364,10392.346635053831,10233.008125538443,10285.819921974207,14502.704876725766,7649.331103444732,6853.373773281033
2025-02-23 15:45:00,10329.19267867376,10380.875657801718,10235.674937597083,10386.142271719476,2905.01004435295,1778.2591922434292,1126.7508521095208
2025-02-23 16:00:00,10406.421791114384,10443.626136029974,10363.810538602233,10415.674650628205,7548.82787099258,4663.488313049867,2885.3395579427124
2025-02-23 16:15:00,10452.088272254738,10481.08515946697,10352.472265179531,10424.40237812425,148957.91377451963,59969.29578498939,88988.61798953025
2025-02-23 16:30:00,10444.7750229154,10511.914250897516,10354.382868572358,10486.807718916143,6121.389725130911,3132.13014174293,2989.259583387981
2025-02-23 16:45:00,10444.826400351028,10517.188282847474,10413.857325983265,10401.351031369772,26621.643283938898,18214.312716182707,8407.330567756191
2025-02-23 17:00:00,10393.514657116582,10484.038802267032,10376.959551283366,10398.469779485771,60321.50624017159,20259.208173949275,40062.29806622231
2025-02-23 17:15:00,10393.591925830864,10429.172733384896,10348.339328708978,10384.256901872894,6279.699022735306,3599.6488176748717,2680.0502050604346
2025-02-23 17:30:00,10379.63028452944,10459.529804068754,10337.914684525309,10420.065723714246,26494.97774034692,18146.55945325501,8348.41828709191
2025-02-23 17:45:00,10397.416744269218,10455.783248728412,10337.55680881672,10315.421240902544,56269.928260484725,23646.359400922935,32623.56885956179
2025-02-23 18:00:00,10355.451161624302,10446.87286325347,10295.038885251963,10311.430255451769,22303.509503564936,14376.377611816735,7927.1318917482
2025-02-23 18:15:00,10383.377044061386,10438.181765349931,10305.503067691827,10298.32443221551,387861.2903799942,261210.23524802632,126651.05513196788
2025-02-23 18:30:00,10463.990411984843,10518.15514759798,10410.635576692934,10450.40832394487,4152.229679530733,2486.4983165861418,1665.7313629445912
2025-02-23 18:45:00,10459.346485272748,10519.788651479634,10448.38272206174,10522.700185284151,63495.7675487552,24924.077762901947,38571.68978585325
2025-02-23 19:00:00,10481.400630364418,10559.939374721736,10391.439676909391,10454.911656855025,18530.96253479456,8035.030683306391,10495.931851488167
2025-02-23 19:15:00,10518.617148776271,10620.089246914933,10486.03419820852,10491.758704626725,47663.45090833525,14981.753091117229,32681.697817218024
2025-02-23 19:30:00,10498.567587811056,10506.290686273258,10396.595267462075,10544.32687673727,34245.38710997058,21662.991281218867,12582.395828751713
2025-02-23 19:45:00,10511.380694900872,10516.997409381,10498.991970190118,10567.54035090233,10581.302451476802,6770.387907695762,3810.9145437810403
2025-02-23 20:00:00,10513.093650562763,10611.659195555565,10412.351807418345,10508.437870938129,27694.701504680797,15317.499720783346,12377.201783897452
2025-02-23 20:15:00,10519.279349785147,10575.018447039829,10509.705563577889,10555.292883908638,3436.1211743862627,1515.367718031323,1920.7534563549398
2025-02-23 20:30:00,10479.673748437663,10544.113578233584,10455.46191493982,10423.243087286166,40265.38720386224,13316.74646893786,26948.640734924382
2025-02-23 20:45:00,10482.006008961262,10532.573679869069,10477.12349663278,10554.225685203264,29677.915608484916,17843.04676069829,11834.868847786627
2025-02-23 21:00:00,10509.154314968595,10518.996921190583,10435.052886293173,10622.05974507124,41716.84022718745,24638.40292403296,17078.437303154493
2025-02-23 21:15:00,10586.456690937583,10667.770140331566,10496.44018344682,10614.045832937843,63457.03394574201,42201.52986410468,21255.50408163733
2025-02-23 21:30:00,10638.291731882831,10717.78366951988,10592.113983875508,10527.423092613666,31812.66755423298,18839.869195056104,12972.798359176875
2025-02-23 21:45:00,10753.886476730922,10787.40669806846,10654.034266869474,10723.870752382414,25542.255031555145,16129.371532729005,9412.88349882614
2025-02-23 22:00:00,10713.702022481124,10746.51158269079,10650.459138891758,10746.530161922106,9126.44628920761,5461.099788557178,3665.346500650432
2025-02-23 22:15:00,10761.502309532803,10851.666629089174,10693.704077101505,10738.82335829563,10805.16172407495,5967.41934402916,4837.742380045789
2025-02-23 22:30:00,10772.443636854694,10780.238281662052,10681.371329856333,10840.96707295743,72166.74478140708,33975.133354350204,38191.61142705687
2025-02-23 22:45:00,10891.468524587912,10987.433814489692,10859.142623673779,10923.498006253467,92626.94913834849,61212.23436727738,31414.714771071107
2025-02-23 23:00:00,10848.53989477325,10876.383940596206,10810.107236661515,10810.218756499562,17359.402400507883,9727.990876082653,7631.41152442523
2025-02-23 23:15:00,10804.075969235675,10868.14249186916,10706.196235641137,10805.818926569204,23063.41205850762,10593.996792031978,12469.415266475642
2025-02-23 23:30:00,10772.776958448707,10873.609523696632,10675.718170543409,10724.631628828723,8914.064818384279,2971.8397285540104,5942.225089830268
2025-02-23 23:45:00,10659.45296153959,10731.737110612505,10555.365239332921,10649.72168692496,71165.03143805086,29624.717515267017,41540.31392278385
2025-02-24 00:00:00,10632.497602221247,10676.561842094696,10536.609664849673,10603.014045725711,42848.110342349355,22173.498354740095,20674.61198760926
2025-02-24 00:15:00,10593.20347096278,10666.247232714024,10579.710692020659,10655.425924861696,153463.40849679938,62958.999903024494,90504.40859377489
2025-02-24 00:30:00,10602.22855121443,10638.698058426327,10514.895419766328,10714.400768432668,9151.53517440918,3555.3177796400873,5596.2173947690935
2025-02-24 00:45:00,10621.405648889215,10650.854389985347,10577.875041623962,10545.399489652942,15093.086963435342,7711.924557862458,7381.162405572884
2025-02-24 01:00:00,10722.105647203747,10828.971081231915,10615.870879065296,10619.001006187927,27762.62366341466,10214.65044042207,17547.973222992587
2025-02-24 01:15:00,10774.130581781727,10855.021701684298,10723.246413972043,10760.922983341334,42044.73871042597,26074.63440260758,15970.10430781839
2025-02-24 01:30:00,10744.129818243835,10813.39936957789,10684.62495055952,10662.559541312461,17753.400649707968,8765.692936010228,8987.70771369774
2025-02-24 01:45:00,10696.940811927752,10734.945934773832,10640.271102806293,10699.412425874214,9200.73737743307,4872.205482796153,4328.531894636917
2025-02-24 02:00:00,10724.320657318234,10729.592822274619,10689.8165465629,10764.479812499736,53178.39739839849,19088.56160918607,34089.83578921242
2025-02-24 02:15:00,10654.600068111322,10657.909054046517,10646.606764577038,10734.197489913258,45303.30933454661,19472.745654640323,25830.56367990629
2025-02-24 02:30:00,10753.23283157521,10812.825232282565,10656.921369411222,10764.061044479598,8810.732850737317,4088.4961128441955,4722.236737893121
2025-02-24 02:45:00,10817.722126003453,10900.15670827468,10730.89088703172,10807.27462825541,85429.16235952503,53246.72675555575,32182.43560396928
2025-02-24 03:00:00,10793.426839052278,10851.428468821126,10778.367118071685,10686.659074769696,70983.2142598395,43162.32365454392,27820.89060529558
2025-02-24 03:15:00,10702.053220710199,10792.03448658091,10618.923066908723,10703.454395011093,25192.371193425606,9804.643883077268,15387.727310348339
2025-02-24 03:30:00,10775.569497044107,10779.17139634802,10708.13095459889,10779.41030119563,23851.392071144717,13034.109165922062,10817.282905222655
2025-02-24 03:45:00,10770.47589368031,10809.976837661337,10726.409160632153,10804.885238503217,38332.66834924876,15232.733232770639,23099.93511647812
2025-02-24 04:00:00,10838.21229501425,10863.906487298327,10810.680943601037,10799.818572749931,9304.904723497857,6469.689667835551,2835.2150556623064
2025-02-24 04:15:00,10752.892388968472,10800.987169919352,10660.44667804149,10729.502019999087,22697.98604761173,15453.913614848507,7244.0724327632215
2025-02-24 04:30:00,10721.74260259508,10729.502613178398,10646.670219699981,10642.508803857949,2559.6260571818993,1344.586639448914,1215.0394177329854
2025-02-24 04:45:00,10723.095884848657,10825.408335642003,10664.3612091567,10600.247122506247,52915.71509682492,30667.88627896294,22247.82881786198
2025-02-24 05:00:00,10726.687081495475,10750.634989760722,10661.300572316926,10667.23457437685,4621.648679990133,2868.066471212469,1753.5822087776642
2025-02-24 05:15:00,10703.621192809907,10802.341523329502,10693.873813645076,10619.580329484632,99053.93992110026,58283.27564926453,40770.66427183573
2025-02-24 05:30:00,10738.025303608263,10783.757818362437,10687.13567976282,10756.103429349576,15833.447407827285,9182.314532245033,6651.132875582252
2025-02-24 05:45:00,10681.778430211827,10787.049934502415,10661.087794117786,10654.105464259517,17824.56815514748,12181.6949445787,5642.873210568781
2025-02-24 06:00:00,10675.242277494823,10734.389352287972,10652.996814893873,10646.513218663364,11757.729039462987,6332.506424596563,5425.222614866424
2025-02-24 06:15:00,10682.730726789816,10782.169095186184,10612.085405213118,10630.149629308673,16513.956090992855,9157.336580498386,7356.619510494469
2025-02-24 06:30:00,10711.277057560763,10711.850002559579,10613.669886433727,10538.152537789092,90992.40724483895,58208.525373526274,32783.881871312675
2025-02-24 06:45:00,10750.45970585398,10830.898817216019,10707.054014134785,10831.534875495565,1830.2197918598763,1039.484947454221,790.7348444056554
2025-02-24 07:00:00,10691.082654365513,10787.628546099491,10668.872007873935,10637.612780186853,78981.22034895922,46849.53127289032,32131.6890760689
2025-02-24 07:15:00,10610.14505562811,10624.969610457123,10541.312064543357,10588.26587180331,30884.925041322167,12158.390440479927,18726.534600842242
2025-02-24 07:30:00,10678.987752206458,10689.253020139638,10585.953794227898,10601.30387413693,6587.823844803658,2954.683591629967,3633.1402531736912
2025-02-24 07:45:00,10697.799537300762,10743.219463707806,10617.745892056744,10749.787117192502,7515.235258981454,2697.37228449021,4817.862974491243
2025-02-24 08:00:00,10658.83352263224,10758.352802872883,10566.234135713514,10666.477448443284,117758.71562759423,59150.93024754576,58607.785380048466
2025-02-24 08:15:00,10742.566759361485,10800.832997683747,10684.927015627678,10698.180338138549,8556.89885377054,4126.914965136213,4429.983888634328
2025-02-24 08:30:00,10749.8542284437,10806.555029412291,10669.028628195716,10728.772172713565,6951.060309247636,4857.853636852532,2093.206672395104
2025-02-24 08:45:00,10814.315577970046,10829.577401765875,10799.168554508078,10905.057414342404,68686.9526465189,37398.909711189175,31288.042935329722
2025-02-24 09:00:00,10819.047840354415,10819.133257937294,10781.367843102462,10815.10054148238,30901.279700560604,18991.244490403704,11910.0352101569
2025-02-24 09:15:00,10931.606397069496,11020.167723054652,10889.022415685304,10921.673199557676,8622.017831663965,3738.5575284231345,4883.46030324083
2025-02-24 09:30:00,11028.64303362065,11038.301319560656,10972.254050921088,10976.732231775204,27354.189453451323,17304.75624910892,10049.433204342404
2025-02-24 09:45:00,11016.017214315287,11085.842219460077,10913.670002535262,10911.663521477687,7897.071838247082,4312.069618265738,3585.002219981344
2025-02-24 10:00:00,11070.633027639928,11171.886858929714,10973.84286388445,11061.774380512792,66225.5353837617,38331.13674252169,27894.39864124001
2025-02-24 10:15:00,11107.463692456302,11130.639627953991,11092.521322243183,11125.540262794206,63663.77286039501,26596.961526311887,37066.81133408312
2025-02-24 10:30:00,11184.58456549375,11258.992568453927,11165.258760758532,11246.076542634628,37496.624659293804,19477.822536623207,18018.802122670597
2025-02-24 10:45:00,11131.741683729864,11140.502205997716,11091.930061593355,11006.593270735804,31623.666566855944,17507.32950537297,14116.337061482973
2025-02-24 11:00:00,11171.03959607048,11238.48532225189,11138.560483688685,11108.197117977641,128179.65645359801,68657.87820200462,59521.778251593394
2025-02-24 11:15:00,11231.275209290323,11249.686832025902,11162.228591634566,11198.662894223407,22019.55777923698,14666.731656934124,7352.826122302857
2025-02-24 11:30:00,11133.633900843932,11215.572275951916,11033.12212074132,11133.44012837554,6755.59192730219,4454.023002495505,2301.5689248066847
2025-02-24 11:45:00,11068.877428783628,11102.220351581504,10962.362557528337,11060.850628010767,34526.20613657275,23767.62013600491,10758.58600056784
2025-02-24 12:00:00,10957.124261404217,11007.898590055116,10885.508173718725,10950.457471152804,177379.5470796696,100569.09508942359,76810.45199024602
2025-02-24 12:15:00,10943.460353020953,11009.058796731644,10851.736733120428,10965.790268206874,7984.364787894914,5499.356219341687,2485.0085685532267
2025-02-24 12:30:00,10983.816675195856,11002.629032636793,10926.12942834841,10934.208645532031,15344.88132609856,9713.174844660574,5631.706481437986
2025-02-24 12:45:00,11067.423129067929,11149.503324539532,11044.36670436706,11119.11582208592,33404.50459890082,13640.156770676775,19764.347828224047
2025-02-24 13:00:00,11072.630062813641,11106.140308153193,11014.53325596008,11096.627355497449,20870.566647455766,9829.499845784818,11041.066801670948
2025-02-24 13:15:00,11163.902613073213,11237.849162450275,11101.9337320266,11146.04973182699,8247.755812715472,3260.8078041233784,4986.948008592093
2025-02-24 13:30:00,11087.982411956162,11105.532808778817,11005.658847819925,11176.736610242284,67633.44283751541,20403.580226100177,47229.86261141523
2025-02-24 13:45:00,10994.655837555332,11070.312005942513,10970.480459591681,11080.21713081115,224143.26942205985,84102.92576305394,140040.3436590059
2025-02-24 14:00:00,10992.701663979406,11006.792996392263,10952.214402479149,11043.976865596194,26799.311048524567,8083.321680533911,18715.989367990656
2025-02-24 14:15:00,11014.910518643965,11061.763156093342,10974.813218646696,10848.66485502771,8918.933987137998,5243.756883416602,3675.1771037213957
2025-02-24 14:30:00,11014.211361072399,11041.439160531407,10908.536656115648,11101.165535966018,4679.9348830960325,2200.5695864724953,2479.3652966235372
2025-02-24 14:45:00,10901.456560875413,10983.04036360417,10853.060093871201,10944.77668842098,28509.02495512904,12117.187764380835,16391.837190748207
2025-02-24 15:00:00,10897.68901533424,10926.244775236715,10815.401223004537,11007.01510219162,66428.2265191763,40168.37511497687,26259.851404199428
2025-02-24 15:15:00,10827.70026950332,10923.169976664152,10746.404663538779,10894.694747970392,35424.811608101474,22423.718345285226,13001.093262816248
2025-02-24 15:30:00,10865.0381077175,10961.934713539156,10836.186630845801,10950.781874407727,21973.581263497483,15164.40384655914,6809.1774169383425
2025-02-24 15:45:00,10886.040131098594,10907.424811507804,10823.786167216,10933.865490900835,12218.76725341157,6803.476001893557,5415.291251518013
2025-02-24 16:00:00,10835.970889749864,10902.487057658811,10739.064488563665,10909.042890948496,7389.655289219968,3581.1125506074604,3808.5427386125075
2025-02-24 16:15:00,10809.21325205151,10818.69483900469,10757.848117186522,10916.987795874395,50754.284973994465,21423.67403466682,29330.610939327646
2025-02-24 16:30:00,10753.047849188943,10795.150020856432,10651.418911393337,10764.69096650769,54927.62131054202,21362.850555625355,33564.770754916666
2025-02-24 16:45:00,10750.75319731325,10827.440655954739,10727.697322367281,10666.239884569943,4695.078978390383,1808.4053551429756,2886.6736232474072
2025-02-24 17:00:00,10803.170769413071,10874.409388863474,10795.159234575232,10786.563006374166,107994.86710600615,50074.60098942361,57920.266116582534
2025-02-24 17:15:00,10751.006252437906,10818.167860464831,10655.165990798514,10771.967790323317,39107.565601246744,27246.809661111674,11860.75594013507
2025-02-24 17:30:00,10779.17638926241,10809.631967328329,10687.80333771545,10783.212521668944,89285.52370400411,26816.146240314556,62469.377463689554
2025-02-24 17:45:00,10751.675604900402,10792.319621169177,10644.955561352912,10684.662455492637,5755.275845826121,2180.572488543055,3574.7033572830665
2025-02-24 18:00:00,10710.127215018774,10721.15287807913,10637.36330815138,10622.78250620809,5620.4996497456805,2109.6949715692363,3510.804678176444
2025-02-24 18:15:00,10705.466683885363,10782.441432376414,10605.189869964035,10665.794222603314,18977.905066569045,11137.141727098184,7840.763339470861
2025-02-24 18:30:00,10651.123469591708,10704.793287487386,10563.044107899415,10694.14013830201,36416.761445005795,16059.569328680325,20357.19211632547
2025-02-24 18:45:00,10622.703646388134,10697.993719059661,10533.002739508725,10706.641051618402,132768.30533944996,64114.38845135874,68653.91688809122
2025-02-24 19:00:00,10560.142407465117,10586.43119819783,10500.040247125062,10608.537830102932,44626.31175924798,16040.912240293246,28585.399518954735
2025-02-24 19:15:00,10664.937307681479,10699.53844136756,10624.158363026894,10721.324286304,17280.236406358123,7983.448752174903,9296.78765418322
2025-02-24 19:30:00,10667.88421926737,10703.537924489314,10568.186646126636,10663.573563379257,7892.2046042643115,2693.4509935522733,5198.753610712038
2025-02-24 19:45:00,10631.628054166631,10634.364891423134,10585.68696329698,10539.02219051654,75357.63851601731,38674.84491564407,36682.79360037324
2025-02-24 20:00:00,10644.065991081998,10680.367351727271,10586.713702059213,10619.839001564927,8394.185764261661,2847.100862267229,5547.084901994433
2025-02-24 20:15:00,10639.152261813311,10724.617058516003,10591.689481416528,10625.387091924067,112248.28810714188,69167.77144055648,43080.516666585405
2025-02-24 20:30:00,10628.461530966164,10723.830556404862,10568.430033747052,10602.047014790143,16574.412183674413,8728.759819299898,7845.652364374515
2025-02-24 20:45:00,10662.16261284432,10717.415892346966,10611.996596220468,10665.078440587879,108075.14731518952,63719.7180383718,44355.42927681772
2025-02-24 21:00:00,10703.612181030645,10752.36731596493,10698.477919587589,10727.236110625334,43431.1102817476,20299.98562189677,23131.12465985083
2025-02-24 21:15:00,10676.291149520674,10679.582075558748,10582.121117103427,10721.826342043927,19206.50899185738,8692.799079146069,10513.70991271131
2025-02-24 21:30:00,10646.62076270399,10740.22631425595,10599.30783811113,10631.815579091573,13103.093523904157,4445.664160405641,8657.429363498515
2025-02-24 21:45:00,10633.0435692317,10634.426950893725,10570.42093448769,10531.829785703932,15663.557621736036,7981.244281074715,7682.313340661321
2025-02-24 22:00:00,10511.724733400773,10611.034261251056,10497.093694712385,10486.34534507537,33803.40081963638,17097.78940638488,16705.6114132515
2025-02-24 22:15:00,10433.139549052412,10484.18016297468,10432.786090144673,10435.419732410222,23793.23311225732,11593.034359242673,12200.198753014647
2025-02-24 22:30:00,10505.486812898604,10541.408696029848,10479.717894457524,10569.717775402007,12163.422748379848,7251.921993542574,4911.500754837274
2025-02-24 22:45:00,10592.94329468905,10690.845229410994,10518.306895842865,10562.86951331637,18664.31310953765,11814.543047769956,6849.770061767693
2025-02-24 23:00:00,10580.812465791745,10583.393231031268,10570.316878584179,10607.928105854897,23827.0562147381,14303.759980598648,9523.29623413945
2025-02-24 23:15:00,10612.37275254802,10674.07572966764,10515.918229473116,10627.765357157696,2620.8812773170853,937.0863959030344,1683.794881414051
2025-02-24 23:30:00,10629.949503119795,10688.300753280277,10607.092712576921,10632.282805371102,34827.69263869047,19114.266748507893,15713.425890182574
2025-02-24 23:45:00,10794.654235670127,10818.32911464918,10772.56906241907,10844.878162854522,8269.081975642464,2746.403930886717,5522.678044755748
2025-02-25 00:00:00,10856.16082139303,10902.721530683151,10836.456025175768,10820.289829846291,6951.186175948617,4016.735389569403,2934.450786379214
2025-02-25 00:15:00,10850.302967750167,10921.07558854465,10848.785909532693,10819.098231542284,4075.120732686862,1844.9523873847259,2230.168345302136
2025-02-25 00:30:00,10799.548481654681,10878.075367787182,10716.196975902312,10798.905864074792,3663.255464158969,1293.1276494628246,2370.1278146961445
2025-02-25 00:45:00,10713.88396190886,10713.960765318852,10620.13377760461,10679.591685037882,5679.125263142829,3662.01549892967,2017.109764213159
2025-02-25 01:00:00,10725.854779230796,10826.340317636603,10659.980579639985,10753.099109530376,10839.79152035926,5914.226410885437,4925.565109473823
2025-02-25 01:15:00,10686.364823428306,10703.946604949308,10666.25308678837,10648.257657659717,155322.54007449726,68635.47524213101,86687.06483236625
2025-02-25 01:30:00,10611.439849849474,10636.226097127997,10581.167746799238,10623.44691729075,13018.4169728593,4065.532786693854,8952.884186165447
2025-02-25 01:45:00,10578.195647486042,10606.06638405071,10527.851190300158,10572.897411752157,26311.20324258176,13548.272744361822,12762.930498219937
2025-02-25 02:00:00,10522.049335128884,10526.0287885555,10421.632583271276,10533.356643152787,32875.4476627863,22003.219918477505,10872.227744308791
2025-02-25 02:15:00,10611.862477660314,10624.92059979156,10585.61389024641,10587.468915361831,25111.098186366435,13523.630470053087,11587.467716313347
2025-02-25 02:30:00,10659.702863186007,10764.844834163117,10581.711583817476,10641.629960865805,20385.039221198746,14038.366040147559,6346.6731810511865
2025-02-25 02:45:00,10660.343903534977,10693.947091780898,10613.497211653978,10665.461362608852,6665.539912113824,2363.4701235878692,4302.069788525955
2025-02-25 03:00:00,10740.293505318272,10752.677180835519,10708.303825906598,10751.145202848846,93988.48448595904,49562.19954838897,44426.28493757007
2025-02-25 03:15:00,10745.52232632953,10757.01909618627,10696.531777527525,10745.296567451285,134214.78161786764,83112.50609413353,51102.27552373412
2025-02-25 03:30:00,10700.322135488725,10777.306669665295,10692.702787329707,10791.561768350855,4094.2601396164896,2088.9582287621174,2005.3019108543722
2025-02-25 03:45:00,10782.881759097794,10875.028887690736,10696.760244265526,10729.466763851993,7910.698866335086,2661.3690675290723,5249.329798806013
2025-02-25 04:00:00,10813.015063672912,10840.799354525216,10786.706789549908,10809.543880663068,16650.402305730106,8877.23526137487,7773.167044355236
2025-02-25 04:15:00,10758.017573721936,10760.26702273354,10679.977610026926,10673.37193034967,8395.593006622155,4573.0388956573415,3822.554110964814
2025-02-25 04:30:00,10748.855041260396,10772.834663954609,10741.508373890369,10768.852290649065,36532.79222854739,21608.551096392603,14924.241132154788
2025-02-25 04:45:00,10702.87045837895,10708.919259553586,10600.647497162689,10643.188762338965,10633.10788235177,6427.550029522703,4205.557852829066
2025-02-25 05:00:00,10629.941113472825,10640.931934350912,10609.42373418402,10615.149005316607,191962.64365953943,116772.61825365305,75190.02540588638
2025-02-25 05:15:00,10680.230171538582,10726.316231947188,10585.951285978648,10660.361508372798,72442.51243273038,40957.38522366554,31485.12720906484
2025-02-25 05:30:00,10783.263240623672,10808.055943792235,10695.975613568515,10798.407855424151,27243.603283143737,10524.87072368492,16718.73255945882
2025-02-25 05:45:00,10708.935955406274,10764.188269102118,10605.288455998352,10679.336942742666,61511.92044090519,28399.703193298446,33112.21724760674
2025-02-25 06:00:00,10740.150856504732,10767.37646801637,10688.82467859001,10708.18249150988,66562.7522371698,40633.364499540374,25929.387737629426
2025-02-25 06:15:00,10706.284874860221,10806.981477670624,10628.40764840905,10783.148316579787,12532.148628768115,8539.040053693243,3993.1085750748716
2025-02-25 06:30:00,10681.278987705904,10778.045390392403,10641.682348190541,10696.476674104375,9737.919357184366,3228.887477984708,6509.031879199658
2025-02-25 06:45:00,10650.709491727588,10711.07836335363,10631.072966301093,10620.831543552711,23816.718307918563,12246.905971837301,11569.812336081262
2025-02-25 07:00:00,10605.763989219791,10643.353361331147,10558.772401479837,10592.462575600895,52137.31157503711,22158.82188618059,29978.489688856516
2025-02-25 07:15:00,10609.397610290493,10649.834998484783,10591.81263821279,10696.678734783998,25312.6714878204,9875.930087227089,15436.741400593311
2025-02-25 07:30:00,10566.379149154913,10609.89702292641,10462.612590897415,10553.954942824083,4550.550609994076,2285.8520287710867,2264.698581222989
2025-02-25 07:45:00,10581.72453389316,10658.714973527047,10571.539995327112,10545.255857123908,9869.214612395064,5353.414694213503,4515.799918181561
2025-02-25 08:00:00,10580.124677170079,10627.90864598669,10517.78534221629,10543.887953811485,20455.91039135044,6216.73307350131,14239.177317849131
2025-02-25 08:15:00,10568.542189001731,10659.08605484402,10502.33409216036,10539.52485709455,20421.313128990805,12499.531025184078,7921.782103806727
2025-02-25 08:30:00,10521.640918963174,10620.975182273422,10465.026121603567,10490.365461150597,158346.6944502277,99434.25846456479,58912.4359856629
2025-02-25 08:45:00,10492.350178892108,10527.598825717143,10422.871316928024,10425.217612239378,5508.30403761155,3779.8220806135455,1728.481956998004
2025-02-25 09:00:00,10533.028560227129,10592.086670086046,10520.791206013633,10473.822401584366,36519.04710070893,13594.48893104489,22924.558169664037
2025-02-25 09:15:00,10560.462738300932,10570.501148453455,10501.850213861566,10516.672703743146,97646.89204755155,52516.551563647314,45130.340483904234
2025-02-25 09:30:00,10509.901605888133,10530.970705558639,10479.715847262907,10540.98837187232,213512.3051649108,100489.59832258763,113022.70684232317
2025-02-25 09:45:00,10516.172459830459,10559.653232920058,10417.301923587675,10496.126674525061,14699.997119523674,6378.786517217083,8321.21060230659
2025-02-25 10:00:00,10556.732659943811,10578.500929399104,10476.282792812966,10545.79790709807,36005.588903936594,18948.062880290407,17057.526023646187
2025-02-25 10:15:00,10469.671006940323,10561.444006502725,10367.85194016335,10536.158025811688,38939.341073504525,23867.99516892148,15071.345904583046
2025-02-25 10:30:00,10499.161986303445,10515.780716729145,10495.218913705734,10567.144435506569,26781.90445532593,8281.530314061354,18500.374141264576
2025-02-25 10:45:00,10465.426931596347,10513.113781931896,10435.58652749007,10450.664141706404,19953.399299603603,13723.150800726602,6230.248498877001
2025-02-25 11:00:00,10496.331267656646,10559.907466420995,10475.81906559126,10463.222505692596,34063.284744131524,21253.87624840841,12809.408495723113
2025-02-25 11:15:00,10457.323796032699,10529.674245136965,10456.157324719388,10412.125657586746,1750.6701120271148,1051.2099690124494,699.4601430146654
2025-02-25 11:30:00,10363.99834571074,10403.699648852118,10338.883711036779,10399.897980366763,43567.619877353805,26321.593333756675,17246.02654359713
2025-02-25 11:45:00,10280.695509876334,10370.044938811094,10210.91261781643,10270.172846193775,24988.672562283056,11385.446040488916,13603.22652179414
2025-02-25 12:00:00,10284.195312903494,10342.642364400983,10260.429676804692,10264.3213682059,17632.959052938466,10591.205474439003,7041.753578499463
2025-02-25 12:15:00,10298.578917109082,10343.841972725308,10246.15879558525,10256.680972913531,170563.3729869673,77556.54443616755,93006.82855079975
2025-02-25 12:30:00,10253.042894352337,10259.937105404126,10162.014522201145,10213.585780822657,11215.656480884512,7396.5317752796345,3819.124705604878
2025-02-25 12:45:00,10286.805778001044,10334.607481090823,10215.440248165234,10303.26766026879,14719.435037401032,5459.275854521496,9260.159182879535
2025-02-25 13:00:00,10202.375787694778,10286.110342399095,10162.114247015481,10135.272810124301,161385.84057735183,67288.0460922399,94097.79448511192
2025-02-25 13:15:00,10200.025170584671,10262.708509126813,10162.033245063027,10250.76359917499,9584.847021461565,4989.2485080221395,4595.598513439425
2025-02-25 13:30:00,10139.283194503916,10223.658502325845,10093.074849702818,10112.219184376374,12706.700313499905,5434.457681962545,7272.24263153736
2025-02-25 13:45:00,10107.251368356321,10157.18236969281,10089.357344882235,10099.68932784485,19014.831836015706,8931.169501950379,10083.662334065328
2025-02-25 14:00:00,10110.657444920762,10122.634702126277,10046.555799129163,10043.068814189917,51058.86603810981,25374.67746428438,25684.188573825428
2025-02-25 14:15:00,10068.171786678166,10069.54506978836,10031.508255284683,10067.549274725528,27113.919436670527,17421.81411462215,9692.105322048377
2025-02-25 14:30:00,10049.819747452706,10080.292765336968,9964.158566262126,10033.321915985936,6047.345248653618,3079.773250193248,2967.57199846037
2025-02-25 14:45:00,10101.390036156266,10171.896776097465,10024.96770113491,10098.860617844799,12936.802517618942,5756.669348122733,7180.133169496209
2025-02-25 15:00:00,10073.263126246178,10152.868085751446,10011.764528806803,10147.387681138363,11999.803657818087,4789.055228290387,7210.7484295277
2025-02-25 15:15:00,10116.361185245605,10146.280610211401,10079.517172957689,10125.349473311237,20389.573674197345,9449.96369364249,10939.609980554855
2025-02-25 15:30:00,10060.230208488309,10110.09413396656,10039.11058294106,10020.257936839327,33719.907152581145,17072.20156820892,16647.705584372226
2025-02-25 15:45:00,10087.885991485391,10130.367986453293,10009.588676313628,10052.007420680055,33463.33885045058,20025.999370314148,13437.33948013643
2025-02-25 16:00:00,10161.60667955504,10203.32239023079,10112.179700061997,10191.844124725003,3729.346312546725,1299.3770165866595,2429.9692959600657
2025-02-25 16:15:00,10037.0434439131,10060.264014763932,10014.485184941028,10102.218648823198,63827.60063140265,24806.193294691937,39021.40733671072
2025-02-25 16:30:00,9998.054786760466,10011.689244554622,9978.541121818917,10012.147945844685,28355.288812698447,12812.666351352344,15542.622461346104
2025-02-25 16:45:00,10027.902585956459,10047.626322973607,10011.316344376772,10062.434307516969,87950.7297618379,39064.14002265689,48886.58973918101
2025-02-25 17:00:00,10018.724779456219,10024.268379040019,9940.86313811565,10049.268751645033,34344.539802156345,15685.125055517232,18659.414746639115
2025-02-25 17:15:00,10038.318693725856,10058.20768902035,10015.332230297618,10109.543797866894,66258.75974910069,40908.721856572534,25350.037892528155
2025-02-25 17:30:00,10009.007546642513,10009.928465180195,9956.295882742466,9911.440232884139,35120.67654769807,15090.011739488085,20030.664808209985
2025-02-25 17:45:00,10014.34183657857,10077.157637016911,9969.122440440096,10047.750629268743,84645.3755818205,42386.95666815249,42258.41891366801
2025-02-25 18:00:00,10007.548245505279,10039.209667036515,9949.543405128801,10056.772175106316,37132.602490077916,20406.697483773874,16725.90500630404
2025-02-25 18:15:00,10066.98217694131,10164.948481596504,9978.679149456775,9999.597638493733,19971.96368967071,7846.413736416152,12125.549953254558
2025-02-25 18:30:00,10080.795125633782,10100.32334464596,9993.319289031608,10036.153928072477,213722.71305908237,125557.42511941254,88165.28793966983
2025-02-25 18:45:00,10098.81972149759,10133.74432535859,10053.266362197184,10055.86021349481,53585.678665438434,27802.636149119313,25783.04251631912
2025-02-25 19:00:00,10079.0322473282,10115.099173101891,10077.483477961441,10042.304747874077,39094.78734120689,18715.16202506959,20379.6253161373
2025-02-25 19:15:00,10055.46715627081,10056.316993681583,10012.586239447257,10031.24770634932,6146.853374620229,3835.105483374054,2311.747891246175
2025-02-25 19:30:00,10034.724829732455,10118.937038569196,9973.894976316322,10046.89709209208,6073.512501681804,2413.6023508091225,3659.9101508726812
2025-02-25 19:45:00,10055.519395751751,10058.73660489713,9999.433252217977,10099.04343697787,29516.81801668468,19282.463165538138,10234.354851146541
2025-02-25 20:00:00,10035.358859630333,10129.709279971292,9969.994944030941,10089.615878191387,25476.741012769067,13360.499634422367,12116.2413783467
2025-02-25 20:15:00,10050.902368903562,10140.563890990012,10035.41636745852,10008.797979952496,11918.8616272797,6479.926925840289,5438.934701439412
2025-02-25 20:30:00,10156.2057131581,10210.594420594838,10090.54227851816,10113.310826051355,25361.37685867959,16485.49312314562,8875.883735533967
2025-02-25 20:45:00,10201.457942178748,10256.912616128866,10182.824814111893,10268.574447980376,107864.05120625488,67634.32772488777,40229.72348136711
2025-02-25 21:00:00,10185.848511215112,10252.441340047195,10109.401275500999,10218.78668997372,44152.39602009187,23869.881483343677,20282.51453674819
2025-02-25 21:15:00,10248.044011269856,10287.709066838568,10213.294163425931,10252.290024002159,7037.381896253704,4231.402373492925,2805.979522760779
2025-02-25 21:30:00,10228.158943757782,10294.357867623134,10155.54971049705,10252.365757515214,19702.31012061781,9325.651027335964,10376.659093281847
2025-02-25 21:45:00,10124.9504511873,10129.483228359803,10120.104083014892,10123.441642114782,9848.097015914316,5110.6807931017875,4737.416222812529
2025-02-25 22:00:00,10074.928826489624,10080.374086477515,10033.837219199637,10101.354593215481,14947.511103550907,4855.370954125029,10092.140149425879
2025-02-25 22:15:00,9981.695842104737,10027.335191888738,9911.321440510574,9964.92326436883,14565.111640815287,4893.049735237349,9672.061905577939
2025-02-25 22:30:00,9965.150508278453,10019.921197810734,9942.542519867113,9978.543916423727,13661.73881380426,8631.078939152358,5030.659874651903
2025-02-25 22:45:00,9967.064732932993,10055.554091855662,9887.797958365425,9891.786181602449,6278.363447861913,2033.3651711227294,4244.998276739184
2025-02-25 23:00:00,10051.607235467047,10062.12731131762,9988.20373417441,10017.040547495508,19386.753808814796,7129.665800271577,12257.088008543218
2025-02-25 23:15:00,10069.043123968595,10151.87589851618,10009.881275750877,10034.958850296041,12574.074114010982,7774.965768600605,4799.108345410377
2025-02-25 23:30:00,10059.019364915688,10080.148067249387,10023.455817206837,10040.189381945389,1176.7966351929324,353.5784108952514,823.218224297681
2025-02-25 23:45:00,10101.740300864649,10141.549607605304,10053.004306249046,10054.94331943918,171608.67605203012,70867.8160094494,100740.86004258072
2025-02-26 00:00:00,9991.068901586386,10022.700868994092,9931.387321342545,9964.415545948383,65432.19235739824,34915.62962844675,30516.56272895149
2025-02-26 00:15:00,10003.838214897942,10043.86910100378,9956.573869395208,9928.088448544957,15118.875496980972,8136.67600052235,6982.199496458623
2025-02-26 00:30:00,10043.396652145137,10058.511511960187,9973.262275147008,10070.950734783411,22444.90794257266,13710.72257577706,8734.1853667956
2025-02-26 00:45:00,9970.150851056485,10020.357547115298,9926.910612589316,9966.037489902496,6824.9865727080305,3428.671929288221,3396.3146434198097
2025-02-26 01:00:00,10028.164867877986,10108.554908437403,10007.880579729392,9942.664352754296,120057.11631409585,60480.06269458779,59577.053619508064
2025-02-26 01:15:00,10046.140173272466,10090.497298867802,10024.648085574288,10004.206081761504,146867.88127236403,86670.29537934985,60197.585893014184
2025-02-26 01:30:00,10026.284584313227,10075.474897642056,10025.702681932418,10043.15889283435,25762.976689179308,12867.313176267315,12895.663512911993
2025-02-26 01:45:00,10059.00946811853,10144.387079884298,10028.73610301545,10031.698153618076,61299.72551521638,33310.0522884871,27989.673226729275
2025-02-26 02:00:00,10174.21997384456,10246.055879571013,10098.02344567935,10138.765795222873,26246.46989888189,17299.300993045737,8947.168905836152
2025-02-26 02:15:00,10184.489132265868,10234.439408200284,10103.607717491794,10180.690690724192,5786.451762987705,2665.126285197031,3121.3254777906736
2025-02-26 02:30:00,10198.147580496996,10224.427763007847,10177.499641751467,10215.667872357208,14591.240049784534,6625.152958524425,7966.0870912601085
2025-02-26 02:45:00,10175.74424402394,10265.792126529845,10078.154379714639,10102.664467788409,25132.77290254146,7575.510273390543,17557.262629150915
2025-02-26 03:00:00,10133.522823693855,10191.995317796538,10082.61172194967,10161.396521295783,13980.968364789911,7624.807772020847,6356.160592769064
2025-02-26 03:15:00,10176.60731071763,10199.112634575633,10083.289984307286,10135.88595841601,17700.47443721224,5520.933085566468,12179.541351645772
2025-02-26 03:30:00,10134.064826842046,10161.33759703622,10062.440775004576,10133.156410879761,20102.519661633254,10084.61786934845,10017.901792284803
2025-02-26 03:45:00,10138.704517761704,10220.131808533322,10065.45912766391,10136.90894605946,20315.135983228854,12629.788309567484,7685.34767366137
2025-02-26 04:00:00,10115.50424964618,10119.969795855166,10106.901658518911,10088.846551851684,23208.143070711398,12067.501674101062,11140.641396610336
2025-02-26 04:15:00,10140.741412385305,10241.346915644377,10118.432681076494,10088.838068486406,7626.581071372156,3110.535150931197,4516.045920440958
2025-02-26 04:30:00,10158.673392170678,10171.915393574114,10157.777922046229,10144.162410497649,10753.470846344253,6607.656934052194,4145.813912292059
2025-02-26 04:45:00,10212.38940663513,10293.687024392322,10139.255663341097,10295.381936788543,6096.168477074996,2486.5466623301313,3609.621814744865
2025-02-26 05:00:00,10187.368215231421,10227.585430373798,10152.279018514968,10118.008790607324,58560.49196761349,34738.82827831913,23821.663689294357
2025-02-26 05:15:00,10174.640375363468,10224.721601882307,10094.601310848951,10260.733757223157,2682.093856403224,1459.3363383145036,1222.7575180887204
2025-02-26 05:30:00,10125.864995298307,10215.038483852686,10091.544771247316,10112.715487724598,69814.03501959407,25691.461471624723,44122.57354796935
2025-02-26 05:45:00,10104.383313948578,10146.105443290857,10021.594690995744,10106.170345731683,88110.7123195456,58334.00987869233,29776.70244085326
2025-02-26 06:00:00,10124.455696311308,10178.874013272394,10111.223209514706,10069.443918988472,16282.06400277023,6191.376515895308,10090.687486874922
2025-02-26 06:15:00,10163.788630440129,10168.799343922918,10146.167349245374,10124.593533798965,1630.860244866728,1134.809360680019,496.050884186709
2025-02-26 06:30:00,10117.94154211686,10118.179058150485,10083.451853110966,10092.499489916605,15347.217067317899,4649.043382697586,10698.173684620313
2025-02-26 06:45:00,10162.94644559261,10187.825325584654,10121.432091023506,10109.80973565532,20657.130443436803,8374.263329558322,12282.867113878481
2025-02-26 07:00:00,10232.849115030433,10302.492156031218,10197.166882537,10222.15998535445,8017.659136958334,3046.2624365097754,4971.3967004485585
2025-02-26 07:15:00,10255.025484859812,10267.46123057798,10176.71328706018,10234.155693143706,13157.95248057164,4021.0355945971296,9136.91688597451
2025-02-26 07:30:00,10352.283931846603,10364.06089282848,10342.247248406007,10448.082991257616,101741.9717898133,60327.61323156518,41414.35855824812
2025-02-26 07:45:00,10313.266732777205,10355.65019645059,10277.044784730977,10253.14171887493,42827.13441304909,24727.11633671304,18100.01807633605
2025-02-26 08:00:00,10250.1157797232,10316.519826244474,10164.297710418712,10255.378728153964,8737.993674656002,5390.821188253187,3347.1724864028147
2025-02-26 08:15:00,10159.980348846138,10232.326723328164,10153.193778922698,10172.570915614424,4457.75622743836,1795.0466858622242,2662.709541576136
2025-02-26 08:30:00,10236.995250909687,10255.263237942356,10140.527590782114,10182.210919042187,15882.65134902695,7587.683621064264,8294.967727962685
2025-02-26 08:45:00,10271.512641017052,10279.687547635122,10170.202981882601,10306.786427525762,17792.694321425293,10028.770461759721,7763.923859665572
2025-02-26 09:00:00,10269.685099031636,10366.260913098478,10260.589426481838,10249.231634087975,36177.73623084418,17217.252443772544,18960.483787071636
2025-02-26 09:15:00,10285.088015691104,10311.897782564934,10255.130380411578,10156.915781011456,12896.13957011302,7465.966054976473,5430.173515136547
2025-02-26 09:30:00,10228.237754931873,10315.520063580678,10190.147729408827,10261.983248507398,36735.52595005551,20336.39642398025,16399.12952607526
2025-02-26 09:45:00,10354.339242392947,10443.748076502929,10273.949046233985,10296.513318254476,152535.71434853307,52755.86811755096,99779.8462309821
2025-02-26 10:00:00,10362.064676094558,10442.113966690435,10300.314354400834,10307.779117305134,49786.59362454068,30490.168676282978,19296.4249482577
2025-02-26 10:15:00,10368.768662246786,10386.274628344718,10301.955873423845,10404.432150045732,20992.310703325584,12349.158029642307,8643.152673683277
2025-02-26 10:30:00,10407.43207024294,10492.960498867085,10328.594750007685,10389.366772514566,18340.179423596463,10313.301963506026,8026.877460090436
2025-02-26 10:45:00,10433.503167972262,10513.762949440377,10421.193825328457,10481.38106117354,15418.553960204104,5582.09384293007,9836.460117274033
2025-02-26 11:00:00,10446.225991671934,10508.561023762692,10359.187048819105,10509.43433427016,71728.31890747996,29207.669570350372,42520.64933712959
2025-02-26 11:15:00,10405.983240259973,10441.07242752547,10332.556561697033,10372.427666513571,11762.673735231956,5378.72737767036,6383.946357561596
2025-02-26 11:30:00,10431.554297697348,10458.938025287542,10371.328582150227,10472.929101691756,23045.42872960465,9494.067876956899,13551.360852647751
2025-02-26 11:45:00,10530.759656749999,10543.595516721687,10437.063767062815,10490.981776102177,23183.541826568682,9067.64230893575,14115.899517632932
2025-02-26 12:00:00,10602.654208432832,10656.70198753938,10528.403147330848,10721.038987816331,13335.911752750495,8296.84505329642,5039.066699454075
2025-02-26 12:15:00,10688.17450831246,10750.72821201583,10666.616464323255,10651.142281356524,5583.295386509232,3100.364278602506,2482.931107906726
2025-02-26 12:30:00,10661.923513957885,10700.235962282506,10616.104390122831,10716.623843028627,30423.618303181644,16008.568807503025,14415.049495678619
2025-02-26 12:45:00,10610.234251796075,10660.670962414168,10557.815146309906,10654.998300965737,20722.928601246538,8089.839338081994,12633.089263164544
2025-02-26 13:00:00,10604.622131780909,10643.171466379312,10598.76651111389,10621.382091350524,36324.23649277957,24236.643014363548,12087.593478416024
2025-02-26 13:15:00,10608.637302184827,10676.639309891014,10507.363270841863,10573.069556210177,12918.293590314179,4863.391528513312,8054.902061800867
2025-02-26 13:30:00,10667.737570707972,10763.88153782755,10654.021285950555,10659.662227143499,74669.07520159599,46144.02295434467,28525.05224725132
2025-02-26 13:45:00,10578.530501877527,10595.87085679692,10504.749348985166,10464.621514171204,9165.724599926529,6293.819556496871,2871.905043429658
2025-02-26 14:00:00,10660.490328470567,10701.150377762224,10606.523617828383,10672.452466714012,122032.2074074563,72101.15451709506,49931.05289036124
2025-02-26 14:15:00,10653.134169130299,10668.141090511364,10650.403531159545,10671.75666427545,3836.6830766005332,2674.718707062241,1161.9643695382924
2025-02-26 14:30:00,10631.461375985153,10697.902031557685,10533.147205263236,10638.55784557249,34022.25215115528,19066.76575139258,14955.486399762696
2025-02-26 14:45:00,10578.723779252532,10655.828977159761,10488.610316197579,10421.454855766277,35434.127292134,13712.445186140843,21721.682105993154
2025-02-26 15:00:00,10492.250293500852,10590.02890992198,10437.243839521661,10425.853421688558,9941.199158467707,3792.84381930587,6148.355339161837
2025-02-26 15:15:00,10536.48407753608,10565.867373643287,10512.36160474201,10497.072833889413,33671.05812014338,14472.686587598566,19198.371532544814
2025-02-26 15:30:00,10541.400293913222,10641.565860761117,10528.579538157604,10556.77276173343,79183.1394779792,23980.772797650054,55202.36668032915
2025-02-26 15:45:00,10474.46446290428,10481.09088898242,10436.401046785295,10489.617813328745,2399.8971485476573,1374.3716303727351,1025.5255181749221
2025-02-26 16:00:00,10407.68562647736,10470.445413660422,10381.101453984968,10398.827447912445,36415.31866318918,14838.044795658921,21577.27386753026
2025-02-26 16:15:00,10391.252687098044,10397.18949233202,10338.601124058187,10424.25767154406,1820.2500844506865,1139.6099643046728,680.6401201460137
2025-02-26 16:30:00,10479.007934414192,10572.666602465513,10377.737827594501,10425.237924447036,8386.136430814442,3720.6692691673456,4665.467161647097
2025-02-26 16:45:00,10466.45453605441,10521.906760140546,10406.277290082073,10498.389520771438,112326.64343489474,55262.753792674775,57063.88964221996
2025-02-26 17:00:00,10388.83829460801,10458.375812396382,10296.38479627809,10413.498389402126,12310.62471670774,8448.480952955842,3862.1437637518975
2025-02-26 17:15:00,10377.11225366342,10463.405613427341,10309.569826061144,10396.701892886224,6809.813656756791,2702.60290935229,4107.210747404501
2025-02-26 17:30:00,10363.999549401327,10379.577741638268,10314.745001527284,10354.566214672604,18070.973772079622,10634.797682687,7436.176089392622
2025-02-26 17:45:00,10225.283289595103,10229.229386129156,10137.897245291313,10318.882660792988,174190.76673242488,104871.04869668918,69319.7180357357
2025-02-26 18:00:00,10223.529915967487,10313.382592845686,10175.33945620962,10248.740920346,3527.405002413055,1370.041503273092,2157.363499139963
2025-02-26 18:15:00,10212.747438567993,10244.910773688503,10124.036637333515,10163.300590532412,7697.801813822794,3851.9702871839745,3845.83152663882
2025-02-26 18:30:00,10249.319612156663,10262.539072662386,10219.434977128041,10262.044423067997,98462.56293410399,43331.48052454021,55131.08240956378
2025-02-26 18:45:00,10345.097253947577,10393.56002452128,10331.771416190997,10384.019822536637,141167.49095981696,85937.47434274842,55230.01661706854
2025-02-26 19:00:00,10404.403887640812,10466.65406824052,10315.413516259081,10373.809290675797,19862.10205611242,10904.161501146657,8957.940554965764
2025-02-26 19:15:00,10391.456195342818,10394.674492030903,10330.4152059125,10448.051819536755,6380.15261866365,3128.783599162312,3251.3690195013382
2025-02-26 19:30:00,10335.003263413848,10363.4137386657,10243.115535040053,10354.744861390393,179125.77680925417,109579.35315008392,69546.42365917025
2025-02-26 19:45:00,10469.015173562815,10472.448997377773,10370.833900960983,10346.397967259012,108493.15818256576,42753.05563654357,65740.10254602219
2025-02-26 20:00:00,10473.161868501435,10517.184274202475,10467.545280370361,10488.854434132003,43431.792055766906,26121.997139216423,17309.794916550483
2025-02-26 20:15:00,10474.938603332874,10568.699781815978,10422.462376541613,10453.672951014692,9775.13945318784,6316.203667921894,3458.935785265946
2025-02-26 20:30:00,10474.72255316182,10577.652666927726,10435.44605697355,10502.85660075424,20972.569721965552,13662.551995898273,7310.017726067279
2025-02-26 20:45:00,10486.144439972399,10552.946166584099,10420.51602446593,10535.650305958628,18762.958617644876,11510.501663520623,7252.456954124253
2025-02-26 21:00:00,10479.624133762154,10496.56315652926,10396.458759136727,10489.850258258264,30664.20537452001,14203.833697375449,16460.37167714456
2025-02-26 21:15:00,10450.613285115907,10545.280101810316,10421.289886728553,10537.627820711565,93995.42953776025,65112.81558892056,28882.613948839695
2025-02-26 21:30:00,10423.083289862363,10476.892230456606,10365.04773050254,10413.769906150977,53072.651725538184,23980.21201998799,29092.439705550194
2025-02-26 21:45:00,10422.418647873967,10438.44304484956,10348.551988199146,10454.979212526569,7499.742180612784,4165.732991487489,3334.009189125295
2025-02-26 22:00:00,10395.141887396849,10490.956682500328,10381.16758559531,10436.979348717681,87246.82502633095,31795.331760014087,55451.49326631686
2025-02-26 22:15:00,10359.130736311781,10437.597945563286,10274.800481243241,10354.088638219719,30125.646767201295,20852.356907604993,9273.289859596302
2025-02-26 22:30:00,10365.679272600191,10441.525494391377,10302.851895438991,10406.041896111385,43785.84172666561,25465.598979026458,18320.242747639153
2025-02-26 22:45:00,10353.500780239428,10426.925809940089,10255.190414279201,10322.716044056575,95467.47182428975,57409.46137683102,38058.01044745873
2025-02-26 23:00:00,10432.394093221279,10453.294332883714,10396.97309831711,10410.352091828385,7247.55718075847,2364.9553218811657,4882.601858877304
2025-02-26 23:15:00,10295.157523778666,10316.88099507567,10284.023728659477,10227.596134702715,21251.322788665042,12864.85219364776,8386.470595017283
2025-02-26 23:30:00,10352.373214425172,10423.627874431118,10299.938319758283,10364.869000775308,12946.042845315284,7895.65393677838,5050.388908536904
2025-02-26 23:45:00,10417.908146595135,10440.798660878809,10408.96845921856,10434.850357013018,4592.319782562736,2611.6940070325695,1980.6257755301663
2025-02-27 00:00:00,10310.947992443416,10356.179202958348,10210.980616850533,10371.744597930992,31154.37543034217,12984.017309002871,18170.358121339297
2025-02-27 00:15:00,10294.311917441571,10374.813624568298,10290.329567173443,10335.033127317598,271456.32818424853,134608.68277262765,136847.64541162088
2025-02-27 00:30:00,10276.22270796609,10356.783414650532,10198.79096897509,10261.589595134348,3497.914649546404,1203.8903969496037,2294.0242525968
2025-02-27 00:45:00,10204.93081204195,10251.18586232565,10151.344475619162,10144.814601074953,21326.791729062028,10421.01317811608,10905.778550945948
2025-02-27 01:00:00,10166.263477716571,10246.799594085593,10128.788530950318,10188.265833908841,41795.457279152215,16614.928949745074,25180.52832940714
2025-02-27 01:15:00,10110.828070779375,10195.61967875704,10104.170882727825,10166.981242556161,24911.33504736742,10951.989312042377,13959.345735325045
2025-02-27 01:30:00,10200.423679521276,10267.21358030304,10136.960017261723,10238.939712967318,19670.43345488552,7180.49824176252,12489.935213122999
2025-02-27 01:45:00,10249.165302078618,10272.577045274391,10189.18510313797,10304.740249171875,6007.618162340449,2355.1169679029376,3652.5011944375115
2025-02-27 02:00:00,10315.352110405303,10343.617390376063,10286.37801176915,10304.42353479121,27799.873322956515,9191.40141413098,18608.471908825537
2025-02-27 02:15:00,10353.605152860588,10386.202562950313,10259.364391880914,10329.449210093959,10334.426949110624,6902.98947346495,3431.4374756456746
2025-02-27 02:30:00,10296.19173219427,10308.218107077637,10264.87998276146,10258.25534414281,2465.3234502818327,1262.6505980229024,1202.6728522589303
2025-02-27 02:45:00,10270.218545222297,10298.272635211591,10224.03076270109,10267.34820058216,72736.03592151604,33363.7860857907,39372.24983572534
2025-02-27 03:00:00,10296.375485548233,10317.94837159786,10240.38766133741,10292.329483823218,57433.65989985805,29521.57230701786,27912.08759284019
2025-02-27 03:15:00,10234.487689038378,10281.088253882192,10224.229469805934,10245.063887262795,23194.280030609254,12787.407642277452,10406.872388331802
2025-02-27 03:30:00,10271.997006086798,10365.311683806405,10176.245382197287,10265.35629062898,27696.869966894978,18522.323816144057,9174.54615075092
2025-02-27 03:45:00,10260.681096935572,10271.401489046764,10222.251136739838,10253.825539333402,64493.38972934385,23957.82260427845,40535.5671250654
2025-02-27 04:00:00,10242.477581171453,10316.250861806135,10234.203788300127,10202.701224046472,27566.03441682577,11528.694464790635,16037.339952035134
2025-02-27 04:15:00,10279.911786606744,10350.563873184754,10240.098595595606,10328.310588586248,54394.45811460315,37549.35030815948,16845.107806443666
2025-02-27 04:30:00,10303.774716045917,10313.641012957345,10241.931197753529,10307.716840421253,16358.743419799814,7336.523357064899,9022.220062734916
2025-02-27 04:45:00,10286.208523253947,10381.106244600556,10233.37313834514,10277.23668983557,81796.00956475377,25276.98406988333,56519.02549487044
2025-02-27 05:00:00,10346.86268462941,10405.681722786865,10274.999380288658,10308.194945380188,30357.100589143,10899.941519670348,19457.15906947265
2025-02-27 05:15:00,10291.969301877549,10329.403820855927,10286.258911592447,10223.429257652982,26743.639373122292,8304.848908384487,18438.790464737805
2025-02-27 05:30:00,10324.694450600755,10402.804747747548,10295.31650200229,10392.216103802748,6185.350244580098,4304.81361380905,1880.5366307710474
2025-02-27 05:45:00,10356.344866379768,10382.998520818779,10271.502522591374,10385.065015068049,29347.300776611428,12077.83290625319,17269.46787035824
2025-02-27 06:00:00,10341.351652477928,10413.069943471415,10333.08956527529,10257.384125154182,9585.866782232006,6416.943168943976,3168.9236132880296
2025-02-27 06:15:00,10359.249068985631,10363.362851886342,10270.627148188487,10398.77697482628,11634.35075876278,8124.901326839428,3509.449431923351
2025-02-27 06:30:00,10295.482008135707,10381.903111622614,10286.02086250973,10342.968949590602,9746.118397860217,5262.284943829202,4483.833454031014
2025-02-27 06:45:00,10344.078074092899,10390.437216414106,10257.761478611943,10350.510855691067,7583.765082912718,2375.830746904046,5207.934336008671
2025-02-27 07:00:00,10335.549271223144,10401.354981092996,10298.259808264795,10418.13604074275,184383.1858676613,61332.6056606497,123050.58020701159
2025-02-27 07:15:00,10309.56967848138,10332.378345669504,10246.4535585269,10320.741109737188,83394.61867532707,41083.15984617113,42311.45882915594
2025-02-27 07:30:00,10364.674803984904,10434.851292485218,10348.828551630797,10291.250228375764,150296.83267177385,69507.59662573822,80789.23604603563
2025-02-27 07:45:00,10329.209804951732,10408.976123247085,10322.375098859484,10348.069341082195,6484.078441240705,3517.4240123677846,2966.65442887292
2025-02-27 08:00:00,10257.501264770759,10306.041113400488,10235.35140076227,10270.061436681044,23653.20138584124,11248.02266408766,12405.178721753578
2025-02-27 08:15:00,10178.691386316234,10241.567903526668,10165.677540765684,10147.987524125983,6042.012161647627,4070.08512177901,1971.9270398686172
2025-02-27 08:30:00,10210.551196813783,10257.144588890003,10178.652832689339,10239.832956155393,10985.210232768417,5645.254347281793,5339.955885486624
2025-02-27 08:45:00,10146.202804645633,10236.919128229367,10094.012437261505,10061.600454640453,8794.42270997353,5078.694904762377,3715.727805211154
2025-02-27 09:00:00,10236.239913180227,10287.202996951455,10175.97308197816,10286.938311658938,76083.29503698397,50108.009909003216,25975.28512798075
2025-02-27 09:15:00,10130.70789266453,10215.98907399125,10050.68866196857,10086.227920297351,14820.554619951488,5316.855449153759,9503.699170797729
2025-02-27 09:30:00,10217.652483052781,10299.531851532627,10150.600171305508,10167.333296947905,64111.51921425219,25124.91084095551,38986.60837329668
2025-02-27 09:45:00,10229.454764039738,10271.447169043771,10167.182106548284,10223.632937243005,40300.56991267563,13820.172245549786,26480.397667125842
2025-02-27 10:00:00,10225.531097501304,10249.058458766718,10183.424198226825,10247.667988201734,220496.86412328196,78464.99089354082,142031.87322974115
2025-02-27 10:15:00,10198.69321527212,10240.108286173925,10150.370946562452,10207.05227144807,5016.841226382922,2533.6733188343014,2483.167907548621
2025-02-27 10:30:00,10220.066418500712,10304.506383066133,10177.702114418515,10182.1162884982,77593.05771911691,33246.429627433325,44346.62809168359
2025-02-27 10:45:00,10219.165279350449,10242.42742441541,10133.102940811932,10193.306228786452,69316.68149334934,32528.179221649723,36788.50227169962
2025-02-27 11:00:00,10276.56131730511,10330.455339957416,10252.925179768894,10218.342421515472,8321.69435877588,5766.900343950887,2554.7940148249927
2025-02-27 11:15:00,10283.458310614875,10366.35293363464,10282.870001004778,10271.905878606656,60302.77107527053,21870.71388723661,38432.05718803393
2025-02-27 11:30:00,10292.214765935962,10328.59542682538,10225.179523300163,10347.53651202438,30826.961611093186,15916.72566145119,14910.235949641996
2025-02-27 11:45:00,10274.532112514444,10340.516147897948,10253.730070440773,10274.313114065864,17544.9903858563,5957.374501698816,11587.615884157485
2025-02-27 12:00:00,10272.634117527748,10297.866950406908,10181.195846349909,10316.776358500407,9663.049040126692,4129.972909705373,5533.076130421319
2025-02-27 12:15:00,10289.47105570228,10300.71533260327,10201.079732252041,10364.3476053971,10730.984124824532,5483.644162401565,5247.339962422967
2025-02-27 12:30:00,10202.516361924765,10283.563542466412,10194.688239249715,10172.520019116819,171067.2607361149,116095.2581040889,54972.00263202599
2025-02-27 12:45:00,10134.762194421248,10144.792429050813,10123.979982530094,10125.30781666347,22041.511019215417,10061.7577659438,11979.753253271618
2025-02-27 13:00:00,10173.439694843551,10201.048517414998,10123.06371152034,10283.882193033023,48152.58015342206,15695.944002814898,32456.636150607163
2025-02-27 13:15:00,10183.148484966676,10270.225547117616,10121.110436612804,10256.688302104052,9987.610145333289,4547.005129870275,5440.605015463014
2025-02-27 13:30:00,10174.799151650977,10210.05170573339,10146.827780461017,10089.717250898713,10098.549248787025,3618.274551491905,6480.27469729512
2025-02-27 13:45:00,10176.75443939872,10275.778875202765,10103.807695943007,10196.454006119611,64989.74773280657,25475.71109943268,39514.03663337389
2025-02-27 14:00:00,10195.458383158124,10295.346789525503,10134.803967830601,10195.486930051095,5712.567140812377,3126.123815818341,2586.443324994036
2025-02-27 14:15:00,10168.962442208936,10196.243329970312,10135.931200485365,10210.983295431784,14541.853691997703,4754.743306672418,9787.110385325286
2025-02-27 14:30:00,10130.406580847108,10134.557841370624,10127.83634595281,10092.671891803499,22788.867110651587,11072.871302933452,11715.995807718135
2025-02-27 14:45:00,10141.339581810538,10212.842443728472,10065.264294410148,10098.765813727561,24621.43297744234,13388.756930148598,11232.67604729374
2025-02-27 15:00:00,10092.743662891753,10138.260574558291,10071.069125893364,10058.626620754521,18414.740094451787,8631.787089179823,9782.953005271964
2025-02-27 15:15:00,10114.354889323518,10124.545389522676,10029.953253451486,10085.431447885589,32722.55194472101,10067.110784135488,22655.44116058552
2025-02-27 15:30:00,10029.263650802426,10100.222979707323,9987.111632522941,10070.149155951418,44040.09534587506,30572.975181045582,13467.120164829477
2025-02-27 15:45:00,10081.87494328975,10085.0179586401,10023.694717197679,10022.331330736979,45919.15115211904,20518.803109970195,25400.348042148846
2025-02-27 16:00:00,10106.706474365088,10194.654699622779,10018.480108510954,10075.243594696345,8218.937249684155,5025.311992281299,3193.625257402856
2025-02-27 16:15:00,10120.655231879626,10134.687776321465,10033.250925453305,10030.125343830496,16578.2173045175,7132.920516130233,9445.296788387266
2025-02-27 16:30:00,10171.39468064276,10184.34407430543,10133.605958328888,10222.613645001946,72748.44875688154,35647.22750898277,37101.22124789877
2025-02-27 16:45:00,10257.11280963659,10275.131715414507,10235.686840264028,10322.298305208134,53887.14264722458,24539.421083223067,29347.721564001513
2025-02-27 17:00:00,10310.1610618556,10409.16607003895,10230.242252777127,10293.300163099304,5581.096539468887,2439.02676522003,3142.0697742488574
2025-02-27 17:15:00,10216.293528863542,10287.109745359221,10172.048784048147,10201.07383802519,31303.33437328178,9664.608698885257,21638.725674396526
2025-02-27 17:30:00,10151.952488791703,10233.307346330674,10132.456476847065,10174.957924885983,3046.5794566096215,1352.70679426963,1693.8726623399914
2025-02-27 17:45:00,10121.252041466178,10161.497680577238,10029.712873043365,10195.870061602589,23084.920752084614,15138.998600883646,7945.922151200968
2025-02-27 18:00:00,10123.584537146377,10157.631440424524,10103.529291570747,10144.267564375126,146938.1482108554,84659.491947283,62278.65626357241
2025-02-27 18:15:00,10150.79971987577,10174.601721779469,10148.180085919306,10115.39667710438,8536.507819605962,3057.51369540886,5478.994124197103
2025-02-27 18:30:00,10114.980399371458,10163.597853225223,10112.929083999885,10033.108606442942,9563.193080438485,5130.2897040014495,4432.903376437035
2025-02-27 18:45:00,10125.437608221093,10181.312682339332,10062.425455076938,10068.981901231653,47288.8483102874,31063.682410638005,16225.165899649397
2025-02-27 19:00:00,10088.207238222622,10151.941993729268,10021.456086853803,10091.900503165725,4708.847593547242,2731.1957217435765,1977.651871803665
2025-02-27 19:15:00,10058.370467314217,10084.232398986422,10027.084740311735,10025.412832285312,11698.839994659224,4205.425964751418,7493.414029907805
2025-02-27 19:30:00,9988.632712190658,10083.390284041265,9956.66798983612,9998.370016220057,39992.25692896327,25880.309150972844,14111.947777990423
2025-02-27 19:45:00,9943.52238644645,9960.40236071857,9909.76473300184,9916.032324779206,11680.944902662337,4913.211072780668,6767.733829881669
2025-02-27 20:00:00,9877.314208008289,9972.694806239577,9810.132811232292,9825.055984108401,17396.599112404183,8378.731993364454,9017.867119039729
2025-02-27 20:15:00,9830.106905694849,9831.567278419378,9824.392291888578,9772.255171852008,46359.69462125784,23664.635452927218,22695.059168330623
2025-02-27 20:30:00,9882.876973890236,9930.426034102273,9791.053547809455,9960.079760918927,33575.30426290116,21494.998486712273,12080.305776188889
2025-02-27 20:45:00,9836.951299500253,9869.744531383978,9815.062012753378,9880.675945473113,28762.231415642134,19346.71357028613,9415.517845356004
2025-02-27 21:00:00,9967.408065497619,10012.17402888174,9867.7665578097,10053.651958450311,15691.551425492584,10542.543803530847,5149.007621961737
2025-02-27 21:15:00,9992.99031042464,10050.016766507215,9975.850064254308,10019.968931021394,31890.425902240135,9668.592662142555,22221.833240097578
2025-02-27 21:30:00,10003.224937421179,10046.79790070021,9926.045409799517,9981.718433513515,19462.937984318003,13015.944764658037,6446.993219659966
2025-02-27 21:45:00,9961.29353015523,10002.617642614376,9939.0387507716,10027.204467002173,34815.06971881804,11201.915320901304,23613.15439791674
2025-02-27 22:00:00,9997.169620862547,10070.421223553192,9989.087228969229,9995.516688769365,13400.7770743671,5444.862533210048,7955.914541157053
2025-02-27 22:15:00,9969.395592879215,10037.77331202029,9882.170028600769,9980.403887736495,18350.84727828776,9285.439572399731,9065.40770588803
2025-02-27 22:30:00,9976.47435298057,10059.605448723629,9890.801253851492,9974.338171382922,8184.866729990895,4026.7111409172767,4158.155589073618
2025-02-27 22:45:00,10105.175089103372,10130.433881808562,10064.393594338557,9956.28017356996,21268.71281682436,11525.173422532105,9743.539394292256
2025-02-27 23:00:00,10101.332096083484,10162.90259507405,10030.380729095396,10182.381902510499,9788.848771981253,4813.945282555688,4974.903489425565
2025-02-27 23:15:00,10160.388186983004,10219.846248828899,10103.78812576488,10185.33214044436,7229.705272781335,4871.015892976398,2358.689379804937
2025-02-27 23:30:00,10125.68149858563,10163.119971694441,10039.313879192312,10142.379914911846,28528.565081158846,11303.574912942711,17224.990168216136
2025-02-27 23:45:00,10124.922655181046,10174.135605358366,10093.023481967,10121.79526591889,27248.119154543558,11161.098752142268,16087.02040240129
2025-02-28 00:00:00,10215.58124481434,10247.635914595458,10162.085065335776,10223.928795698428,48188.40615724905,32204.07929100033,15984.326866248717
2025-02-28 00:15:00,10184.578638355555,10199.024892574958,10135.145507521376,10154.163466899758,14312.297767640124,4733.016838798445,9579.28092884168
2025-02-28 00:30:00,10277.89222055386,10299.866478552014,10241.518161168919,10309.577901196026,33125.3075189626,18014.348126532146,15110.959392430457
2025-02-28 00:45:00,10315.291000333415,10326.175040004762,10223.334816287215,10247.87550139076,38207.8997240528,21881.449475137648,16326.45024891515
2025-02-28 01:00:00,10287.312487076604,10357.58198878056,10270.24810661949,10296.883207620629,34364.31010466604,17258.330053314563,17105.980051351475
2025-02-28 01:15:00,10320.87009847986,10389.062914427728,10305.439506008923,10349.849732682444,9646.460285005518,5572.690184562518,4073.770100443
2025-02-28 01:30:00,10372.090226181188,10470.68797673728,10312.252648654068,10361.787155275346,25574.818199514757,9439.71292580546,16135.105273709298
2025-02-28 01:45:00,10405.37478036208,10481.300553993477,10336.960041572891,10424.669872235214,31702.166331219018,20322.765444438508,11379.40088678051
2025-02-28 02:00:00,10324.72143434087,10330.095022210608,10304.627538474268,10273.54517710037,22185.15092717444,7898.14169998076,14287.009227193681
2025-02-28 02:15:00,10288.21646255958,10379.189520113126,10248.018606343447,10238.533288138016,2734.0036207616845,1258.5301558307456,1475.473464930939
2025-02-28 02:30:00,10276.51265770048,10365.165580015437,10179.238904563554,10288.67579015309,25860.956104482,8536.780240928647,17324.175863553355
2025-02-28 02:45:00,10273.715728584735,10319.261198107972,10248.378955640334,10308.571859881265,201295.85885256832,104288.25060236405,97007.60825020427
2025-02-28 03:00:00,10306.626143612095,10367.008857943569,10237.740704754035,10210.008446708323,15366.740287411827,8726.74603874064,6639.994248671186
2025-02-28 03:15:00,10316.81429513628,10417.514484072535,10240.454456681924,10343.742244889616,10635.182652485959,7194.580398029749,3440.60225445621
2025-02-28 03:30:00,10248.963477721445,10303.519157562561,10203.034930980073,10221.127216029441,31995.436419186542,19060.78462503346,12934.651794153084
2025-02-28 03:45:00,10269.47154351556,10362.443311057876,10173.192579092221,10259.571460380459,30102.942711698088,15546.398851570251,14556.543860127837
2025-02-28 04:00:00,10301.850455350253,10310.40498399984,10225.96118011875,10232.852888696112,72601.08643834505,48863.92940248548,23737.15703585957
2025-02-28 04:15:00,10331.715027800385,10351.453962430654,10284.403565166904,10287.72169460853,6261.229459497695,3076.6099677894936,3184.619491708201
2025-02-28 04:30:00,10388.579791623013,10434.367970607937,10329.433949904706,10438.763141787911,45769.822363647414,24005.459929818215,21764.3624338292
2025-02-28 04:45:00,10432.934983814843,10493.942281442103,10360.67507357314,10434.649291035264,39752.263475909014,21404.185334589936,18348.078141319078
2025-02-28 05:00:00,10457.93125687549,10543.291804522773,10396.000414896236,10437.915905817015,19107.829720764512,8865.878032711846,10241.951688052666
2025-02-28 05:15:00,10455.308109066056,10558.633958129449,10363.43756933012,10449.218500976682,30905.434398426998,19637.099034527553,11268.335363899445
2025-02-28 05:30:00,10369.524348291803,10409.846398897384,10332.516691560344,10394.888817928448,61664.11780204776,23066.719703432933,38597.39809861482
2025-02-28 05:45:00,10392.835983645457,10397.763812940097,10361.669350543116,10415.725918897078,52697.0828985352,27504.550830207547,25192.53206832765
2025-02-28 06:00:00,10404.667587586366,10488.026819310713,10382.418361961398,10400.764432590253,7023.24533008628,4135.942136525771,2887.3031935605086
2025-02-28 06:15:00,10419.83649196933,10482.811974686747,10415.899568475186,10476.778768109087,50018.99872586185,33092.09281348015,16926.9059123817
2025-02-28 06:30:00,10354.360918611515,10374.918762796859,10349.9070974942,10404.60352061431,20646.71271102272,13494.017489773389,7152.695221249331
2025-02-28 06:45:00,10299.428106739313,10350.392607880724,10209.81739763607,10320.71558421614,23691.558873724065,11928.607869505071,11762.951004218994
2025-02-28 07:00:00,10354.692410041534,10431.556352694775,10284.4468864004,10357.519851111523,23699.209947088504,13206.73028852421,10492.479658564294
2025-02-28 07:15:00,10353.679972025451,10433.445942925302,10285.290559619667,10387.708433314097,18953.748693832524,8675.03779863785,10278.710895194674
2025-02-28 07:30:00,10389.995540629194,10441.905871356028,10326.134179151062,10406.32172618459,72526.51492654067,35340.0750810843,37186.43984545636
2025-02-28 07:45:00,10392.505679191823,10424.225116569183,10304.250531350704,10447.627533045474,20257.533745293862,13420.744073689773,6836.789671604089
2025-02-28 08:00:00,10395.091134003243,10496.31256281674,10345.166949393826,10441.846246462364,7190.05335648148,4833.740555002149,2356.31280147933
2025-02-28 08:15:00,10444.898371480042,10514.185922028844,10353.98484502277,10391.720578896686,14860.621543769814,9780.750239892986,5079.871303876827
2025-02-28 08:30:00,10418.992687610347,10461.526924899119,10381.542136616441,10362.419475935487,26336.06882484572,9358.478463484593,16977.590361361126
2025-02-28 08:45:00,10425.041995239486,10454.280404144023,10328.432348739101,10388.48921549171,75298.44661535551,48193.536504099306,27104.910111256206
2025-02-28 09:00:00,10401.988302948452,10478.037549722989,10329.31408560267,10452.757219129111,40259.234493776166,27349.929481167346,12909.30501260882
2025-02-28 09:15:00,10380.430378401616,10405.570062359491,10353.734284847433,10298.616549422455,9409.402377396027,4182.478207200594,5226.924170195433
2025-02-28 09:30:00,10365.421722926412,10383.220187423925,10306.951941917947,10385.880857008142,264392.4725649171,134168.211708201,130224.26085671611
2025-02-28 09:45:00,10377.970816208142,10432.956822579006,10322.653060095421,10396.783124303045,28703.52771169839,17556.171219621945,11147.356492076444
2025-02-28 10:00:00,10354.166417170145,10384.192194393332,10339.88814368087,10414.357674591329,78856.95058750479,41386.59234438387,37470.35824312092
2025-02-28 10:15:00,10420.213373329709,10485.746631346597,10358.60460099582,10429.609211510633,18925.879808066667,13198.783831662908,5727.09597640376
2025-02-28 10:30:00,10374.64539979471,10386.881119102129,10341.987507564543,10304.9687941698,37547.3936515771,18108.55774100446,19438.835910572638
2025-02-28 10:45:00,10365.989229117436,10433.880353473947,10360.562761588377,10316.265913172543,50994.26755559901,29861.074520551214,21133.1930350478
2025-02-28 11:00:00,10344.234590971455,10373.539448415615,10246.103372556592,10283.10039615151,74473.20771908372,45952.68416379017,28520.52355529355
2025-02-28 11:15:00,10420.108407849064,10420.133721880498,10353.264415966654,10392.081235616366,63409.45776338018,31555.09310657539,31854.36465680479
2025-02-28 11:30:00,10431.391029086504,10444.632225619403,10339.916186294968,10421.851440238344,52690.84498943715,33869.33384290955,18821.5111465276
2025-02-28 11:45:00,10486.252037551538,10584.153299132666,10415.359100950847,10425.146469656624,16073.275561679426,8333.379966003688,7739.895595675738
2025-02-28 12:00:00,10409.41086031197,10499.697368313464,10372.250961092794,10485.954484798689,12434.796090134889,5777.956314468402,6656.839775666487
2025-02-28 12:15:00,10424.350981086944,10448.703206509921,10370.906576989219,10355.2749902373,30718.105342911684,10540.287191611049,20177.818151300635
2025-02-28 12:30:00,10471.762534470863,10553.271791949905,10400.999938392928,10542.242911478494,56001.181759400955,25613.004606146715,30388.17715325424
2025-02-28 12:45:00,10477.118002704716,10540.878766652493,10376.511233469646,10539.203467368883,17628.625333745236,10463.903911831705,7164.721421913531
2025-02-28 13:00:00,10533.981532600616,10636.256455603894,10507.260038622888,10581.295044946179,63906.21939243312,42722.23843696849,21183.980955464634
2025-02-28 13:15:00,10507.78939585195,10547.047091726774,10415.848649269708,10471.339628844698,94147.38373974412,37722.198087773904,56425.18565197022
2025-02-28 13:30:00,10582.885805226802,10655.004003657094,10485.091706341063,10601.006397967945,8810.320355012234,3894.9915901677614,4915.328764844473
2025-02-28 13:45:00,10705.588975407889,10712.39084870315,10633.817045981135,10637.213923783669,9538.383409987848,3448.9306197767123,6089.452790211135
2025-02-28 14:00:00,10687.237531842951,10729.585427010847,10587.710855317788,10735.912931107114,19141.708820596206,11031.15925299902,8110.549567597187
2025-02-28 14:15:00,10664.500299259911,10767.286636621644,10622.068536107696,10660.55524563574,29959.827148017546,20494.779901454745,9465.0472465628
2025-02-28 14:30:00,10743.064845245644,10800.967910091293,10640.68169946794,10721.078077206772,13035.516976596342,7252.712510186104,5782.804466410238
2025-02-28 14:45:00,10828.986381676812,10860.16081388858,10752.882119615751,10762.726800281373,85152.80938124715,46564.162867678795,38588.646513568354
2025-02-28 15:00:00,10801.75905974715,10814.75043940314,10797.221697959372,10667.95193893475,33660.04691445389,17550.212885265137,16109.83402918875
2025-02-28 15:15:00,10780.145451861366,10855.986830228001,10682.38324152786,10724.167344378635,22912.709789936245,7684.517223213495,15228.192566722752
2025-02-28 15:30:00,10766.035071058492,10835.460498851975,10713.876558528236,10825.937193063386,5240.071782289519,3101.0825010647936,2138.989281224726
2025-02-28 15:45:00,10694.73966780011,10734.731439737156,10645.508895157485,10673.198674564983,5908.7181014926955,3195.551844833994,2713.1662566587015
2025-02-28 16:00:00,10646.685424702058,10747.929159008623,10586.37550712742,10637.671469326917,29173.301863903765,16470.97514069279,12702.326723210976
2025-02-28 16:15:00,10594.296238915887,10596.648470697193,10578.469997495782,10629.02192427799,2610.78017649043,1721.8733265814042,888.906849909026
2025-02-28 16:30:00,10554.684294258623,10586.741387924723,10505.165299016486,10649.97561900105,60635.59704869145,37205.05126909019,23430.545779601263
2025-02-28 16:45:00,10553.909322507301,10651.118160888642,10466.192909700232,10623.829217408284,18804.39984279773,11515.177010780488,7289.2228320172435
2025-02-28 17:00:00,10567.324118685481,10601.238406664419,10565.688037046877,10515.949222999136,564159.8823179805,378479.9190706399,185679.96324734064
2025-02-28 17:15:00,10650.30405736609,10677.169751164987,10621.237549966814,10546.85922117259,221442.05922545624,154117.91142812432,67324.14779733191
2025-02-28 17:30:00,10598.205217317985,10654.822992675297,10597.94507520943,10723.24359807625,18371.409998330426,9783.016357021621,8588.393641308805
2025-02-28 17:45:00,10651.425291735004,10739.171919679797,10607.146112211614,10772.265264930824,19804.470964273867,6803.878410575136,13000.59255369873
2025-02-28 18:00:00,10641.094003326514,10652.069947112968,10563.593265214067,10651.12076550086,59610.17226051501,28830.576835133757,30779.595425381256
2025-02-28 18:15:00,10639.526372806024,10739.859309909803,10554.540833388828,10571.939406829984,120954.84945198568,74392.12607498751,46562.72337699817
2025-02-28 18:30:00,10676.489124362253,10761.374994052314,10575.576042310942,10727.908512429332,4281.1243067146015,1331.815516714184,2949.3087900004175
2025-02-28 18:45:00,10617.62312601023,10636.867595059624,10553.014399500606,10611.890475601034,3690.896031956442,1191.2550577856834,2499.6409741707585
2025-02-28 19:00:00,10638.98630114631,10714.736730601253,10611.896583684069,10632.976278041213,11824.928826550049,3865.133046695334,7959.795779854715
2025-02-28 19:15:00,10648.904613591296,10689.898500766669,10550.492979999268,10696.529648096346,39447.95878750864,23369.535022944725,16078.423764563919
2025-02-28 19:30:00,10676.18983673898,10719.139580273506,10593.415655020568,10694.039078110134,36202.142838932785,18117.965201019964,18084.17763791282
2025-02-28 19:45:00,10692.693552408615,10776.448361619481,10631.27167504334,10629.295775141816,64200.83237802826,28733.671728034464,35467.16064999379
2025-02-28 20:00:00,10825.031681640121,10929.253442130053,10749.728407898316,10807.454972962023,6636.250980418486,2271.235782192385,4365.0151982261
2025-02-28 20:15:00,10791.596407137438,10805.264597761045,10691.847916579873,10827.27088498499,2172.982956738246,1288.353120595532,884.6298361427139
2025-02-28 20:30:00,10764.02404261916,10809.30078244732,10687.341778116152,10791.485878567997,51948.81548985357,22255.284209714646,29693.531280138926
2025-02-28 20:45:00,10731.562946981589,10783.17549839138,10692.0306048195,10745.622183785992,9621.964444614268,3907.764840769309,5714.19960384496
2025-02-28 21:00:00,10702.830414926906,10743.106430526928,10626.5162156253,10752.781752862682,2926.352762358598,1641.4722676698946,1284.8804946887033
2025-02-28 21:15:00,10669.791466307302,10708.542988436133,10665.493870336977,10650.494242158147,25465.089296761398,13333.631708164767,12131.457588596631
2025-02-28 21:30:00,10734.291237638483,10739.901908640579,10692.812265844032,10743.880704651308,48687.40679301061,21664.15577553529,27023.25101747532
2025-02-28 21:45:00,10811.605198273377,10885.722927410297,10767.675156240579,10629.12805554006,19495.57640669829,10851.140122421477,8644.436284276811
2025-02-28 22:00:00,10781.832940811219,10828.864850528837,10763.844721094565,10757.592674452135,13934.897911190837,5692.247052505511,8242.650858685327
2025-02-28 22:15:00,10738.039530422484,10758.956565953202,10735.560602395048,10779.053628570935,18781.690559511553,11605.8095761687,7175.880983342853
2025-02-28 22:30:00,10764.423728774193,10852.265032730742,10750.066007287827,10743.411871447102,15205.572288770954,5956.442037066528,9249.130251704426
2025-02-28 22:45:00,10735.7783569399,10821.939500041259,10665.499644074243,10710.751787232854,5721.308906819503,2079.896480576974,3641.412426242529
2025-02-28 23:00:00,10770.827013327984,10823.21541419675,10684.413872770176,10714.740465397552,10778.614627759072,6607.0295341516185,4171.585093607454
2025-02-28 23:15:00,10782.832339802373,10815.013774210967,10676.276014005552,10836.927970786244,37096.57421129573,21633.119963537003,15463.454247758727
2025-02-28 23:30:00,10702.190549726067,10770.480449124743,10665.12206762869,10731.539342040856,30384.215980097182,11335.00162767202,19049.214352425162
2025-02-28 23:45:00,10786.069246487672,10817.149535387854,10721.41978852553,10830.58414153358,26057.471137513206,9028.869479484585,17028.601658028623
2025-03-01 00:00:00,10884.000158113467,10909.687261623061,10782.001298443558,10790.059592939031,8142.491702766051,5173.410559473619,2969.081143292432
2025-03-01 00:15:00,10851.740597108668,10931.014152387472,10833.613656309062,10843.034785867101,18370.41626258147,11217.699833511291,7152.71642907018
2025-03-01 00:30:00,10831.789587380781,10836.157532497962,10754.05572748501,10816.619069895494,2497.223899241218,1076.0611436946517,1421.1627555465664
2025-03-01 00:45:00,10848.354935152753,10858.635755257204,10766.452162495812,10833.13622786304,26330.32679405923,14831.319179522068,11499.007614537162
2025-03-01 01:00:00,10867.581300487525,10868.319010818359,10857.91181178938,10834.107653414054,91936.89601579873,32147.02966871892,59789.86634707981
2025-03-01 01:15:00,10904.451975733788,10921.129592053157,10810.537450135198,10885.58158868268,5043.562052897391,2535.999148742547,2507.5629041548445
2025-03-01 01:30:00,11015.143315203259,11022.742663535886,10925.57862896085,11061.9381104459,12259.694940569823,3769.7595488943566,8489.935391675466
2025-03-01 01:45:00,11006.499334184406,11116.102315163895,11002.822832487862,10901.230348449322,30610.757508023125,13978.11933903713,16632.638168985995
2025-03-01 02:00:00,10963.667693665355,10995.331859037295,10953.681501097186,11061.096039817234,77098.77218272108,25437.747511670692,51661.024671050385
2025-03-01 02:15:00,10889.15207213755,10905.406093032161,10883.802569953348,10915.495170083384,14069.651540946268,6894.957564472103,7174.6939764741655
2025-03-01 02:30:00,10850.444945549658,10876.59411184434,10814.12378292298,10848.14834603315,11023.1145601077,5166.232408494043,5856.882151613658
2025-03-01 02:45:00,10849.732778067313,10951.299901046572,10794.476283510425,10898.927318878179,3075.0512832582776,1469.1180835471305,1605.9331997111472
2025-03-01 03:00:00,10948.170117714857,11005.118143816253,10889.887782840595,10868.69544885029,24426.847879697103,7770.974691635112,16655.87318806199
2025-03-01 03:15:00,10920.930451943132,10960.771982517017,10891.698751265742,10884.634690160643,169748.98060725644,75478.29630358364,94270.6843036728
2025-03-01 03:30:00,10934.242408267482,11029.741147448378,10834.566194904763,10927.623067630262,29066.990492521927,17515.580687570047,11551.40980495188
2025-03-01 03:45:00,10934.437972874783,10977.627939006858,10894.17050653906,11009.096148718314,21541.164701568716,9641.08752134515,11900.077180223565
2025-03-01 04:00:00,11000.503479351568,11037.35610874589,10995.49273285975,10997.946050339264,30396.486673562362,17814.431892789788,12582.054780772574
2025-03-01 04:15:00,11140.591174414047,11163.683672827325,11107.14409932247,11165.660549903092,21783.49813940594,9754.465077351986,12029.033062053953
2025-03-01 04:30:00,11112.134273699647,11154.115564054233,11053.11668152627,11079.37686886067,9769.158670235765,4584.624904838569,5184.5337653971965
2025-03-01 04:45:00,11086.05190310648,11121.159695183534,11040.796219974542,11113.037685332425,50175.38845701436,26370.018860726304,23805.369596288052
2025-03-01 05:00:00,11145.038616688696,11220.524404504837,11114.518762186171,11238.503116854394,27605.25751150669,18779.105124290985,8826.152387215705
2025-03-01 05:15:00,11184.15165547175,11216.539024330139,11169.464264059214,11239.822262955517,22417.860232110652,7701.5253807251365,14716.334851385516
2025-03-01 05:30:00,11288.53934460881,11353.696765080702,11196.067637718379,11283.941748994386,8305.173997173188,2600.894029405458,5704.27996776773
2025-03-01 05:45:00,11322.62668001566,11330.087403873611,11209.836873059201,11360.868333462433,81105.65220446866,44055.20122346289,37050.450981005764
2025-03-01 06:00:00,11303.418291618342,11325.040505146257,11266.168765819013,11336.057870160477,42817.52435573924,29100.452395183413,13717.071960555826
2025-03-01 06:15:00,11337.930726533903,11384.122054005444,11294.662796907283,11366.649006177004,12671.100935481954,8817.682964957456,3853.4179705244987
2025-03-01 06:30:00,11401.916541571103,11508.746713538647,11331.448418811844,11465.308538664354,59983.50301699814,29611.797942763747,30371.705074234393
2025-03-01 06:45:00,11449.832079994554,11493.026798877447,11367.571737544298,11513.062501219738,13392.21921390923,6525.126436002222,6867.092777907007
2025-03-01 07:00:00,11480.018075576156,11556.253904725121,11435.013014119106,11472.719160623212,10076.855186575202,5622.739163327292,4454.11602324791
2025-03-01 07:15:00,11542.393300969929,11571.836471442326,11437.94277702332,11579.437403866097,10304.097210203707,5381.354983704289,4922.7422264994175
2025-03-01 07:30:00,11611.029888250096,11625.77979472446,11546.007657685333,11588.78925535198,3747.826859718144,2074.928959416522,1672.897900301622
2025-03-01 07:45:00,11692.432438015172,11699.276790431042,11639.770882623885,11638.46762986859,35296.616215829294,22928.673783175316,12367.942432653977
2025-03-01 08:00:00,11731.526663921544,11767.356329938304,11655.662077456274,11715.718798017537,3529.3010294323553,2112.3659617274416,1416.9350677049138
2025-03-01 08:15:00,11722.897065511634,11741.379505395464,11611.20085114515,11718.42606090568,6448.199146639304,3216.0454932154544,3232.1536534238494
2025-03-01 08:30:00,11732.668902438982,11753.084972160364,11639.446712477751,11635.19500443592,2763.9386565584464,1339.8076098959427,1424.1310466625036
2025-03-01 08:45:00,11804.620020488557,11894.424766114133,11799.896622470584,11855.3995152644,20209.94941062252,11233.512415345069,8976.436995277452
2025-03-01 09:00:00,11757.58240660467,11759.44458084763,11718.510795004106,11594.89712309397,18952.280375867835,9140.35342131173,9811.926954556106
2025-03-01 09:15:00,11780.431698896273,11846.144139768063,11724.999503672807,11940.3402765494,15887.752157532803,7675.559597557695,8212.192559975108
2025-03-01 09:30:00,11758.441237000427,11803.059980454618,11721.458873092179,11846.740024699531,7765.315030472937,2380.242694833146,5385.072335639791
2025-03-01 09:45:00,11761.30705268086,11820.88395354546,11678.955843706914,11745.958033938765,6821.033279117023,2521.2288933175264,4299.804385799496
2025-03-01 10:00:00,11837.664507927111,11904.290463157746,11739.853538033878,11838.222438396533,35044.35639089285,17361.16535799725,17683.191032895596
2025-03-01 10:15:00,11850.159107652888,11887.293678038057,11763.493550247416,11868.110432188652,12701.153159579604,7989.804980136555,4711.348179443049
2025-03-01 10:30:00,11854.095525983956,11889.078012175843,11736.819013092974,11819.175708387222,30222.994518493033,12436.484274135846,17786.51024435719
2025-03-01 10:45:00,11774.681612552695,11861.037345252453,11742.58999477079,11786.021758229283,9088.37418715324,4626.503890847686,4461.870296305554
2025-03-01 11:00:00,11819.793571424963,11922.776712856212,11716.371619341422,11811.283321371346,26398.507218214312,11562.145799275033,14836.36141893928
2025-03-01 11:15:00,11859.122999655647,11881.961492323648,11768.208274849367,11853.533040909877,81087.00859459603,27725.399378596652,53361.60921599938
2025-03-01 11:30:00,11988.58043117194,12000.283534794611,11945.160339517462,11999.457733945257,39583.427033686086,27048.12334256378,12535.303691122306
2025-03-01 11:45:00,11971.330168591567,12078.808268814524,11883.445695621725,11892.706793792973,14582.627205973207,9360.144334810548,5222.48287116266
2025-03-01 12:00:00,11985.644906253525,12027.582134069393,11973.170731684446,11988.016249566046,28486.881736855805,9440.46628626788,19046.415450587927
2025-03-01 12:15:00,12001.788592136003,12067.956539835033,11907.054456298545,12011.596918639823,17315.110273236132,10179.811411134482,7135.29886210165
2025-03-01 12:30:00,12097.65007488368,12141.146346375945,12033.250581341174,12105.443963040907,22200.724105531703,9746.827456166695,12453.896649365008
2025-03-01 12:45:00,12093.095579868585,12108.30897664462,12057.748649912292,12080.045270095761,15905.002285043725,11100.736067350364,4804.266217693361
2025-03-01 13:00:00,12111.176059326477,12182.55105241942,12031.753715750294,12180.08003860267,18688.52156107656,7867.108971467562,10821.412589608997
2025-03-01 13:15:00,12149.198885207545,12212.99929171651,12071.247195476466,12127.715909079956,27230.511041270907,10769.541261350123,16460.969779920786
2025-03-01 13:30:00,12161.749561851171,12186.437130146693,12136.272372077432,12175.572965589694,8157.078039350502,4300.054419939845,3857.0236194106574
2025-03-01 13:45:00,12135.818667726578,12190.656675601169,12132.129692585375,12214.537505875625,7975.432618455557,5056.82676299788,2918.6058554576766
2025-03-01 14:00:00,12148.809454388522,12245.629088102887,12096.129472554647,12143.987826386863,5494.250419554509,2071.373882773587,3422.876536780922
2025-03-01 14:15:00,12215.2410731001,12287.36304495324,12145.67382531976,12228.339675667305,4445.861291285971,2595.3209129162833,1850.5403783696875
2025-03-01 14:30:00,12153.76693796975,12165.546044023984,12047.226375470647,12147.90975593889,6520.57152168691,2116.333863415712,4404.237658271199
2025-03-01 14:45:00,12163.062726810542,12229.718925274929,12050.163135715135,12238.313758887416,25834.407509044366,17246.376103807543,8588.031405236823
2025-03-01 15:00:00,12121.700966140968,12206.884801355398,12057.600778902655,12106.080665805073,9020.116101239242,2998.5568929905207,6021.559208248722
2025-03-01 15:15:00,12195.34312561969,12292.016025923127,12103.414204281242,12273.597872729013,36813.299717441674,24506.339382611248,12306.960334830426
2025-03-01 15:30:00,12103.68372519081,12179.83012716828,12050.511846513815,12097.414749617978,22804.513337524997,11318.402187776746,11486.11114974825
2025-03-01 15:45:00,12071.069027230955,12089.496499648376,11981.008935111187,12019.196038991626,3076.339781225482,1474.2941407307178,1602.0456404947643
2025-03-01 16:00:00,12095.042887042655,12180.938648209045,12070.272054767946,12136.128125214656,42403.05049299907,29229.39084279889,13173.659650200181
2025-03-01 16:15:00,12190.927792702785,12273.502048068343,12145.691558818702,12172.356874892414,49553.02788656351,34496.5222763255,15056.505610238011
2025-03-01 16:30:00,12188.139102056595,12191.116284527698,12110.838511337002,12225.952858412453,8152.9681096211025,4566.243043499668,3586.725066121435
2025-03-01 16:45:00,12155.523670663137,12205.573755860472,12153.316474855657,11989.636972624376,33529.85593647558,11763.873398028125,21765.982538447453
2025-03-01 17:00:00,12271.071469459304,12311.9280322218,12182.41772572842,12271.390840162954,9353.461452452464,4699.815389559938,4653.646062892526
2025-03-01 17:15:00,12183.45516630236,12265.012685028521,12081.658073106812,12155.457263544326,24286.365388886832,12426.4889847163,11859.876404170533
2025-03-01 17:30:00,12050.728242859594,12076.77418223668,12002.628765977126,11986.663035443353,6219.853255210513,3145.8684928306848,3073.9847623798287
2025-03-01 17:45:00,12078.445788486499,12149.813933382333,12024.341306464119,12045.034331243049,3666.136081020708,1934.9746551242229,1731.161425896485
2025-03-01 18:00:00,12049.33345940673,12159.368690916901,11946.759626976145,12014.769756945267,15020.674188865363,4618.705386733726,10401.968802131636
2025-03-01 18:15:00,11989.012518986183,12084.661145267042,11896.019187652848,11986.136007510197,19463.010655656544,11375.952859838573,8087.057795817971
2025-03-01 18:30:00,12032.673891810964,12143.549896260762,11998.001803474659,11950.410924749536,14799.080158757115,8656.836199324769,6142.243959432346
2025-03-01 18:45:00,12048.545031617143,12166.44076368009,12009.510624526396,12067.598226036038,6741.039643425264,2333.666425864197,4407.373217561068
2025-03-01 19:00:00,12015.768252201282,12017.05034993456,11934.195817082587,12097.8488534101,14766.271966380404,7798.005867158848,6968.266099221556
2025-03-01 19:15:00,11940.050624292986,12014.406247950825,11872.804486939624,11956.822126669804,28833.545210927645,15205.210703237572,13628.334507690073
2025-03-01 19:30:00,11993.330552691417,12042.843746316385,11973.8738239756,12041.842891710647,21059.49844500328,12066.67495861761,8992.823486385669
2025-03-01 19:45:00,12033.520274011724,12136.991038433202,11996.224795549406,12099.377471455558,26436.50318784733,8833.997500499749,17602.505687347584
2025-03-01 20:00:00,12028.756452201715,12059.04662941723,11920.499655715437,12103.12360819054,11269.833120845145,6205.185025272134,5064.648095573011
2025-03-01 20:15:00,12141.023061252348,12260.130077763495,12057.471644188254,12254.550046238768,71091.13430634749,29310.930146815124,41780.20415953237
2025-03-01 20:30:00,12077.27754443117,12151.396759225261,11958.198689567478,12047.132539011605,6794.214114413404,3416.1389839555795,3378.0751304578243
2025-03-01 20:45:00,11986.364317734244,12081.480601762874,11894.427401528077,11943.30426372125,35866.546837947746,21854.542220963893,14012.004616983853
2025-03-01 21:00:00,11946.095643166133,11956.321447616463,11833.566476568089,11992.892421006243,71818.0483309378,41816.66008418083,30001.38824675697
2025-03-01 21:15:00,11944.56737817358,11966.480628829175,11918.744588303709,11986.867046085492,35628.74706275981,12383.170335567174,23245.576727192634
2025-03-01 21:30:00,11960.294757152411,12051.002071896373,11868.022892117458,12006.681283248643,17988.281065497595,9650.243564565393,8338.037500932202
2025-03-01 21:45:00,11947.06451483805,11949.691258810657,11944.649114662692,12059.921411676445,12986.984639335227,8930.455992221854,4056.528647113373
2025-03-01 22:00:00,11969.2893639643,12067.063853846452,11889.004156027857,11969.969812606558,62074.3197033111,22514.83838012978,39559.48132318132
2025-03-01 22:15:00,11895.586105307973,11897.245422837315,11839.76222783723,11920.933015556038,5308.290245586439,3403.478423341674,1904.8118222447647
2025-03-01 22:30:00,11982.647794736251,12061.388030813823,11941.096756625295,11923.909559138132,8348.822079916443,4850.826194827048,3497.9958850893945
2025-03-01 22:45:00,11978.92411633272,12022.658439990633,11875.61735339558,12106.81836487327,14800.884692830765,9022.638922347774,5778.24577048299
2025-03-01 23:00:00,12047.0420186548,12120.709060503794,11944.128030768554,12026.770164619944,75936.57698491694,31345.353181717437,44591.22380319951
2025-03-01 23:15:00,12068.890856100015,12152.894126933708,12066.199287676749,12050.291734114591,32201.478159097176,13368.623076397498,18832.85508269968
2025-03-01 23:30:00,12097.66026893632,12139.091757458777,12023.924409900625,12076.685957037778,8366.193168883434,5541.831463382126,2824.3617055013083
2025-03-01 23:45:00,12133.334289906239,12146.433734643095,12088.70397650338,12094.2106047307,16150.27400264769,7169.636566084043,8980.637436563647
2025-03-02 00:00:00,12161.708611450944,12170.178738946404,12111.157131637021,12117.352607258535,11916.471192628369,3875.30979294175,8041.161399686619
2025-03-02 00:15:00,12202.007816929372,12273.869836439168,12100.48214088986,12170.056598161485,10831.469381636176,5851.578736703826,4979.89064493235
2025-03-02 00:30:00,12284.319665523903,12348.278633532265,12246.257957538513,12200.430296633658,58623.42024216581,20513.921539004747,38109.498703161065
2025-03-02 00:45:00,12297.618741838733,12388.891792238528,12181.646194557072,12249.331039966077,5587.330320340917,3456.5376291774824,2130.7926911634345
2025-03-02 01:00:00,12342.44379319969,12405.357612015905,12320.272589146136,12462.718631490001,110059.98955757634,61270.239571384154,48789.74998619218
2025-03-02 01:15:00,12338.140248764092,12390.2622028131,12256.372626708917,12383.52333044895,50424.36098628845,32770.318321306026,17654.042664982422
2025-03-02 01:30:00,12428.215903683344,12477.691037679424,12344.685234855278,12485.752588755815,65569.22085900848,40255.2330454523,25313.987813556174
2025-03-02 01:45:00,12387.426977445803,12390.703068192886,12356.186485983268,12460.339916902474,13864.13387946182,4780.983615948808,9083.150263513013
2025-03-02 02:00:00,12500.210810660608,12542.156168263045,12459.616299930804,12614.846154208853,18959.478704087713,8577.804161070604,10381.674543017109
2025-03-02 02:15:00,12498.950917497783,12620.943197931654,12394.609863650205,12388.246299874556,5254.54232080479,3204.34654151717,2050.1957792876196
2025-03-02 02:30:00,12410.784873712777,12519.199977030641,12316.23886236368,12334.465799894613,13034.273534926919,6086.179228487147,6948.094306439772
2025-03-02 02:45:00,12419.975333874301,12460.884008555142,12379.101706714411,12370.064193656484,36085.80478157977,24861.177858520517,11224.626923059252
2025-03-02 03:00:00,12378.924107473027,12451.686854573407,12312.826031761067,12349.85035996421,80504.0732722163,47843.263216687126,32660.810055529168
2025-03-02 03:15:00,12432.193313355614,12537.530882698358,12424.52509968918,12413.509629516448,7279.6872725267485,2229.0400002603265,5050.647272266422
2025-03-02 03:30:00,12392.868795328855,12447.55534490975,12366.99919200754,12365.172124496943,15282.96461205424,9964.405456911607,5318.559155142633
2025-03-02 03:45:00,12366.460618475987,12368.68137062457,12306.381810388057,12380.02099366363,18933.739717580047,6443.566538869182,12490.173178710866
2025-03-02 04:00:00,12250.862609356613,12259.99078366361,12240.330085167425,12253.024604270428,5454.579433205728,1942.9729562777864,3511.606476927941
2025-03-02 04:15:00,12224.381982745226,12286.77433861502,12121.289814299156,12180.200939511835,39789.138091781424,23626.66924964529,16162.468842136135
2025-03-02 04:30:00,12077.452287099542,12194.535865149153,11990.73542965538,11946.076854337916,10678.735090249556,6898.328570096018,3780.4065201535386
2025-03-02 04:45:00,11983.012478437997,12066.079864383808,11869.936737933445,11923.52468800798,18117.06605192989,9321.952469812677,8795.113582117214
2025-03-02 05:00:00,12029.771071252662,12038.302126735174,11946.348590010291,11996.734994938495,14017.34300614486,5825.88660285768,8191.4564032871795
2025-03-02 05:15:00,12078.239028441405,12101.110487645896,11964.655102872835,12063.317605957523,10003.21173869429,4406.677036113227,5596.534702581063
2025-03-02 05:30:00,12105.140742982734,12198.510495052331,12038.016217678833,12036.766825044126,21871.83498853705,9561.398031063127,12310.436957473925
2025-03-02 05:45:00,12047.824345518604,12149.199529771488,11975.511061568746,12018.258595038636,17754.431423956856,7646.323023904753,10108.108400052102
2025-03-02 06:00:00,12046.15503776273,12120.563485274874,11928.467589848384,11978.034790625472,15186.195717641898,6031.408242489264,9154.787475152634
2025-03-02 06:15:00,12047.142669544433,12124.777248185339,11969.784455098968,12039.563851150971,10631.09395752332,5778.497503516044,4852.596454007276
2025-03-02 06:30:00,11978.572460441063,11981.966882468676,11974.884668981995,11914.30194927375,30318.842738813837,20015.35172355049,10303.491015263346
2025-03-02 06:45:00,12069.813145160217,12169.815199342816,11982.451502481432,12018.582542257976,115106.98376420754,48671.027264085395,66435.95650012215
2025-03-02 07:00:00,12123.968121014024,12219.538355958512,12014.189385433521,12044.635897591077,25333.6095248877,9491.939030430567,15841.670494457132
2025-03-02 07:15:00,12111.78570482914,12143.159486383134,12015.426729864108,12102.489867177723,59642.1736809863,37898.490033384165,21743.683647602134
2025-03-02 07:30:00,12114.625061001607,12200.478588520033,12043.89584904166,12062.141611662035,5485.0312763117545,3272.99129096422,2212.0399853475346
2025-03-02 07:45:00,12128.458921444922,12154.517474126013,12047.040150621158,12183.448400089848,25790.49879421344,17339.850174286064,8450.648619927375
2025-03-02 08:00:00,12005.856279936237,12010.698261109548,11886.975276822952,12030.219179801681,7351.294366800498,2692.102030018821,4659.192336781677
2025-03-02 08:15:00,11992.218984913265,12016.339719559386,11981.346588722929,11988.030590414446,5029.4960663979355,1799.0533866882324,3230.442679709703
2025-03-02 08:30:00,11952.525684580502,11973.876346954637,11872.773075059078,11904.86585513009,10515.741379944755,5432.135008388017,5083.606371556738
2025-03-02 08:45:00,11893.861492676666,11934.032771602599,11860.154563411,11916.490771709581,72540.4295524442,39590.64136701968,32949.78818542452
2025-03-02 09:00:00,11878.334039080251,11928.038868139605,11802.301963621672,11919.355918504116,56954.946880125746,28025.78521378175,28929.161666343996
2025-03-02 09:15:00,11986.289477801522,12047.24442144364,11913.457957060704,11994.841000870405,28085.38805559362,15154.500582081948,12930.887473511671
2025-03-02 09:30:00,12025.894746973947,12083.228666244697,12007.440189862578,12122.324495570807,4756.652483769522,1770.1972953874088,2986.4551883821136
2025-03-02 09:45:00,11992.752644384589,12025.213980349168,11967.9580305604,12020.314227693589,18100.943602177857,8902.867686634505,9198.075915543352
2025-03-02 10:00:00,12028.28613797522,12031.79486945967,11953.514753609894,12083.231783128358,29783.207558054193,16775.00520136728,13008.202356686914
2025-03-02 10:15:00,12113.648204588955,12186.948086387025,12098.114879879646,12121.738026869469,26253.017914387965,12419.845439835359,13833.172474552606
2025-03-02 10:30:00,12170.863005174007,12219.028566264788,12138.588204145974,12211.980102664289,3484.9410807343997,1992.615897333441,1492.3251834009588
2025-03-02 10:45:00,12175.708856790756,12212.07430911056,12074.01179065887,12127.201975233082,9042.420319232477,4344.670577025967,4697.74974220651
2025-03-02 11:00:00,12137.541858405968,12242.767190367224,12097.840989949727,12109.722711799368,20659.32841996585,8954.575846543175,11704.752573422673
2025-03-02 11:15:00,12181.129186069309,12272.09095308053,12121.677947928369,12202.407398958674,37657.63153562604,15870.508258912656,21787.123276713384
2025-03-02 11:30:00,12206.31278055118,12311.01432630933,12091.434247539351,12227.191646920948,2450.0707456565374,1137.7168693201518,1312.3538763363856
2025-03-02 11:45:00,12262.16845404267,12322.86407814884,12234.315050127661,12293.290562453638,18729.891911017894,5791.954028146892,12937.937882871003
2025-03-02 12:00:00,12302.337589035486,12318.445193681673,12254.404481045389,12370.024613242425,25413.829412006726,14420.062354045102,10993.767057961624
2025-03-02 12:15:00,12368.127581901124,12454.237137373148,12293.12011049154,12280.006455633404,51514.1593921483,32868.21049470883,18645.94889743947
2025-03-02 12:30:00,12336.26510774478,12361.686915555381,12243.08449493917,12276.159582933591,44040.17586972331,19459.18860389456,24580.98726582875
2025-03-02 12:45:00,12418.757346480728,12473.55258842591,12306.78320027855,12433.012381095186,39441.40054290423,12558.664707195892,26882.735835708336
2025-03-02 13:00:00,12432.268929927553,12440.350002816254,12318.454866131571,12387.241512559356,9897.717889108553,6876.045959844091,3021.671929264462
2025-03-02 13:15:00,12562.513163161715,12666.192639852783,12464.947651588265,12774.67945312825,3268.2104885171207,1325.1917082626737,1943.018780254447
2025-03-02 13:30:00,12520.479759294825,12536.248131765902,12491.89164311493,12552.765044561278,14867.713221666778,5213.3405765417065,9654.372645125071
2025-03-02 13:45:00,12630.407305572748,12744.47219907955,12627.273786138589,12625.460552939852,59971.92561040353,26861.485644088487,33110.43996631504
2025-03-02 14:00:00,12644.168815329796,12753.443591633488,12595.643791706405,12611.58041278986,88738.97972583772,52837.21321981367,35901.766506024054
2025-03-02 14:15:00,12604.250036176098,12662.807209430997,12586.408865074258,12573.989608799566,44826.24632375722,18717.94500546995,26108.301318287275
2025-03-02 14:30:00,12575.015370972793,12668.619787080654,12485.684015113935,12576.910467369442,33838.037644220436,17930.14275265882,15907.894891561617
2025-03-02 14:45:00,12556.131010886924,12633.909345896016,12473.11858825204,12563.161309971149,32197.35703115471,15011.180512849343,17186.176518305365
2025-03-02 15:00:00,12584.01603995491,12685.075207599662,12578.482641520235,12555.280493143626,12630.644625059851,4384.167441947659,8246.47718311219
2025-03-02 15:15:00,12618.171292397388,12672.657199663863,12512.608456325104,12600.937883219933,19340.172850844498,8357.175020047927,10982.99783079657
2025-03-02 15:30:00,12583.237884925898,12682.118035818296,12551.937928005744,12667.815147901965,116899.4597322538,68964.62611720413,47934.833615049676
2025-03-02 15:45:00,12582.963910574339,12641.154684967636,12528.57693365357,12670.069790469584,8582.169313001548,4675.579220746577,3906.590092254971
2025-03-02 16:00:00,12719.002760010926,12838.68422453741,12634.048249763266,12735.030864442968,110722.10589874387,38521.4775543622,72200.62834438166
2025-03-02 16:15:00,12830.13779202967,12892.540002747526,12775.042769971664,12744.095056452934,15962.09048998357,5831.413980155856,10130.676509827714
2025-03-02 16:30:00,12859.411269828084,12918.901384619528,12802.664256382452,12894.035437634695,82903.46263716648,46118.64443664233,36784.81820052415
2025-03-02 16:45:00,12863.140722732309,12964.125621059799,12854.698901338765,12963.105491578883,5394.768628572641,3373.7057722420486,2021.0628563305927
2025-03-02 17:00:00,12872.146936038149,12977.901623715314,12820.472532512154,12960.30705411149,39573.07339403829,17403.833969370356,22169.239424667936
2025-03-02 17:15:00,12912.920618196184,12984.521357365014,12814.15641689474,12960.338531882593,10543.131287265856,5673.515151542332,4869.616135723524
2025-03-02 17:30:00,12848.175714241563,12871.276453249775,12730.592250344669,12939.553414588976,5349.36321769325,1969.942780110249,3379.4204375830004
2025-03-02 17:45:00,12832.926436925296,12892.953506606744,12779.862653507162,12836.351819133357,27406.46031243261,11635.427381580343,15771.032930852267
2025-03-02 18:00:00,12727.145646199508,12850.353643605633,12673.235261075948,12767.115436088929,60443.95122547841,18623.269896856487,41820.681328621926
2025-03-02 18:15:00,12753.823214897768,12849.857742790575,12664.211395897297,12710.4107587881,9462.184560148151,5746.482892525177,3715.701667622974
2025-03-02 18:30:00,12796.369710221099,12900.169075964528,12675.729119435218,12815.069394373575,4919.607547524972,2265.006638652178,2654.6009088727938
2025-03-02 18:45:00,12766.734184139339,12770.924928318209,12732.639223789316,12851.60323554675,20093.571874619054,12587.622711557886,7505.949163061168
2025-03-02 19:00:00,12868.48421063914,12928.6906317162,12811.844322916762,12830.55928131864,20182.368813240875,11773.368669200692,8409.000144040183
2025-03-02 19:15:00,12790.902328658758,12873.611006301364,12689.090168513725,12735.809134819046,38113.339866136295,24068.486704569288,14044.853161567007
2025-03-02 19:30:00,12698.528038565097,12803.92997162486,12621.105929708807,12704.717868693308,56930.959245525504,23584.416604119306,33346.542641406195
2025-03-02 19:45:00,12714.048929925408,12720.313606351485,12699.988928044015,12699.63995818185,20755.87916389861,7763.601525546798,12992.277638351814
2025-03-02 20:00:00,12781.884630087665,12890.842384992415,12701.648556042803,12823.371286480698,140857.40066324963,97017.26345823708,43840.13720501255
2025-03-02 20:15:00,12890.781665938797,12961.47483334816,12866.708610122103,12861.567318003847,27563.142554028782,16177.665987078031,11385.47656695075
2025-03-02 20:30:00,12862.493859892498,12887.873357242554,12796.867366699471,12973.010954913927,15577.354344431224,9870.075081620082,5707.279262811142
2025-03-02 20:45:00,12933.152737262455,12974.183838972827,12864.723003518084,12849.75484747982,4395.922303029242,1341.870007070979,3054.052295958263
2025-03-02 21:00:00,12931.955872947527,12968.414878172838,12818.64564078731,13013.02208760639,16938.433316884923,7483.139802576219,9455.293514308703
2025-03-02 21:15:00,12922.087025408318,12990.685091801317,12862.3231128329,12872.66978396075,15734.531813462207,9395.508683822556,6339.0231296396505
2025-03-02 21:30:00,12980.472887176207,12987.181932843625,12944.199939322609,12863.909361215685,57543.97955659291,19058.17088591419,38485.808670678714
2025-03-02 21:45:00,13024.108231649576,13044.756152518905,12994.02692447923,13039.598790559116,34978.31664529488,18431.33327438107,16546.983370913807
2025-03-02 22:00:00,12922.75513213231,13027.777464103638,12809.777702870322,12906.303948842595,6772.53592419935,3194.125069933662,3578.410854265688
2025-03-02 22:15:00,13019.452254556627,13036.716567819545,12997.187578015537,12947.219723623515,26167.000851376913,8034.488718356931,18132.512133019984
2025-03-02 22:30:00,13110.59436724333,13141.194005400263,13054.760467688324,13000.375115214654,43110.90118033633,17002.5182685687,26108.382911767632
2025-03-02 22:45:00,13070.897932526212,13130.157541640807,13046.43272571698,13070.351517540907,101522.0565114249,42021.68431664029,59500.37219478461
2025-03-02 23:00:00,13098.072560253931,13165.805429403244,12996.784635968375,13161.980472321238,53503.58646756015,18445.039264906885,35058.547202653266
2025-03-02 23:15:00,13131.736583644393,13232.011900352427,13069.443218138047,13170.143859568863,47138.56120645642,26049.464871553224,21089.096334903195
2025-03-02 23:30:00,13150.165253438088,13208.990206776907,13103.989277852846,13153.893762454114,23390.51774424414,9285.080053528005,14105.437690716137
2025-03-02 23:45:00,13115.297251399003,13218.89034433145,13067.937960157107,13146.69839270331,32477.79829270813,13349.927532116859,19127.87076059127
2025-03-03 00:00:00,13072.566080566676,13153.399810161936,12961.159815244837,13070.787287847503,76841.86599166707,50661.49179407557,26180.374197591504
2025-03-03 00:15:00,13072.203050766417,13086.987678353786,12999.81259501879,12978.754822708936,5809.342070293321,2828.2737548431087,2981.068315450212
2025-03-03 00:30:00,13150.161030387915,13170.718866277695,13055.760251978769,13056.736106823926,15530.493188454995,7095.125362739604,8435.367825715392
2025-03-03 00:45:00,13187.218194336256,13244.850785294153,13068.923767911041,13173.82205572654,10172.377639476024,5997.109117449576,4175.268522026448
2025-03-03 01:00:00,13164.100055839852,13216.34697265711,13045.393879360654,13153.525776159739,32181.69587210866,21363.674590576553,10818.021281532107
2025-03-03 01:15:00,13216.210061045123,13314.478433617252,13172.793614354277,13272.443890232404,75374.33984009654,23367.140878393766,52007.19896170277
2025-03-03 01:30:00,13029.296993840793,13104.962960538527,12905.199290043864,13078.63270207205,12125.012094369082,5811.464202570816,6313.5478917982655
2025-03-03 01:45:00,13105.437970972605,13156.30451114818,13102.177877685448,13145.090636983688,2017.6638929962978,1098.239763368405,919.4241296278929
2025-03-03 02:00:00,12992.749959694589,13014.936416353763,12943.788657492547,12974.541743649406,14585.442992173426,6234.186460502736,8351.25653167069
2025-03-03 02:15:00,12970.503712056523,12999.925626833972,12854.314087990779,12880.96494156916,54911.26139297798,33438.93135047901,21472.330042498972
2025-03-03 02:30:00,12899.187349805095,12973.422304377456,12863.761424145843,12925.764263797404,37708.08863026333,25965.443976287013,11742.644653976316
2025-03-03 02:45:00,12816.975573971846,12871.24762216657,12781.974791187115,12850.63098527325,33798.99163731559,22894.45495611787,10904.536681197718
2025-03-03 03:00:00,12892.648714426456,12959.036509277808,12853.632686279278,12738.676228981056,16647.356235153777,6765.369304701617,9881.98693045216
2025-03-03 03:15:00,12863.78844283875,12885.744027035693,12785.021744404858,12810.124693228843,6130.117910764229,2394.0275070457383,3736.090403718491
2025-03-03 03:30:00,12887.361584829065,12972.79271053715,12830.872055090826,12842.832246647795,36875.192782352926,25185.61700217988,11689.575780173047
2025-03-03 03:45:00,12885.62690865862,12995.481870057094,12791.982569030877,12893.251991339828,9563.587431205682,4623.529684558681,4940.057746647001
2025-03-03 04:00:00,12917.650321948462,12950.970045477352,12802.048894448057,12865.76267618368,195652.75980786697,74997.437695646,120655.32211222097
2025-03-03 04:15:00,12923.903878609592,12987.42670470579,12836.77099944179,12921.439641099882,38968.43382802048,22710.755905943486,16257.677922076997
2025-03-03 04:30:00,12842.289928085369,12967.569976005941,12816.03171907115,12828.771174365342,12324.589566279876,5099.522372453007,7225.067193826869
2025-03-03 04:45:00,12907.545893783537,12950.559224382367,12787.159549193342,12897.274748244314,11951.532031455466,4863.063922585145,7088.468108870322
2025-03-03 05:00:00,12876.970719585353,12953.594663189147,12842.91204972901,12830.845777867042,20071.49229200875,13080.583843959352,6990.908448049397
2025-03-03 05:15:00,12778.03811899892,12789.563359952204,12758.884568803684,12737.213242107247,17335.263838265735,6327.226748282386,11008.037089983349
2025-03-03 05:30:00,12751.963563580102,12829.242375886111,12740.490968960608,12683.085932653807,67294.4991159017,21921.666166387487,45372.83294951421
2025-03-03 05:45:00,12848.926930775735,12860.443651834403,12776.538165597667,12873.344224639235,26540.208654527472,10819.768312008662,15720.44034251881
2025-03-03 06:00:00,12904.834008665677,13028.621749346517,12890.15315171838,12941.683931785099,10597.445506361057,5752.062027063787,4845.383479297269
2025-03-03 06:15:00,12883.62800246004,12975.831316305575,12865.748633793844,12833.986227452873,145865.56446349472,50941.38102515559,94924.18343833913
2025-03-03 06:30:00,12862.417833563128,12963.794238709268,12823.826659520888,12960.213375010331,23139.77625515865,11306.970956391546,11832.805298767104
2025-03-03 06:45:00,12843.019053253096,12933.447310461783,12806.84630355526,12822.8168913347,47516.85057059643,26178.68866456679,21338.161906029636
2025-03-03 07:00:00,12977.661924766804,13054.194965340994,12899.245763900033,13076.953083305654,11989.34349993249,7667.122788099435,4322.220711833056
2025-03-03 07:15:00,13003.742836840001,13062.248337882434,12897.535381065343,12961.992553654736,31669.698763101565,12412.869912199547,19256.82885090202
2025-03-03 07:30:00,13033.003966069706,13144.875802697652,12933.777235181125,12900.941985069861,30064.789776319307,18848.77508767622,11216.014688643088
2025-03-03 07:45:00,13101.445708179177,13226.805013678824,13067.056449852089,13127.79257301436,3328.745242473031,1311.4008124090044,2017.3444300640265
2025-03-03 08:00:00,13118.398268763434,13183.863821430186,13086.217460642545,13134.700837146947,165259.9735923573,94314.96037108877,70945.01322126853
2025-03-03 08:15:00,13102.719018403955,13224.775438452722,12976.174067910495,13104.972279583413,80069.0335493919,37814.15672236362,42254.876827028274
2025-03-03 08:30:00,13091.165705796462,13167.530783659502,13090.08748576173,13049.127846811689,14806.25023611404,5121.074739653026,9685.175496461014
2025-03-03 08:45:00,13087.788102608376,13158.250684167331,12972.652143346319,13085.525732801407,7315.3507340558535,4284.640319041991,3030.710415013863
2025-03-03 09:00:00,13086.661097697906,13146.13771270733,13060.523303284906,13053.207701407251,31180.918925300706,12070.291099165455,19110.62782613525
2025-03-03 09:15:00,13135.580970018924,13163.072133395055,13011.14967074317,13115.723283969919,24021.33563993869,8903.492931346645,15117.842708592045
2025-03-03 09:30:00,13140.306225061331,13140.79499988336,13095.325999604303,13195.602752909543,31434.740591468,13935.937500713348,17498.80309075465
2025-03-03 09:45:00,13189.755830520664,13221.609912158481,13131.674506748777,13201.904731907049,26677.54278283095,14974.534216520176,11703.008566310775
2025-03-03 10:00:00,13185.751646188182,13252.9624776789,13092.512478194476,13225.96498373622,36542.85605513563,14383.216673282492,22159.639381853136
2025-03-03 10:15:00,13192.254541803595,13242.379825862616,13114.727744669839,13176.960200005418,93648.68811499671,34974.471300141086,58674.21681485562
2025-03-03 10:30:00,13061.769906978006,13120.350015526496,13020.241403287913,13039.43314760252,38874.866101012005,11817.238177034253,27057.62792397775
2025-03-03 10:45:00,13122.920390200505,13251.610075361814,13050.241600014851,13047.23509307881,7710.54769569942,3767.8149469299187,3942.732748769501
2025-03-03 11:00:00,13146.967385666181,13193.01757999908,13050.901589894174,13122.643089281499,86039.59297418357,40564.07401788127,45475.5189563023
2025-03-03 11:15:00,13213.886114229199,13273.637052864218,13208.292022691123,12994.461966679879,113619.97016079802,44714.80946970014,68905.16069109787
2025-03-03 11:30:00,13023.853559214745,13041.242429101714,13022.394978098593,12985.418736931764,515069.30041834875,165574.62315846537,349494.6772598834
2025-03-03 11:45:00,13161.149376229829,13167.461165033315,13100.862502135322,13155.761584849506,7161.723668169891,3378.201883168556,3783.5217850013355
2025-03-03 12:00:00,13153.27969142984,13255.27147363815,13135.938852354422,13190.350477576367,28081.941939842287,17278.31464827288,10803.627291569406
2025-03-03 12:15:00,13227.476212087908,13302.963193316942,13139.60022896805,13209.706560919529,2746.001950987276,1609.4670365484885,1136.5349144387874
2025-03-03 12:30:00,13160.022305139806,13260.131227291453,13131.852954155576,13182.899262994062,38297.85454045467,24675.995354548995,13621.859185905672
2025-03-03 12:45:00,13201.658898663476,13221.44327418847,13144.515372005222,13057.774766769235,12731.05676474756,3868.1161259182813,8862.94063882928
2025-03-03 13:00:00,13133.444899835533,13208.545716420218,13107.483896258162,13129.712581501833,150760.20314077646,103507.08995048559,47253.11319029087
2025-03-03 13:15:00,13093.797067947886,13127.008498816265,13021.979740278892,12983.841724220587,10151.583985525265,4431.8252581515435,5719.758727373722
2025-03-03 13:30:00,13220.416138300789,13250.566859547542,13205.073388027255,13140.544761808847,4067.6347297879142,2831.721007612008,1235.913722175906
2025-03-03 13:45:00,13209.133676472911,13210.65616307674,13206.081461399786,13196.772202766091,13749.204670790636,5514.088068292603,8235.116602498034
2025-03-03 14:00:00,13224.815089278012,13242.05240895605,13218.053024686284,13309.206865501676,3054.930826959384,1492.6836666661543,1562.2471602932296
2025-03-03 14:15:00,13283.669995054473,13324.75215038603,13156.90945278363,13308.324935783816,46681.32424200928,20613.12232397588,26068.2019180334
2025-03-03 14:30:00,13317.920735165748,13333.486555857495,13298.97116935408,13319.134730039725,2793.1267709981234,1235.411942147445,1557.7148288506785
2025-03-03 14:45:00,13329.268862518125,13460.676584644329,13234.833891325045,13327.967233457142,22662.289831670205,14433.903366244871,8228.386465425334
2025-03-03 15:00:00,13354.925106035409,13396.142765098555,13345.853612334078,13307.272803924165,2757.7990092223667,1650.7290677556869,1107.06994146668
2025-03-03 15:15:00,13516.747774243691,13534.363333408886,13502.128012240328,13479.983341284038,15989.73440247522,11142.615495287791,4847.118907187429
2025-03-03 15:30:00,13514.205355288324,13541.10974786995,13445.434773668574,13543.083593500442,113934.4037202686,62140.4929357004,51793.9107845682
2025-03-03 15:45:00,13529.145244894145,13608.656468265395,13466.252181552272,13435.431526541259,31591.642648143523,15331.507634612464,16260.135013531059
2025-03-03 16:00:00,13601.570439047502,13610.28136405762,13472.140572974931,13641.902771242938,9288.258875560996,3121.129405457309,6167.129470103687
2025-03-03 16:15:00,13678.115040338016,13796.079772805862,13548.87936013194,13651.544818547836,21349.775664007113,14915.477796012263,6434.29786799485
2025-03-03 16:30:00,13760.664537221162,13892.973282607445,13653.38520721771,13817.46560703921,22426.910357624678,11675.72451240521,10751.185845219468
2025-03-03 16:45:00,13805.987365250528,13840.053282971947,13722.861262657203,13872.331585887383,35335.038611227574,20501.070958486733,14833.967652740841
2025-03-03 17:00:00,13728.466407069172,13790.257584817477,13666.007332730376,13613.622018759725,5614.689889568176,2597.8999144792047,3016.7899750889715
2025-03-03 17:15:00,13841.961803307095,13845.02564556397,13792.659706633776,13801.71070975645,39837.63206638121,20679.168363683086,19158.46370269812
2025-03-03 17:30:00,13764.007653769617,13852.195058139556,13633.650451316002,13705.130205545485,1473.8132496163614,997.8173949077385,475.9958547086229
2025-03-03 17:45:00,13786.211438834254,13843.276160397816,13703.093155307884,13661.258183796324,11732.469495159723,4300.745240121579,7431.724255038144
2025-03-03 18:00:00,13735.597028220272,13772.691170864575,13656.057959316195,13664.68472321907,13517.30719170619,5636.028172241886,7881.279019464304
2025-03-03 18:15:00,13732.565695508805,13760.969737606922,13700.719721613266,13900.189226882061,41494.94228210059,14972.366535662728,26522.57574643786
2025-03-03 18:30:00,13756.512709066888,13846.483476865245,13750.088717814666,13798.436362234632,22530.626776433728,13898.836374922317,8631.79040151141
2025-03-03 18:45:00,13779.992133430254,13837.346807564505,13649.745221493307,13912.093199054792,5401.526869216444,1754.5137172753505,3647.0131519410934
2025-03-03 19:00:00,13810.440456015065,13835.252195150242,13767.1122349028,13867.691529205305,8225.602902664594,2736.268685185965,5489.3342174786285
2025-03-03 19:15:00,13923.251817033342,14019.198209742799,13861.62903280133,13871.607471336018,26867.697552942715,11268.249083364812,15599.448469577903
2025-03-03 19:30:00,13956.217503653255,14035.080220526714,13940.21810378037,13929.57709436619,20351.96320352761,10291.48453617557,10060.478667352041
2025-03-03 19:45:00,13940.575609868238,14060.279436926492,13823.90354085985,13981.591305179349,12343.38894171454,5708.939834724154,6634.449106990386
2025-03-03 20:00:00,14009.169317749363,14025.62671533052,14005.298327498978,14039.81481015946,13618.251723499961,4329.603437063441,9288.64828643652
2025-03-03 20:15:00,14093.887702070195,14204.618670660917,13976.345980614307,14053.202734394794,44186.20861798916,30179.031275816473,14007.17734217269
2025-03-03 20:30:00,14008.788257396778,14103.139797940032,13989.13602699845,13903.022384412981,13125.43759047587,8940.363045673443,4185.074544802428
2025-03-03 20:45:00,14052.033391639923,14068.194766887047,13927.453106494699,14283.032041584545,20169.135230245873,8304.490753420627,11864.644476825246
2025-03-03 21:00:00,14102.70310892039,14200.691613593433,13999.785440506734,14092.750149305532,192901.8111826214,114315.58979950275,78586.22138311865
2025-03-03 21:15:00,14083.131130511601,14145.314814207768,14059.94040150974,14060.194012776608,5304.534835915642,2818.9898207293063,2485.545015186336
2025-03-03 21:30:00,14181.41074086968,14315.422914748082,14101.169767256535,14189.446953788367,3457.002864138537,1365.4839051617996,2091.5189589767374
2025-03-03 21:45:00,14172.188882375414,14192.258310463865,14127.87863895232,14154.988905301072,48222.918028207816,19523.94630804793,28698.971720159887
2025-03-03 22:00:00,14182.50456735254,14273.67444236545,14157.226649958871,14191.207583822936,11174.13418587203,5547.524845986396,5626.609339885634
2025-03-03 22:15:00,14171.649858117346,14225.782732688232,14049.889565173531,14262.840689740828,16022.711640661495,7493.738541288477,8528.973099373019
2025-03-03 22:30:00,14174.170927140392,14309.791474005899,14116.974920485733,14165.344069941439,10085.395052118914,4200.483646025877,5884.911406093038
2025-03-03 22:45:00,14097.894391909014,14144.41390416685,14041.70811995219,14015.93554699895,16986.936037494463,10582.939945636585,6403.996091857878
2025-03-03 23:00:00,13997.795755039257,14132.480573433686,13974.015365284798,13986.482470938352,108938.42704398194,53661.453284163756,55276.97375981818
2025-03-03 23:15:00,14110.793315641757,14238.000120860337,14056.739709826126,14078.027927877301,49125.251002203346,27605.405473929975,21519.84552827337
2025-03-03 23:30:00,14052.447912311036,14090.443375616687,13929.964408985747,14152.49424055132,52167.94537042618,19599.987457858686,32567.957912567497
2025-03-03 23:45:00,13984.195710345275,14096.564565031067,13933.415080789951,14066.081501352308,5344.231020720581,2743.744586141268,2600.486434579313
2025-03-04 00:00:00,13835.026985969524,13972.769095962485,13703.37237629823,13842.465042382657,6966.347002665037,2975.9567003922075,3990.390302272829
2025-03-04 00:15:00,13792.210223556689,13827.058035973301,13661.693310813642,13704.027254906356,1288.0971624637764,657.6578998719147,630.4392625918617
2025-03-04 00:30:00,13702.347781702452,13762.196508474208,13682.493263473136,13618.35977101969,9804.719976010783,6003.727451454993,3800.9925245557906
2025-03-04 00:45:00,13816.215330415704,13888.084621087111,13791.717625823954,13817.260061608455,57337.1013612835,34836.03227439807,22501.06908688543
2025-03-04 01:00:00,13887.356203702202,13928.314341086909,13767.553582678236,13910.709388074458,36936.168116859866,16314.272240794802,20621.895876065064
2025-03-04 01:15:00,13840.961994496653,13843.07479515058,13786.600104979047,13815.036293473837,17649.92365838065,10196.552343200688,7453.37131517996
2025-03-04 01:30:00,13998.225482580172,14029.03967053604,13997.613202677629,13964.617872032124,21540.705781974175,14572.631685381126,6968.074096593049
2025-03-04 01:45:00,14068.340178418048,14108.004018395679,14029.810959169072,14026.641672068734,11060.26746000574,6086.108290198536,4974.159169807203
2025-03-04 02:00:00,14046.897820416762,14109.209817192603,13962.949486397396,14045.254757570952,27031.520294591443,9714.156593233662,17317.363701357783
2025-03-04 02:15:00,13872.75802675583,13896.494659563905,13761.877793307991,13707.480599027964,47376.34248893872,27093.74627204701,20282.596216891707
2025-03-04 02:30:00,14033.053762372228,14155.598015729029,14014.335266022646,13955.77888341494,4376.975381189049,1496.7581809285866,2880.217200260462
2025-03-04 02:45:00,13936.957342084437,14035.20050595281,13921.551239280318,13893.26143766285,29722.145534689076,19285.04065739214,10437.104877296937
2025-03-04 03:00:00,13823.691777083359,13835.46962849381,13696.22453075439,13907.152537017653,55962.37511452913,28354.13192352945,27608.24319099968
2025-03-04 03:15:00,13895.75263862337,13986.08787755614,13791.374919481686,13839.20987331246,14543.50397980265,6603.569526473427,7939.934453329223
2025-03-04 03:30:00,14066.653193577115,14158.60078319045,13983.6909425292,14079.346107395259,44386.94226876237,14328.222050890563,30058.720217871803
2025-03-04 03:45:00,14165.420287212886,14300.873035334826,14056.461745616241,14181.465653612682,367564.62939506077,166254.4417325246,201310.18766253616
2025-03-04 04:00:00,14206.776877688277,14207.206046141608,14145.850495447206,14298.972928697232,19844.004635403548,13122.49631256039,6721.508322843158
2025-03-04 04:15:00,14250.445266521421,14285.776744578943,14142.361945380348,14340.406717684868,32640.432186727725,10066.087282961293,22574.344903766432
2025-03-04 04:30:00,14312.678069598056,14445.469877198206,14259.463104403796,14308.562962196016,10529.571555763978,5158.008163199219,5371.563392564759
2025-03-04 04:45:00,14368.420840322178,14502.353764081976,14333.348304898056,14334.261015999371,26403.481689111937,17755.370750056678,8648.11093905526
2025-03-04 05:00:00,14390.059065987616,14493.751877356535,14285.15360406458,14342.296078189518,34901.03015123664,15982.452100468361,18918.57805076828
2025-03-04 05:15:00,14398.995372097257,14509.257597256112,14338.566778171558,14381.64003097392,26764.78581240974,12613.44796972522,14151.33784268452
2025-03-04 05:30:00,14395.928880839716,14409.098702401356,14254.650530848072,14364.687314335943,7945.052447663105,4222.191727370879,3722.8607202922267
2025-03-04 05:45:00,14343.09837072782,14416.80408721346,14292.971367238251,14382.8020326936,27074.883563028598,13136.054830341047,13938.82873268755
2025-03-04 06:00:00,14324.403929376333,14357.576812480302,14192.371970531642,14354.507367382037,95053.57307279778,34926.54919313772,60127.02387966006
2025-03-04 06:15:00,14204.583383561645,14230.3246516728,14072.059940413032,14246.614830392198,34497.28017879486,10605.230305703079,23892.049873091783
2025-03-04 06:30:00,14199.01947475643,14314.074598003544,14164.678727702434,14288.422444471056,57640.87261616643,31352.29222381136,26288.58039235507
2025-03-04 06:45:00,14130.254254788872,14149.335486842761,14017.463572314906,14261.868326432768,17378.481596031215,11614.432609137195,5764.04898689402
2025-03-04 07:00:00,14053.697291988712,14119.560174406133,13992.834311986917,14062.457199960421,46625.376847040774,15971.32016827238,30654.056678768393
2025-03-04 07:15:00,14067.743551442463,14199.780331217069,13938.668525794626,14145.078423342942,29122.54333264044,11194.15488282279,17928.388449817652
2025-03-04 07:30:00,14167.061981734194,14193.388924228067,14103.292597035128,14142.152023629757,8510.783370876514,3813.6121918098925,4697.171179066621
2025-03-04 07:45:00,14233.52792931282,14372.730896427445,14127.587251826693,14317.86207929912,30288.42801334605,18884.740718027497,11403.687295318552
2025-03-04 08:00:00,14123.182461082386,14263.607567500043,14057.231801852393,14198.141898636908,8170.64667051632,3331.206364465201,4839.4403060511195
2025-03-04 08:15:00,14054.711285621475,14132.80167256547,14022.694547099569,14125.57626218827,11697.374865198972,7636.300866899098,4061.073998299874
2025-03-04 08:30:00,14122.228093915064,14146.256039768119,14094.075413999983,14128.87047268539,26617.61003973038,8570.421922338255,18047.18811739213
2025-03-04 08:45:00,14054.265761369736,14098.69198240563,13994.47453069718,14007.29934506719,29650.796675196478,20055.284385410356,9595.512289786122
2025-03-04 09:00:00,14039.885918001513,14099.484227439392,13933.81533004012,13941.990817116313,6706.064430864771,3515.981742715676,3190.082688149095
2025-03-04 09:15:00,14079.903250189624,14123.455801708662,13994.709770481686,14077.0846501481,63195.33544637406,35611.27118455783,27584.06426181623
2025-03-04 09:30:00,14013.140259327954,14052.466116753629,13916.641671067377,14120.55185819719,39026.894043041015,17447.980227617343,21578.91381542367
2025-03-04 09:45:00,14021.924782091493,14158.250100626958,13982.337193551837,14000.201672586285,10886.421572812389,6671.174255685163,4215.247317127226
2025-03-04 10:00:00,13929.798948834024,13951.162360951264,13862.735973073506,13984.48222625824,4733.4765123454945,1735.417926713249,2998.0585856322455
2025-03-04 10:15:00,13889.307276856036,13991.161443444662,13883.14108208807,13947.916778498737,19055.202129092173,6089.3705256014155,12965.831603490758
2025-03-04 10:30:00,13912.903955308188,13912.9610384838,13799.161455472424,13893.169459582166,14101.779670096897,6461.531016026277,7640.24865407062
2025-03-04 10:45:00,13803.479401623548,13885.773353590555,13666.839840910481,13894.33009587422,24664.998603595603,15822.061018373835,8842.937585221767
2025-03-04 11:00:00,13835.26016942557,13961.983267026266,13778.967392536528,13634.049778703156,15319.523487234606,9221.904808176336,6097.618679058271
2025-03-04 11:15:00,13835.285225155985,13875.121728334252,13833.768372474138,13750.699730828577,2958.812070571353,1499.7105523117143,1459.1015182596389
2025-03-04 11:30:00,13874.888034195474,13900.62955553683,13851.329495567474,13811.366556233139,14937.84286474545,7899.954365081839,7037.888499663611
2025-03-04 11:45:00,13891.809440695999,13982.33955596403,13801.161650289589,13834.87281622925,16226.17387836918,5710.917597541318,10515.256280827862
2025-03-04 12:00:00,13987.950516157796,14087.628848388138,13902.333164007805,14011.468663765825,41508.81215550261,26410.919976175486,15097.892179327122
2025-03-04 12:15:00,13998.107481941659,14094.41873349312,13887.821331681776,14018.407383646534,10957.728938490869,6736.635038124213,4221.093900366656
2025-03-04 12:30:00,13969.45296809979,14014.05978947358,13933.986760595057,13996.972131939156,118027.70610327477,66400.98971705808,51626.71638621669
2025-03-04 12:45:00,13979.392059480228,14014.648422061508,13872.640960114575,14021.056344009623,3256.3409934217266,1584.1330909719895,1672.207902449737
2025-03-04 13:00:00,14018.764879451388,14152.77288845654,13922.31801706579,13952.16841662266,81729.27156765807,56048.602851561845,25680.668716096225
2025-03-04 13:15:00,14023.591545128782,14153.071296906739,13978.321358520934,13938.175527173995,17600.47253282674,11468.692990443364,6131.779542383378
2025-03-04 13:30:00,14027.840110771142,14091.991753606904,13951.319905538505,14055.637656430932,52030.47441478337,29021.15204640244,23009.32236838093
2025-03-04 13:45:00,13980.005759004001,14098.30371022472,13959.41687209443,13935.95251890857,23856.249226227137,10704.785673509552,13151.463552717585
2025-03-04 14:00:00,13935.066966354845,13998.098545867728,13872.001799735146,13825.643591723885,68841.0522756299,37670.43728037613,31170.614995253774
2025-03-04 14:15:00,13838.733481102025,13897.463546236146,13716.786929838358,13905.94435446283,14952.563496351868,7927.495845845289,7025.0676505065785
2025-03-04 14:30:00,13961.176985718628,13983.062938280995,13902.373711732615,14058.563308867588,7342.095525661061,3360.453591662503,3981.641933998558
2025-03-04 14:45:00,13875.74412954057,13934.91114289226,13759.24800155323,13983.777959910502,91172.10720849164,38535.67705246717,52636.43015602447
2025-03-04 15:00:00,13829.0588278003,13903.37853238983,13747.432342685466,13841.989531707934,19663.49901312602,9100.352228533897,10563.146784592123
2025-03-04 15:15:00,13780.767251993702,13783.868520978278,13754.32516875029,13823.896374644479,27489.47473887885,14557.451661067467,12932.023077811382
2025-03-04 15:30:00,13843.809051452936,13905.29120786209,13763.361812550891,13938.630022002313,75716.54033543351,35681.7177960589,40034.82253937461
2025-03-04 15:45:00,13824.777297227769,13932.798054318944,13754.826228810705,13780.440144967772,7848.241381982584,3181.9108968095675,4666.330485173017
2025-03-04 16:00:00,13912.408556352972,14007.019342087126,13856.94794512595,13989.669564927895,39954.27273894426,24147.77619854218,15806.49654040208
2025-03-04 16:15:00,13866.950413591838,13955.027318286064,13850.361319864582,13886.044943206607,12211.156053963761,6259.279828487258,5951.876225476503
2025-03-04 16:30:00,13887.681099699392,14013.997257025756,13829.80992934947,13951.12777992346,19299.426209158766,6312.264590293726,12987.16161886504
2025-03-04 16:45:00,13831.064700393135,13833.558719338842,13821.000889057888,13843.93402345327,23677.46344869339,10591.559274413241,13085.90417428015
2025-03-04 17:00:00,13980.796288754304,14058.675977011264,13966.98758888191,14071.409793738892,4913.67856352253,3213.375683166832,1700.3028803556977
2025-03-04 17:15:00,13899.176510536687,14008.611516730829,13841.367537487864,13914.710491686008,10108.813612234171,6086.462214490488,4022.3513977436833
2025-03-04 17:30:00,13922.097691878069,13997.462932698441,13879.582183625515,13818.797184685034,85056.65921549249,36514.71438241948,48541.94483307301
2025-03-04 17:45:00,13967.607419903208,14012.847879138164,13838.331021969583,14069.007125916578,53433.394175514106,36082.142321462445,17351.25185405166
2025-03-04 18:00:00,13997.903097364762,14016.975319435951,13945.31216279646,13931.585879895252,20689.061769771026,6840.655452038155,13848.406317732872
2025-03-04 18:15:00,13986.33469420396,14110.472236050331,13880.338120743749,14073.963151802918,28088.723013093342,19226.5590432082,8862.163969885143
2025-03-04 18:30:00,13978.654748889845,14044.460998409324,13904.533277864579,13972.347378473849,16411.82670334859,6536.53577020007,9875.29093314852
2025-03-04 18:45:00,13983.114741568916,14105.90259712658,13884.661634643715,14065.33622428574,85526.65714693,25969.11508038195,59557.54206654805
2025-03-04 19:00:00,13974.235323763014,14056.103678001084,13937.886104181724,14053.522942073856,18027.387750586975,8536.386598630761,9491.001151956214
2025-03-04 19:15:00,14042.980115304155,14137.656780179346,13910.708587263409,14073.1825614794,27773.624550148445,12320.051340537508,15453.573209610937
2025-03-04 19:30:00,14199.596066094537,14313.797901332788,14124.325640739857,14235.701046572776,69288.2171580218,35727.47157151465,33560.745586507146
2025-03-04 19:45:00,14161.43523491476,14254.781120460659,14043.707814967443,14191.36037386873,10123.639526101086,6263.588347666133,3860.051178434953
2025-03-04 20:00:00,14065.859497538739,14121.84933215179,14014.512683192572,13924.228617166165,104693.17248834786,66686.65305811795,38006.519430229906
2025-03-04 20:15:00,14061.057269047174,14133.279553314327,14046.966493867096,14069.376508970106,4767.315276217204,2195.3105454353376,2572.0047307818663
2025-03-04 20:30:00,14243.830578445344,14358.215022447963,14147.868232756733,14164.345433252143,112380.09737131222,53036.47182433916,59343.62554697306
2025-03-04 20:45:00,14188.017939571359,14241.031510652017,14186.916999273197,14200.161970903797,15173.783015627614,5451.50159579533,9722.281419832285
2025-03-04 21:00:00,14305.715834568782,14361.239387267073,14237.721771959657,14223.962778149798,17279.934505756206,5512.628178675589,11767.306327080616
2025-03-04 21:15:00,14427.14996166025,14440.955318202426,14399.334142033626,14341.672564893106,3327.544184661124,1851.7317401479754,1475.8124445131484
2025-03-04 21:30:00,14388.659173755752,14520.255610996028,14298.388250682918,14504.123451465444,13977.515511140966,4553.52581760783,9423.989693533136
2025-03-04 21:45:00,14431.032557683284,14444.170037932376,14289.69215691434,14508.198708067031,7786.863833006221,4621.753236499295,3165.1105965069264
2025-03-04 22:00:00,14549.972884365,14644.28714391773,14482.402387421142,14549.671511871957,11996.301280415775,6185.725502920698,5810.575777495077
2025-03-04 22:15:00,14523.846389898043,14583.8581212909,14405.114198880161,14537.26414736747,19200.450748239662,7285.288301619364,11915.1624466203
2025-03-04 22:30:00,14510.514925146399,14569.372387308704,14436.832824911324,14492.527979187764,57399.542648107235,29607.21087674684,27792.331771360394
2025-03-04 22:45:00,14469.76352872129,14568.093072528442,14398.0166487398,14510.993410726433,27108.52007588929,10116.874932506744,16991.645143382546
2025-03-04 23:00:00,14397.794055412642,14407.45407286078,14263.833597021585,14349.12559771348,29961.744195237276,14246.65605071506,15715.088144522215
2025-03-04 23:15:00,14352.493012924862,14437.704593940298,14224.76072379558,14423.806263822235,7364.898969520962,4564.942070521187,2799.956898999775
2025-03-04 23:30:00,14266.095291591442,14376.234081859635,14153.992248425957,14248.042486636667,9129.314698780145,4425.597047627592,4703.717651152553
2025-03-04 23:45:00,14269.953091150872,14388.138663196218,14227.677534122731,14239.997106471012,133082.56690092655,47840.484860460216,85242.08204046634
2025-03-05 00:00:00,14216.442677016745,14240.686032071806,14138.961868010434,14217.986086429919,10559.687512855437,6225.268131013577,4334.41938184186
2025-03-05 00:15:00,14234.482341352781,14362.225297564093,14202.611729215107,14192.408995794167,115405.61076912766,43243.33249154752,72162.27827758013
2025-03-05 00:30:00,14125.16894408255,14217.850688075994,14062.464960512483,14148.382412660429,17273.672510156168,10285.08921796135,6988.583292194819
2025-03-05 00:45:00,14149.950156878393,14274.732171650558,14081.43424942029,14111.931887603614,22076.918636443705,10856.124185817504,11220.794450626201
2025-03-05 01:00:00,14210.337118199484,14279.29714407046,14092.158264881493,14243.62650991893,64238.960066198,30930.847516989506,33308.1125492085
2025-03-05 01:15:00,14070.099873883752,14146.36450688868,13944.027787984196,14155.646541132652,78581.56602276764,50337.309263428215,28244.256759339427
2025-03-05 01:30:00,14097.821950352329,14227.386330303416,14039.369552185233,14047.117605024085,19716.032963122063,11503.150066410655,8212.882896711408
2025-03-05 01:45:00,14185.769026896647,14313.428116167943,14183.257515211064,14176.507460507793,14939.39475986719,4678.485382988826,10260.909376878364
2025-03-05 02:00:00,14101.38916331627,14164.58607214775,13979.867080459919,14133.916182903782,20828.542309757475,8716.1143900244,12112.427919733074
2025-03-05 02:15:00,14220.727272885675,14259.750744832934,14195.943577321208,14189.736230010314,30882.88815905851,20023.484593493853,10859.403565564658
2025-03-05 02:30:00,14251.943120884709,14307.977547586943,14163.31285711201,14285.030471998503,53707.27181453318,16505.880950510327,37201.390864022855
2025-03-05 02:45:00,14203.129370857707,14258.204040092827,14199.58272156398,14242.571380209025,22119.831962914563,11460.315432280308,10659.516530634255
2025-03-05 03:00:00,14200.589206670464,14241.32599315678,14143.856933264662,14277.503984112682,40900.03910010218,24177.251060939587,16722.78803916259
2025-03-05 03:15:00,14241.65212122988,14279.902294147558,14101.235084949183,14198.500624103533,113364.06492514645,62207.67293713228,51156.39198801417
2025-03-05 03:30:00,14248.488498161169,14371.17695162741,14234.141181989507,14181.322887327293,32251.17037505428,19486.572562830443,12764.597812223838
2025-03-05 03:45:00,14288.29563981942,14298.2777175865,14227.757109656042,14266.321856448367,30081.115325142207,17756.18267663072,12324.932648511487
2025-03-05 04:00:00,14223.950186954939,14320.33326395802,14180.261331040663,14155.123881599804,4822.69980094102,2781.792458586304,2040.907342354716
2025-03-05 04:15:00,14237.417481597187,14262.022593814952,14108.556306894046,14277.602464590367,1586.4750162290252,997.2834905466335,589.1915256823917
2025-03-05 04:30:00,14138.203005884236,14186.909948459523,14015.293936616721,14056.077627263016,32479.867967592254,18132.739453936636,14347.128513655618
2025-03-05 04:45:00,14131.75414301036,14140.451253286443,14098.1631386029,14296.602215182127,20033.79284044403,9234.925351776328,10798.867488667704
2025-03-05 05:00:00,14069.298315638816,14107.28171198159,14057.875763682825,14160.462294038962,13163.686898273552,6433.931576425502,6729.755321848051
2025-03-05 05:15:00,14018.96329455848,14126.687962466058,13931.044993288968,14019.844790820616,28100.15030349462,16486.074738883697,11614.075564610925
2025-03-05 05:30:00,14107.008915147584,14231.858105881887,14059.557350974383,14168.190624375948,20735.371120893495,13488.82363251512,7246.547488378375
2025-03-05 05:45:00,14185.395224041169,14216.81972606708,14090.05739699461,14069.30181729769,68035.18321910995,27818.7373620612,40216.44585704875
2025-03-05 06:00:00,14230.018088519064,14295.981029894549,14225.447441420625,14409.556329268575,24007.243307104804,10487.10134036838,13520.141966736424
2025-03-05 06:15:00,14153.72293832986,14220.29130098723,14134.841980180987,14111.954267853664,10436.62689550186,7016.499995362206,3420.126900139654
2025-03-05 06:30:00,14132.74652296206,14256.206706612273,14035.743275100305,14124.231725925498,59288.239247014724,31506.049996340622,27782.189250674102
2025-03-05 06:45:00,14219.881809121325,14328.35093288136,14189.682952940053,14087.926049174157,17727.438660751635,6587.245452576443,11140.193208175191
2025-03-05 07:00:00,14231.379786113803,14304.397753655787,14109.333226977149,14265.982482708469,37292.096148436336,21087.86201795905,16204.234130477285
2025-03-05 07:15:00,14397.839221755576,14494.41232526393,14389.403399944471,14318.19439526795,13664.948010855242,9514.969741883971,4149.97826897127
2025-03-05 07:30:00,14427.593640750993,14549.846584623401,14396.504775905658,14434.926880846571,11500.814230562539,7238.398858156212,4262.415372406327
2025-03-05 07:45:00,14442.890433173985,14444.268133852363,14298.669470576056,14403.58595317245,23960.651192682206,14335.572658981684,9625.078533700522
2025-03-05 08:00:00,14422.012046099468,14480.11689491004,14359.553758415623,14344.295866038587,22310.855741384003,8549.93627874013,13760.919462643873
2025-03-05 08:15:00,14433.083889991163,14564.027057410478,14331.624266053932,14375.036804827068,35590.251154625934,23149.889339773257,12440.361814852677
2025-03-05 08:30:00,14423.524148684295,14530.303377463928,14397.17769972168,14439.807444494876,16837.338798069126,8592.355597361919,8244.983200707207
2025-03-05 08:45:00,14476.033614089718,14554.615513909504,14387.748811011386,14383.27908209271,3510.9439651019256,2302.182164018134,1208.7618010837919
2025-03-05 09:00:00,14546.727491934107,14623.773437957849,14441.102820866012,14492.263695328307,14288.726038809738,6171.745609493869,8116.9804293158695
2025-03-05 09:15:00,14491.014292215594,14541.409706763503,14445.443437966498,14539.071812453341,48718.712092132126,15824.832574983391,32893.879517148736
2025-03-05 09:30:00,14396.008814863446,14470.942996769652,14276.680713557249,14583.335430959423,16360.479528446147,8023.021895049884,8337.457633396263
2025-03-05 09:45:00,14265.278272059459,14358.770509211246,14179.199075347864,14299.342959112199,17216.381072181583,7023.165134514203,10193.21593766738
2025-03-05 10:00:00,14302.937988077665,14362.776194029173,14247.281965315085,14237.340306143145,59063.977860864055,34616.908132974735,24447.06972788932
2025-03-05 10:15:00,14225.46136114537,14327.052941044794,14146.134157946972,14199.349518937906,10807.836725869349,7380.05155877186,3427.7851670974887
2025-03-05 10:30:00,14073.75459755739,14194.962307737094,13992.582691274467,14075.977477160252,4708.839574230031,2714.126443354004,1994.7131308760268
2025-03-05 10:45:00,14102.505772627297,14124.320212271947,14079.161148419409,14077.866935710097,18757.873822967034,12282.16004400753,6475.7137789595035
2025-03-05 11:00:00,14279.703723633325,14344.183300664541,14222.194734417155,14344.18073896438,13572.840442902456,6531.381194235715,7041.459248666741
2025-03-05 11:15:00,14280.698239915078,14338.966357909729,14231.653953976449,14296.226605845624,8381.261174030404,5101.307372591194,3279.95380143921
2025-03-05 11:30:00,14341.997478373552,14440.593663235071,14284.500020010524,14407.099561449118,18483.27492592418,11777.863923576871,6705.411002347308
2025-03-05 11:45:00,14349.29966039112,14385.153891734803,14240.085621302404,14326.73941952447,36008.332437257326,21041.478099006046,14966.85433825128
2025-03-05 12:00:00,14343.639604022399,14435.47488782461,14274.42603390439,14438.702091256071,21822.81886883004,10979.298356489893,10843.520512340147
2025-03-05 12:15:00,14410.988477185347,14537.44335069981,14275.479624692924,14398.992368001853,29940.91063034401,16477.87369092513,13463.036939418878
2025-03-05 12:30:00,14391.513860475452,14451.689327614778,14349.249378742026,14321.629398161187,135050.9911753813,78356.9629893029,56694.02818607839
2025-03-05 12:45:00,14412.193912832252,14543.491262089603,14352.281907027245,14569.093730541965,15632.715401716878,6272.3731997846335,9360.342201932244
2025-03-05 13:00:00,14436.816988044682,14580.19821942613,14323.20547354087,14305.082639344024,29095.78608634974,18150.87382411593,10944.91226223381
2025-03-05 13:15:00,14390.035171689964,14405.301854991842,14311.462040665032,14336.882790490828,13237.20411197175,9003.017191561625,4234.186920410126
2025-03-05 13:30:00,14462.851796715315,14496.557933901086,14383.73592661163,14417.508742248136,9448.774032988937,4593.0086740557745,4855.765358933162
2025-03-05 13:45:00,14451.64599673761,14588.991514046476,14443.937465206018,14632.891768285659,12272.206453288149,7123.118419486277,5149.0880338018715
2025-03-05 14:00:00,14398.482353793592,14536.466996623132,14341.090051694793,14528.562482589483,13646.541908470585,8117.104536939799,5529.437371530786
2025-03-05 14:15:00,14438.546839605395,14452.654350327814,14399.45682283907,14546.397596990306,31554.635968750637,17825.18290392047,13729.453064830166
2025-03-05 14:30:00,14375.127834094477,14377.283887696889,14231.4721326965,14351.361531388924,230746.68514676328,119722.00460024695,111024.68054651633
2025-03-05 14:45:00,14378.590885576356,14401.754798836964,14334.253771495205,14553.015990240483,10763.935974598364,7025.181646451056,3738.754328147308
2025-03-05 15:00:00,14379.373153054743,14522.593547829401,14252.188095790894,14405.856507629267,14521.341797197614,6964.009814033195,7557.331983164419
2025-03-05 15:15:00,14458.883578101748,14484.909513108516,14361.107729636396,14529.53426458353,20679.062354206275,6709.139445147014,13969.92290905926
2025-03-05 15:30:00,14494.647498879267,14567.490002987677,14445.232867101036,14507.670604910825,32721.866990795912,20870.744654151556,11851.122336644356
2025-03-05 15:45:00,14494.283178904256,14617.255246713115,14415.501766928013,14490.698266441012,28668.401780276505,16329.306896944081,12339.094883332424
2025-03-05 16:00:00,14554.997288796014,14557.966742678555,14432.657314258051,14536.674099214139,79546.40125389665,50886.1073649186,28660.29388897805
2025-03-05 16:15:00,14657.625124058946,14746.22885299463,14528.144310468797,14642.261001886205,1946.149199154098,691.6983574096655,1254.4508417444324
2025-03-05 16:30:00,14699.971758375561,14740.69442112291,14676.393904047492,14744.695808629436,2024.4839950386256,632.248732856506,1392.2352621821196
2025-03-05 16:45:00,14702.202671648014,14828.984898771369,14652.277940209107,14729.195900960935,13414.906969043219,9038.291104102473,4376.615864940746
2025-03-05 17:00:00,14607.238481115062,14648.644327189375,14558.271631737287,14604.9399320656,65992.75138939697,23697.424361288588,42295.32702810838
2025-03-05 17:15:00,14530.907358532993,14630.699196026584,14524.797868166113,14640.581124999942,4602.48644697916,2871.311488141478,1731.174958837682
2025-03-05 17:30:00,14510.18448975628,14608.015002290556,14423.379087114385,14294.943817941388,1088.295141408926,684.8466945965612,403.44844681236475
2025-03-05 17:45:00,14467.414835694812,14499.459226242638,14343.744472529725,14504.298587370344,38994.63713194586,22752.671991156276,16241.965140789587
2025-03-05 18:00:00,14455.336620165077,14460.36696164717,14400.178757948563,14507.212393215465,28103.719797689006,9906.698499538361,18197.021298150645
2025-03-05 18:15:00,14460.876622496568,14520.057698439765,14353.86093753028,14543.807065138682,7404.117868969379,4197.8345934253175,3206.2832755440613
2025-03-05 18:30:00,14500.621818001731,14542.55662329186,14409.601354875454,14495.918436834214,8221.109045110737,5390.04381436326,2831.0652307474775
2025-03-05 18:45:00,14496.960499587201,14614.23768439915,14442.502850785582,14512.031544606885,8351.99975146875,3927.2160020882507,4424.783749380498
2025-03-05 19:00:00,14533.674171204822,14649.99649453793,14513.172999560058,14605.321433968435,24600.826464498463,11449.390489234815,13151.435975263648
2025-03-05 19:15:00,14539.81278930809,14606.263216359193,14436.678429044556,14648.219191087786,11774.420742327136,5618.086249187679,6156.334493139458
2025-03-05 19:30:00,14397.652200355407,14484.97572111008,14274.614879505867,14376.017137413932,36100.569469520764,12018.19568275431,24082.373786766453
2025-03-05 19:45:00,14331.470844077012,14418.07012043324,14233.1778074657,14350.601622336848,1268.2247121699656,832.9829618635049,435.24175030646074
2025-03-05 20:00:00,14322.579058142326,14441.049437886739,14320.018398132042,14442.786599688947,9350.154393986244,6055.843908125839,3294.3104858604047
2025-03-05 20:15:00,14237.381573095337,14297.890788488925,14206.595670834344,14086.178653340972,7143.413619775385,4994.415702163635,2148.9979176117504
2025-03-05 20:30:00,14281.51238248074,14320.850334162154,14271.589589836252,14232.240265039141,17045.80347004753,9103.707770601046,7942.095699446483
2025-03-05 20:45:00,14392.247718552035,14430.392200511482,14310.156338148838,14497.731091146135,12860.967670621816,7722.710841523651,5138.256829098165
2025-03-05 21:00:00,14481.390555721635,14559.038653814117,14371.842068581896,14560.497891048555,48915.21537342639,18640.060590893798,30275.154782532594
2025-03-05 21:15:00,14467.383946900833,14532.363941880705,14451.386031342248,14505.176024189313,3431.192777802608,1945.5258573671347,1485.6669204354732
2025-03-05 21:30:00,14576.665222202966,14640.82015356282,14454.463524663955,14543.969990007772,23051.623420398715,12906.445807486913,10145.177612911802
2025-03-05 21:45:00,14588.958267490543,14602.25425585644,14507.915294460263,14524.634201084547,38497.03187744772,25426.65413600588,13070.37774144184
2025-03-05 22:00:00,14565.828497491304,14670.499085936795,14465.328794496905,14522.770770916692,141018.6509088572,89168.50285652209,51850.14805233512
2025-03-05 22:15:00,14522.611490355845,14553.65163916381,14381.538573872276,14635.01710022998,13605.562955108078,9189.014701893846,4416.548253214232
2025-03-05 22:30:00,14502.100502782496,14530.662916179244,14489.965001765095,14456.531807590647,30468.803538889297,19729.567616769273,10739.235922120024
2025-03-05 22:45:00,14475.403816656099,14535.152250303097,14344.94800003735,14482.744508474356,3626.9132002358597,2348.344901819937,1278.5682984159225
2025-03-05 23:00:00,14489.185575216736,14522.18880183389,14470.914321579769,14434.582525537428,2014.3337925883477,655.6441579065971,1358.6896346817507
2025-03-05 23:15:00,14502.267424824171,14586.940112131126,14445.279487816322,14563.378096640137,51265.555647813715,32727.15051909118,18538.405128722534
2025-03-05 23:30:00,14503.938522560884,14557.815336931806,14380.446377487724,14464.870258307721,21904.332041390986,11893.862996884256,10010.46904450673
2025-03-05 23:45:00,14537.075538173947,14602.334174386979,14405.33267521146,14529.981889407753,71575.82739976532,32364.998785849108,39210.82861391621
2025-03-06 00:00:00,14625.071819906836,14703.633218985933,14551.014598975195,14501.97389692634,5578.064386348828,1799.516201347421,3778.5481850014066
2025-03-06 00:15:00,14695.97081422742,14725.88233520793,14608.661369980491,14577.420751668073,37045.49902462745,21155.554972262344,15889.944052365103
2025-03-06 00:30:00,14588.330325276615,14611.051886507219,14485.023452915735,14588.890020670733,142745.39110880787,61563.33222987739,81182.05887893049
2025-03-06 00:45:00,14403.501932605866,14530.313518401352,14283.555521701337,14308.067414376379,33513.566579532155,16324.810374233386,17188.75620529877
2025-03-06 01:00:00,14472.229676035162,14534.999166468328,14454.644300497634,14624.55616269717,29044.415480032152,16633.48623216255,12410.9292478696
2025-03-06 01:15:00,14374.767986689027,14434.005486961678,14258.322403099699,14226.598404509972,22215.73456121243,14767.01689490695,7448.71766630548
2025-03-06 01:30:00,14360.050710969484,14365.16463380793,14290.939211696215,14302.597921637076,4578.462595301761,2885.2315957420255,1693.2309995597357
2025-03-06 01:45:00,14277.47230408169,14348.570732764494,14213.134669366167,14278.664534931024,85440.280373215,41031.74213035543,44408.53824285958
2025-03-06 02:00:00,14150.26142236187,14228.6778866934,14090.27849928555,14124.427789743242,11957.839414155625,5442.171313949898,6515.668100205728
2025-03-06 02:15:00,14189.985644276921,14269.28508363974,14117.728593431513,14111.646603380648,36478.67989275048,14442.343303048869,22036.336589701612
2025-03-06 02:30:00,14245.266646973716,14345.985122320979,14110.641675693954,14177.036959462868,4614.531815809494,2071.7895816868768,2542.7422341226174
2025-03-06 02:45:00,14205.628451722883,14230.840861771008,14127.752660601702,14135.264132977192,6771.922747084464,2332.375846558762,4439.546900525702
2025-03-06 03:00:00,14023.0120940435,14058.381374660636,13889.347892575155,14002.908585073068,92511.42220942723,63688.76734052107,28822.654868906153
2025-03-06 03:15:00,13986.114432732162,14099.50412334031,13960.898848753335,14122.61395078501,15563.717935214501,8242.031066918815,7321.6868682956865
2025-03-06 03:30:00,14014.91212244925,14147.657252049512,13913.425101368819,14020.373544260872,94209.4219291977,33079.032406323684,61130.38952287402
2025-03-06 03:45:00,13912.67953529528,13931.591422820016,13799.675251229683,13994.966112450242,20368.998466771285,8985.221564753358,11383.776902017928
2025-03-06 04:00:00,13926.825942266332,13996.132729524737,13832.24485200258,13962.128798892305,3491.5541352754344,1811.4729542091234,1680.081181066311
2025-03-06 04:15:00,13927.152536837386,13956.98119025411,13842.625545090184,14004.717194446117,53748.31516502916,27581.176607545014,26167.138557484148
2025-03-06 04:30:00,13968.884657482258,13977.276209079862,13889.986611561613,13773.32276554227,12211.18583343529,3836.771043285064,8374.414790150226
2025-03-06 04:45:00,13978.633567816389,14024.134486704052,13858.28725038308,13957.35403224432,44297.73444446664,30137.361786613266,14160.372657853371
2025-03-06 05:00:00,13912.020560369137,13932.010412327472,13797.712916838038,14002.945034779435,22588.831180221518,9264.815266056847,13324.01591416467
2025-03-06 05:15:00,13996.645399090716,14096.012213950175,13979.529080423985,13956.633481225816,4707.35647769571,1442.6817457630723,3264.6747319326378
2025-03-06 05:30:00,13986.950652535985,14061.602562766253,13868.259115703566,14110.208778453234,25959.548158516263,8581.64522026484,17377.902938251424
2025-03-06 05:45:00,13986.439811367662,14006.55713308072,13928.526353131863,14090.211512979431,198039.7688235752,105372.59645181092,92667.17237176427
2025-03-06 06:00:00,13922.572974661522,13923.859641551298,13887.251848370952,13889.915441511823,36061.69348072694,12806.019729285164,23255.673751441776
2025-03-06 06:15:00,13893.107084506059,14005.385208737976,13772.269205964509,13858.15456125042,20795.299342384915,6585.6616256705165,14209.637716714398
2025-03-06 06:30:00,13833.033100941324,13857.406131468033,13773.270967403712,13762.92688509834,64559.55447382094,29171.27255737652,35388.28191644442
2025-03-06 06:45:00,13822.454561393428,13906.248581307997,13710.718719403389,13778.941873083164,27191.73824636797,14931.105206754559,12260.633039613413
2025-03-06 07:00:00,13942.136870295164,13989.110984562341,13905.41277819498,13856.212243107804,27160.913911084644,9363.34269777961,17797.571213305033
2025-03-06 07:15:00,13847.894916445877,13928.972393934311,13847.3507881444,13877.585577274045,7393.635398607533,3144.74332004743,4248.892078560102
2025-03-06 07:30:00,13737.557562542368,13780.920661247317,13669.493570718418,13637.544949961944,27829.392513065042,12999.228036783936,14830.164476281107
2025-03-06 07:45:00,13839.982753589862,13852.015173795717,13826.111180156262,13881.76102624909,62034.34215581024,22567.10355326438,39467.23860254586
2025-03-06 08:00:00,13826.88157145672,13857.708605103553,13722.574901482747,13870.303420254695,9546.576121674027,4796.482034464119,4750.094087209907
2025-03-06 08:15:00,13782.008312013162,13807.92655927676,13743.959613812674,13667.534647412174,91536.75103203698,30581.113572471,60955.63745956597
2025-03-06 08:30:00,13855.046388071334,13914.348667901768,13793.579077935763,13962.41043149021,20096.359853993206,6402.848933164829,13693.510920828377
2025-03-06 08:45:00,13814.477735728186,13905.416202427501,13802.454503256002,13849.953956540996,9065.492834591712,4604.673368822404,4460.819465769308
2025-03-06 09:00:00,13941.986036166845,13978.765842298426,13902.020043776949,13994.247432898477,59732.53207967974,23842.76517482279,35889.76690485695
2025-03-06 09:15:00,13990.638399929305,13992.327060932319,13881.30292586427,13937.567347422333,16534.52278770242,5591.140996326681,10943.381791375738
2025-03-06 09:30:00,13957.906503356464,14030.339295471522,13936.748004342748,14001.342051082911,47075.82541843889,22105.16161003026,24970.663808408633
2025-03-06 09:45:00,14109.859825705213,14195.33164053467,14018.54651878155,14189.326094126067,16452.64227214773,10958.385968023686,5494.256304124043
2025-03-06 10:00:00,14068.538048398208,14203.999850203652,13939.469643230565,14061.601668331763,20747.351033432784,12234.235272627555,8513.115760805229
2025-03-06 10:15:00,14122.145887086312,14205.391813860919,14026.138348079285,14263.503092207013,36082.38966322399,22596.465408198623,13485.92425502537
2025-03-06 10:30:00,14144.691369092134,14211.337273432024,14029.974854205351,14147.807772397811,29463.192681700395,19114.705745576382,10348.486936124013
2025-03-06 10:45:00,14238.169482133793,14319.811377442418,14222.65391686606,14319.382989982065,2994.307363554518,2063.230772290634,931.076591263884
2025-03-06 11:00:00,14350.75860441824,14483.919383898618,14314.776685324236,14371.783097727928,7177.857792294337,4344.747483744565,2833.1103085497716
2025-03-06 11:15:00,14354.490099366598,14473.399558262301,14226.083608386734,14396.514414598398,55793.351068477976,30316.052033188404,25477.299035289572
2025-03-06 11:30:00,14301.850901573684,14348.042838463165,14199.57756292524,14182.335177080176,19300.058598854645,8611.113941004958,10688.944657849686
2025-03-06 11:45:00,14336.173351699803,14370.186548558162,14244.485806472921,14362.770805269061,13046.415454822132,4861.841887922839,8184.573566899293
2025-03-06 12:00:00,14289.027743915585,14326.55553365142,14194.181930836274,14236.517345850823,5661.397137075466,3253.4008390080885,2407.9962980673777
2025-03-06 12:15:00,14434.303377885746,14507.113041060127,14374.51641328453,14373.217528265128,7482.061830127233,5222.32947465761,2259.732355469623
2025-03-06 12:30:00,14445.600770176778,14553.083183433948,14439.164297056654,14571.573861700725,2916.6802856490954,1420.2584303966862,1496.4218552524092
2025-03-06 12:45:00,14420.658883838814,14493.226409144629,14307.53724491367,14405.24534470471,19904.861578405205,11733.353533135594,8171.508045269611
2025-03-06 13:00:00,14435.417008194401,14445.203700648717,14337.441922256903,14363.00160661832,12107.282613503123,6029.874468802458,6077.408144700665
2025-03-06 13:15:00,14339.628901134907,14443.387688378234,14271.830495553144,14313.879829766198,8378.398865193969,3961.0838612173497,4417.315003976619
2025-03-06 13:30:00,14271.399940288142,14386.42316075003,14142.991647077739,14178.603713691222,20575.916621992714,9549.740624255564,11026.17599773715
2025-03-06 13:45:00,14358.485015152964,14400.052522735366,14310.21758002909,14461.427058403247,31696.788033034947,15907.029054359879,15789.758978675069
2025-03-06 14:00:00,14312.760830348727,14407.815559025139,14270.635263025199,14262.975269821056,178652.51340136636,79814.48687973274,98838.02652163363
2025-03-06 14:15:00,14239.271173902802,14300.014751499843,14114.991338378883,14276.955400361567,4856.710230752368,2911.643090268274,1945.0671404840941
2025-03-06 14:30:00,14278.902821367477,14405.859310137766,14165.101728646147,14375.721401305542,70219.47992298006,45622.21478428045,24597.265138699608
2025-03-06 14:45:00,14364.983483646238,14486.399995475584,14291.00671890249,14329.060058621482,58285.088107236115,38069.14558673032,20215.942520505792
2025-03-06 15:00:00,14418.058744160686,14493.815838337587,14399.209332626628,14456.412397569286,10106.229153838223,3952.3388965176814,6153.890257320541
2025-03-06 15:15:00,14491.305920264771,14591.514104364214,14460.139255387554,14416.669459535678,26990.38457175153,17769.488249809307,9220.896321942222
2025-03-06 15:30:00,14437.92030511973,14565.457630968815,14343.174630844616,14614.47943573748,13937.896143664664,6085.571082034273,7852.325061630391
2025-03-06 15:45:00,14336.724151673301,14407.793731981144,14281.521851533933,14403.847270128828,26520.905305326025,11237.519314216623,15283.385991109402
2025-03-06 16:00:00,14445.77885622702,14491.030365463528,14324.943788767328,14431.8671061239,99621.27382689629,58846.52782783897,40774.74599905732
2025-03-06 16:15:00,14423.91662614626,14532.624801517835,14286.895907614282,14368.18017964518,40360.47456227966,17027.217921992855,23333.256640286807
2025-03-06 16:30:00,14407.269045226712,14438.9745826313,14291.198765874662,14399.057150191768,36629.46950842253,11764.893388227405,24864.576120195125
2025-03-06 16:45:00,14504.388023860804,14560.74208916116,14449.627370743201,14479.731744706889,14323.984944438762,6437.873621550669,7886.111322888093
2025-03-06 17:00:00,14546.177342097506,14672.1075613059,14431.453615428447,14688.216731206307,4993.754622022783,2939.2552571748133,2054.49936484797
2025-03-06 17:15:00,14580.789081735682,14686.415575231325,14529.546112581598,14491.442765250888,17881.67616285085,7703.12868485069,10178.54747800016
2025-03-06 17:30:00,14740.084373406185,14799.606456288766,14715.453679481494,14750.01929517095,73615.29936074742,40622.66115716513,32992.63820358229
2025-03-06 17:45:00,14694.130816785384,14725.685654891122,14689.223975578478,14692.78350703517,4783.042567598275,2697.8645309234303,2085.178036674845
2025-03-06 18:00:00,14763.769250962505,14816.323602791339,14706.82292552807,14755.102158052616,7668.763216059702,4551.368059628082,3117.3951564316203
2025-03-06 18:15:00,14769.454270988886,14811.414903391014,14636.003492818052,14761.433227397989,24990.91745984367,16465.32061166817,8525.5968481755
2025-03-06 18:30:00,14790.766023317045,14816.810977888947,14755.418076294993,14782.1821423439,8228.386431991938,3892.2390722942805,4336.1473596976575
2025-03-06 18:45:00,14905.281194264851,15016.077055241334,14874.49982632889,14970.347670364103,9971.402777267162,3655.2453417634947,6316.157435503666
2025-03-06 19:00:00,14944.618896124273,14982.289780065925,14799.6828757946,14990.124098456758,14420.432713674454,6165.748542120755,8254.6841715537
2025-03-06 19:15:00,14986.33650678726,15054.399572170962,14982.589306294934,15017.726258660425,5621.661815070412,2658.2978069752785,2963.364008095133
2025-03-06 19:30:00,15068.199919752555,15126.341992611071,14949.796694397493,14839.616128436517,8315.513568191536,4869.203750223107,3446.3098179684293
2025-03-06 19:45:00,15042.210836294471,15189.936986164395,14993.869689987423,15064.758724818485,44508.164213001444,13586.065951628754,30922.09826137269
2025-03-06 20:00:00,14980.59721361825,15039.185167447795,14974.98129379599,14856.584881689647,5958.834681887657,2540.3355625161944,3418.4991193714627
2025-03-06 20:15:00,14903.83594483604,14915.756402856674,14767.048159945665,14951.99919323212,4456.539582516397,2727.121606932653,1729.417975583744
2025-03-06 20:30:00,14758.795048344988,14772.052247067735,14738.185523028622,14867.604070581476,11730.82205334592,6667.131552359262,5063.690500986659
2025-03-06 20:45:00,14912.006625888496,15000.099859959348,14829.725262539041,14842.946206968109,45796.159025335604,27143.19978580918,18652.959239526423
2025-03-06 21:00:00,14831.242574254198,14920.135636514166,14790.596929965372,14811.829907282558,18089.341782248233,11300.851523032676,6788.490259215558
2025-03-06 21:15:00,14816.318367702457,14878.363032925743,14806.659194577947,14771.917142994636,13841.393657308456,8488.847661774478,5352.5459955339775
2025-03-06 21:30:00,14797.293229641386,14861.194407086508,14789.90605305025,14888.698460896836,23025.528116484595,13190.709504082686,9834.818612401908
2025-03-06 21:45:00,14821.516894205533,14829.510521082775,14804.389638565119,14828.559181240438,3844.091476949272,1829.2671028160792,2014.8243741331928
2025-03-06 22:00:00,14883.45136027937,14960.331308906376,14872.82948547986,15012.068891630373,36123.74389635431,25049.624820616893,11074.119075737417
2025-03-06 22:15:00,14948.97378196946,15024.427153811319,14835.278148683745,14979.899785629661,32319.790527280387,17052.867748648612,15266.922778631775
2025-03-06 22:30:00,14906.886632637532,14929.179780014698,14834.503829336738,14924.957519421536,14627.98166578836,5574.83621055002,9053.14545523834
2025-03-06 22:45:00,14895.920999094466,14911.388832015495,14844.844064054978,14901.001013320736,60229.919638697116,25123.413784464585,35106.50585423253
2025-03-06 23:00:00,14918.457034286383,14936.892143202665,14856.042848183528,14979.472934222165,7133.119255975635,4118.841260754575,3014.2779952210594
2025-03-06 23:15:00,14901.398440585923,14916.453062133121,14762.97238621743,14771.92866856212,68043.94281068165,45582.353278887254,22461.589531794394
2025-03-06 23:30:00,15022.647064729916,15114.241375070136,14885.828034266635,15029.057525344377,25706.358830634945,9549.60515784018,16156.753672794764
2025-03-06 23:45:00,15061.028046516809,15090.620353901755,14953.239811123223,15055.75318924908,15731.925691176715,5237.765288153619,10494.160403023096
2025-03-07 00:00:00,15117.874224053752,15155.8851182228,14984.129054952773,15172.70817699741,21593.04097398409,14091.886708279295,7501.154265704796
2025-03-07 00:15:00,15169.492789702132,15195.822803594116,15121.003805204802,15155.256098917522,19786.10562400226,13179.746393637737,6606.359230364522
2025-03-07 00:30:00,15260.014755081242,15406.18056386946,15201.857415699387,15180.759241121576,74628.8840131373,30639.018046024023,43989.86596711328
2025-03-07 00:45:00,15275.352714840781,15405.898546699847,15181.606014408602,15275.914135601233,7504.970944159232,3384.0986428686588,4120.872301290574
2025-03-07 01:00:00,15177.832423027767,15212.81654318471,15083.179521800468,15095.656562587636,10275.120439004986,5795.940606371902,4479.1798326330845
2025-03-07 01:15:00,15209.682190036092,15259.503982303326,15136.417175564497,15063.269058106385,62087.6820816006,26820.140721777552,35267.54135982305
2025-03-07 01:30:00,15161.66850152078,15193.491758479484,15100.922086715293,15216.790451642211,12142.47681508698,7903.0947558543985,4239.382059232582
2025-03-07 01:45:00,15123.111113905614,15197.498061797465,14973.96996959757,15166.897176433884,54205.251687202486,18594.10776887581,35611.14391832668
2025-03-07 02:00:00,15168.961666061154,15171.936380214684,15044.405737984385,15204.388089181168,120503.72966476985,37981.918614092916,82521.81105067694
2025-03-07 02:15:00,15264.395904439307,15366.876175293066,15197.998804927762,15363.837980777944,14738.302157615073,5650.583731552617,9087.718426062456
2025-03-07 02:30:00,15267.545832873806,15347.41924317563,15156.50612057221,15216.778808546116,43536.82133843145,18043.18739625685,25493.6339421746
2025-03-07 02:45:00,15292.648198329889,15430.07388820822,15251.42507690333,15183.220572744613,6948.685046115711,2398.482040313844,4550.203005801866
2025-03-07 03:00:00,15424.334334680954,15449.690811933526,15408.883882901311,15418.933521226603,46851.265454388245,15286.451533457022,31564.81392093122
2025-03-07 03:15:00,15444.444055777269,15568.634258432514,15390.013043200574,15417.609311086399,26887.693924394225,16192.927748337352,10694.766176056874
2025-03-07 03:30:00,15646.896246721944,15770.81356497004,15583.843510784127,15580.999678275148,35349.455997220706,12927.67169426076,22421.784302959946
2025-03-07 03:45:00,15692.703290105203,15712.661456769836,15690.108168215182,15686.438044736951,11549.852299713772,7687.222254972298,3862.6300447414733
2025-03-07 04:00:00,15556.116922715717,15618.117261629848,15429.3669262643,15508.545916891251,4183.554756922973,1870.885120755782,2312.669636167191
2025-03-07 04:15:00,15616.267886111238,15642.83937836766,15560.175282164906,15472.910134385158,36433.79528371234,20703.22450009596,15730.570783616378
2025-03-07 04:30:00,15647.590870126684,15687.448491900619,15556.769410209512,15613.074108331799,2797.8228706486298,1091.6009379116756,1706.2219327369542
2025-03-07 04:45:00,15750.063246311227,15791.524685340532,15738.413997537064,15660.57334257561,16036.930660149617,6352.695027788588,9684.23563236103
2025-03-07 05:00:00,15804.651496929555,15892.562720504417,15776.993858014846,15822.957082138286,56454.02485021783,29914.066503199338,26539.95834701849
2025-03-07 05:15:00,15795.290719206609,15860.27427192877,15654.761008780582,15743.47942056503,26686.090027258764,13990.374037614221,12695.715989644543
2025-03-07 05:30:00,15700.179515432517,15848.975266988149,15604.614480866869,15787.443583927616,154560.77208221483,93894.38482614934,60666.387256065485
2025-03-07 05:45:00,15685.341020072605,15705.162607784543,15536.285726144008,15811.126951150702,61396.56405675879,37029.82248347649,24366.7415732823
2025-03-07 06:00:00,15620.206037330512,15772.298754963394,15464.199224160679,15673.266422452363,11454.083828932757,6509.070700478667,4945.013128454089
2025-03-07 06:15:00,15576.428578456986,15612.353841524286,15518.50605318036,15455.631335722084,22636.37443850605,10857.587396089084,11778.787042416965
2025-03-07 06:30:00,15623.825968711231,15744.57844748906,15577.141497989684,15741.410570387665,21007.384493796955,13786.225364259393,7221.159129537562
2025-03-07 06:45:00,15755.83983810987,15809.247396777018,15620.598632818286,15879.973833338488,4527.038430852625,2485.4862298373973,2041.552201015228
2025-03-07 07:00:00,15788.507329156446,15811.097745758569,15630.841490808843,15789.990699783966,8600.71900101109,5986.783288980165,2613.935712030925
2025-03-07 07:15:00,15695.680137440579,15830.331679890522,15596.85366330202,15799.501266730973,12572.147031690685,7892.139239267359,4680.0077924233265
2025-03-07 07:30:00,15732.141411797504,15780.731845231136,15607.048748909203,15688.746255371887,2874.9181899127643,913.4302899020953,1961.487900010669
2025-03-07 07:45:00,15827.842504767279,15932.12510048245,15704.109001446457,15680.149271107472,23097.81881021921,9891.353634026336,13206.465176192874
2025-03-07 08:00:00,15781.167550159422,15870.558977180239,15725.090795433047,15721.17666960109,17170.157989716725,9078.725957830491,8091.432031886234
2025-03-07 08:15:00,15772.170930105123,15846.577141595806,15681.59602413001,15908.545074349306,4134.435574764043,2433.478401822993,1700.95717294105
2025-03-07 08:30:00,15774.906470787751,15853.121528862011,15643.492517454917,15657.298239110549,32998.35086055593,17163.58399597402,15834.766864581914
2025-03-07 08:45:00,15714.575474045074,15829.64355370468,15606.441299612654,15714.537859788983,45065.52157182897,27690.60747624488,17374.91409558409
2025-03-07 09:00:00,15767.084190622409,15780.923419888812,15763.747274253914,15769.775938826862,27640.420158371333,11417.214448452085,16223.205709919248
2025-03-07 09:15:00,15759.125900832478,15864.42533259544,15706.064030555675,15718.705772359612,15929.560686716637,5950.723478467721,9978.837208248915
2025-03-07 09:30:00,15793.759136437637,15935.241542047588,15770.940992906795,15758.734769839462,39792.835072081594,12796.049603896436,26996.78546818516
2025-03-07 09:45:00,15725.254323892885,15734.341664843452,15688.618851039613,15730.935003945611,43487.1321415106,23018.847869943595,20468.284271567005
2025-03-07 10:00:00,15692.431134181857,15714.50306257903,15550.337821499268,15648.322664996651,29953.563248922852,17236.47269296942,12717.090555953433
2025-03-07 10:15:00,15750.679975846922,15863.554378801575,15744.869031978023,15638.688034367793,9656.511653979018,4156.740913915735,5499.770740063283
2025-03-07 10:30:00,15722.89316552959,15791.646491915557,15688.334134410743,15739.797786859972,29044.974878541532,15842.107357566189,13202.867520975344
2025-03-07 10:45:00,15860.229795514513,15924.233534112194,15811.131384873044,15945.348998776532,72800.68553467077,23359.038525086213,49441.64700958456
2025-03-07 11:00:00,15830.124209801812,15851.80619817615,15732.470694979049,15898.951414700381,12129.19871199766,4120.4991048045495,8008.699607193111
2025-03-07 11:15:00,15849.49115780628,15929.81163060026,15764.838757662426,15785.321682153495,179501.58898087486,104236.91537238742,75264.67360848744
2025-03-07 11:30:00,15924.98155764018,15945.133875110261,15890.222182749822,15825.352650256209,13021.655601534603,5823.647455939592,7198.008145595011
2025-03-07 11:45:00,15813.636815101207,15889.007843048634,15787.66432922929,15791.166595322964,22751.96998415188,12935.259685243669,9816.710298908212
2025-03-07 12:00:00,15675.994223515248,15795.698513670355,15638.873777290562,15798.877676771413,11243.150794869465,7113.4116282947925,4129.739166574673
2025-03-07 12:15:00,15557.98092506625,15598.161644602578,15479.7974616012,15608.20193805481,27536.587004081422,17652.30087370165,9884.286130379773
2025-03-07 12:30:00,15657.753020145816,15733.03333091442,15615.292672213654,15712.865545366572,3857.514361990712,1422.9099746169113,2434.604387373801
2025-03-07 12:45:00,15616.114502695133,15771.028852361165,15468.135811013666,15685.59504294564,12758.566421607056,6309.29263636766,6449.273785239397
2025-03-07 13:00:00,15817.421778973943,15926.03217258296,15744.050260414571,15850.69898992317,7389.968856456507,4386.468909163047,3003.4999472934596
2025-03-07 13:15:00,15774.378809873155,15907.097614121354,15765.104103498288,15783.89143446198,25218.631558903886,15373.082064069547,9845.549494834338
2025-03-07 13:30:00,15790.512158586573,15856.01872034012,15675.357258104452,15842.802984107748,59542.60439247523,36551.44191646939,22991.16247600584
2025-03-07 13:45:00,15913.844739581933,16036.040934704104,15861.512810982924,15870.386726659193,42024.42127089071,16442.76645337356,25581.65481751715
2025-03-07 14:00:00,16075.05937783261,16081.571251436395,15970.010643976682,15961.371493355302,2055.6361460355424,775.0034560840039,1280.6326899515384
2025-03-07 14:15:00,16242.360845780613,16262.32452356894,16196.948119215742,16301.076731293422,169747.8963873372,90985.71904890532,78762.1773384319
2025-03-07 14:30:00,16342.11868362094,16375.30472092747,16248.847063967543,16443.25499873791,29592.60981184028,17650.048083377493,11942.561728462788
2025-03-07 14:45:00,16427.4296521706,16493.46002182231,16300.584842635879,16335.581269577691,10132.474678960107,4333.211627770355,5799.263051189751
2025-03-07 15:00:00,16477.740869010904,16617.100518474355,16324.825993299524,16545.457915020517,25774.165163996688,8811.724751796699,16962.44041219999
2025-03-07 15:15:00,16543.516803675797,16600.801385973322,16500.31719065755,16682.545682788197,26270.182309785618,15412.677952506543,10857.504357279075
2025-03-07 15:30:00,16499.57840455603,16607.588141632954,16444.328419382844,16499.393097646007,11306.706034408267,4747.449921747827,6559.2561126604405
2025-03-07 15:45:00,16433.72867925875,16550.295465949952,16357.432395400052,16366.514549443316,26847.196131236196,9840.707914780287,17006.48821645591
2025-03-07 16:00:00,16435.09477753902,16531.434403002648,16282.712714203617,16445.203895333118,11998.389511394062,4308.494626900725,7689.894884493337
2025-03-07 16:15:00,16422.75328501239,16481.422252075492,16274.720745374847,16377.546867338495,14700.517956909238,6261.888770360233,8438.629186549006
2025-03-07 16:30:00,16387.179298161143,16481.74206391377,16372.450783250948,16336.646963708992,11089.132617378662,5955.654054145205,5133.478563233457
2025-03-07 16:45:00,16445.87714590327,16502.165724806167,16424.18012884099,16481.497605662822,5257.067865368863,2330.7783163760682,2926.2895489927946
2025-03-07 17:00:00,16526.075894102818,16539.936931791144,16444.187671394913,16393.55911901305,25484.77439353865,7856.057368626148,17628.7170249125
2025-03-07 17:15:00,16535.033596254332,16699.19406759234,16517.404063675873,16415.65653003427,39549.14823349945,13397.802889309494,26151.345344189955
2025-03-07 17:30:00,16658.842147262585,16680.02927145224,16601.272375080294,16660.44896591774,36860.050308499594,15341.200815159315,21518.84949334028
2025-03-07 17:45:00,16565.41193780932,16577.39674562211,16540.83128865212,16563.564187125245,50007.34895126553,28198.23358275707,21809.115368508457
2025-03-07 18:00:00,16551.02823540999,16696.434107768026,16445.75701664351,16579.45914293495,30465.196418610918,10340.071350948381,20125.125067662535
2025-03-07 18:15:00,16493.362605893188,16543.14529098452,16336.758881410056,16648.006467393352,12929.599564323085,6778.507312799793,6151.092251523292
2025-03-07 18:30:00,16341.084615940961,16447.350194729217,16178.207507141498,16349.623979476302,51004.23076443536,17747.143877691728,33257.08688674363
2025-03-07 18:45:00,16335.963263985257,16389.709519119286,16274.664010429198,16384.8218553523,5667.381424538078,2179.9363375083954,3487.445087029683
2025-03-07 19:00:00,16327.652546189502,16391.567839402043,16229.84784409366,16248.011732089102,8949.28229443479,3301.170184714271,5648.11210972052
2025-03-07 19:15:00,16452.840719213007,16495.965749003324,16311.960366048548,16516.014499513618,8398.428874409963,2745.3746279890206,5653.054246420943
2025-03-07 19:30:00,16506.379224133918,16563.00336863577,16486.99048895362,16462.935187935735,64864.51955542895,36877.5502938347,27986.969261594255
2025-03-07 19:45:00,16423.501781462634,16490.95316906944,16310.251158129182,16429.36668231828,56544.79948243577,27444.664111287824,29100.135371147942
2025-03-07 20:00:00,16577.39759447171,16696.82383057961,16509.62195512775,16568.375459794792,35857.3998815759,22676.98618575895,13180.413695816947
2025-03-07 20:15:00,16680.26313946601,16765.58872271798,16645.877417479373,16766.414549739282,64339.55376625169,21846.903136288336,42492.65062996335
2025-03-07 20:30:00,16730.47888011363,16888.341859490178,16663.096270990198,16620.896204731558,9142.756611309434,3272.130176653177,5870.6264346562575
2025-03-07 20:45:00,16713.2059908392,16720.205547331247,16700.510591607523,16522.404802706384,31213.16125233641,13190.154209967644,18023.007042368765
2025-03-07 21:00:00,16634.70078344302,16718.384693649143,16519.021885048514,16616.948838175715,19434.897545373547,11784.280059468916,7650.617485904631
2025-03-07 21:15:00,16605.406511773803,16702.41941290186,16563.437564199416,16644.307271695714,51373.72345429749,21695.304726094175,29678.418728203316
2025-03-07 21:30:00,16697.462619521586,16851.112167297302,16645.465778345137,16710.175180574803,19629.2438704434,9095.55332543027,10533.690545013129
2025-03-07 21:45:00,16856.471412766565,16864.757805247747,16836.061378342285,16960.32449027985,14988.778671951492,6304.901242345227,8683.877429606266
2025-03-07 22:00:00,16988.22526199413,17085.652663359524,16841.33502397815,17025.376189556155,37831.92184814542,12563.592209539378,25268.329638606047
2025-03-07 22:15:00,16948.400664037825,17093.07728451288,16864.769750531214,16900.619026827273,52900.558063285716,35748.79258483476,17151.765478450958
2025-03-07 22:30:00,16855.21687985511,16895.994323122115,16758.780282732892,16659.239574681058,11289.798452826157,5864.097401447897,5425.70105137826
2025-03-07 22:45:00,16868.77574277848,17016.59553390211,16772.719420461126,16848.7599084802,20721.442830954755,12746.448997012263,7974.993833942492
2025-03-07 23:00:00,16721.305584990852,16724.48989164941,16652.665776903046,16807.249668018827,7643.106170532902,4305.689112638085,3337.417057894817
2025-03-07 23:15:00,16749.996646069787,16872.682771883672,16717.747891691215,16717.162650845923,1811.5515780737153,916.1047337284671,895.4468443452482
2025-03-07 23:30:00,16739.309931607124,16895.506645711346,16614.579851434075,16741.68023996236,26915.55446597963,9040.162340405746,17875.392125573882
2025-03-07 23:45:00,16701.97821537921,16811.743225658316,16680.7573056179,16737.1659643205,40493.84864517753,22558.856554094884,17934.992091082648
2025-03-08 00:00:00,16570.474933753307,16643.224164578933,16553.262553372417,16486.355549563617,28625.889341904105,10366.812648995234,18259.07669290887
2025-03-08 00:15:00,16614.684969706115,16622.14180920426,16496.696608881455,16666.459310128444,3135.1687590169868,1460.2150944363934,1674.9536645805933
2025-03-08 00:30:00,16572.093155032682,16724.57527330883,16537.484489461185,16707.745829082894,15508.60902868455,8555.250619423254,6953.358409261296
2025-03-08 00:45:00,16476.810510423027,16554.300327873592,16426.26414548501,16462.573446158935,2396.230699695522,1468.6296679580348,927.6010317374873
2025-03-08 01:00:00,16241.82959035162,16246.539192153412,16164.643954994652,16150.139230671974,86655.96280918461,49742.08855028237,36913.87425890224
2025-03-08 01:15:00,16241.219311315517,16353.254664365686,16168.239178487187,16235.810901884402,7434.937241338115,4227.605029991623,3207.332211346492
2025-03-08 01:30:00,16386.76106752836,16465.718587006246,16270.647899329577,16204.508812977458,77296.47325901745,27797.11683209576,49499.356426921695
2025-03-08 01:45:00,16524.51303273524,16545.06049092161,16421.493964777477,16552.348844617005,56719.29001060359,24868.653021287962,31850.636989315626
2025-03-08 02:00:00,16488.399018792643,16523.729009696504,16382.148408293822,16525.685420815873,8950.00748394871,2838.6283097694068,6111.379174179303
2025-03-08 02:15:00,16440.40029496865,16451.002820988542,16323.006904685335,16578.140952066646,7095.492829700473,4170.665103577653,2924.8277261228195
2025-03-08 02:30:00,16480.578517087397,16575.22541481763,16432.35424679338,16464.592785033394,31268.616831362095,21295.0034689052,9973.613362456894
2025-03-08 02:45:00,16399.956726834807,16501.96929226029,16347.094203183357,16433.452436180552,9468.028330031542,3840.6503615979323,5627.37796843361
2025-03-08 03:00:00,16426.343592995232,16509.41856061821,16354.396577996327,16355.604521483483,24403.56829428776,8177.115540777011,16226.45275351075
2025-03-08 03:15:00,16490.905716717352,16625.6532590801,16440.202419647823,16461.51668652005,13591.12668553248,6662.751270062668,6928.375415469812
2025-03-08 03:30:00,16593.721007867945,16736.59440952893,16430.283165790082,16467.178499761765,3710.201940546763,2384.4699461283767,1325.7319944183864
2025-03-08 03:45:00,16587.07073595419,16689.18479009981,16452.043367091268,16570.915789819916,2367.3630578534335,1232.8982448659453,1134.4648129874881
2025-03-08 04:00:00,16571.837688521573,16573.951671633455,16544.55138083724,16546.540019836924,27630.74133879149,8806.217336624975,18824.524002166516
2025-03-08 04:15:00,16500.745947685034,16615.464026932932,16499.82287023505,16525.431044324232,12562.133040513223,8664.214913430349,3897.918127082874
2025-03-08 04:30:00,16434.175309024085,16502.870033123127,16427.1442317174,16382.93380675635,12668.959959483715,7999.940999743503,4669.018959740211
2025-03-08 04:45:00,16417.20875748847,16510.057510153347,16377.140351230024,16424.05024761809,44172.77106992688,15576.981336879935,28595.789733046942
2025-03-08 05:00:00,16449.00605944273,16555.773366999485,16430.206278910013,16421.58720666879,71213.82690375061,47622.046419887796,23591.780483862814
2025-03-08 05:15:00,16525.788755312296,16583.668118339745,16437.650425093587,16498.397310994533,16771.818366052416,8055.090356293018,8716.728009759398
2025-03-08 05:30:00,16461.075505829544,16612.039783228705,16319.840264379982,16467.689757407054,15668.401079367042,7031.3390745856495,8637.062004781394
2025-03-08 05:45:00,16585.577909581785,16607.798415485828,16463.383627693205,16588.938391666405,36320.69736517397,17594.5206044656,18726.176760708368
2025-03-08 06:00:00,16564.752759331655,16675.98702995748,16529.03765110538,16627.796058150216,5670.680631239303,3594.2406018532156,2076.440029386087
2025-03-08 06:15:00,16564.6395148675,16565.361663571668,16498.49703252128,16554.647473015797,27533.34390356755,15523.07548294393,12010.26842062362
2025-03-08 06:30:00,16504.409518287073,16657.017723338515,16420.584578026363,16475.5362628552,38249.50782387233,12381.34200460798,25868.16581926435
2025-03-08 06:45:00,16306.006689107584,16324.351620598909,16173.894469092029,16291.26545206242,43487.56040232828,29703.81929287771,13783.74110945057
2025-03-08 07:00:00,16379.713540509185,16395.255305602477,16242.267825663866,16321.183572951502,3175.585480067663,1140.3961034035497,2035.1893766641133
2025-03-08 07:15:00,16441.69797165547,16496.45008090448,16292.12483441875,16412.110224170112,10287.087327331177,6154.0152493837495,4133.072077947428
2025-03-08 07:30:00,16420.21462782643,16481.55501377125,16336.595464711845,16586.974937885643,9152.08267548668,5074.414450396204,4077.668225090475
2025-03-08 07:45:00,16427.356659063735,16462.560496264847,16313.305670272905,16352.392161478218,24340.257710063983,9127.869718973005,15212.387991090978
2025-03-08 08:00:00,16471.37698244776,16567.754577025025,16452.96192183404,16448.427714828395,35622.921776389376,13119.6666897551,22503.255086634275
2025-03-08 08:15:00,16344.337710840306,16416.729086793206,16251.94497418333,16312.671482982296,98391.56988264744,63770.63026751086,34620.93961513658
2025-03-08 08:30:00,16302.73706648453,16308.30862290682,16262.193494680567,16282.589197460933,13427.156231562552,6282.270592437879,7144.885639124674
2025-03-08 08:45:00,16369.110781356529,16421.434981541992,16298.442566184702,16342.000316645677,13392.19698386151,7524.146142690244,5868.050841171265
2025-03-08 09:00:00,16268.089679835957,16399.931633010947,16164.941774529165,16290.803194880305,69541.01621748194,34883.74880682831,34657.26741065363
2025-03-08 09:15:00,16293.594622637509,16405.97179483401,16251.722375686431,16154.27012345848,29631.01626606248,17510.194438080947,12120.821827981534
2025-03-08 09:30:00,16184.706012114873,16302.024228734284,16176.260013928215,16268.637588950287,78249.01427417995,38474.801660351775,39774.212613828175
2025-03-08 09:45:00,16224.069643420697,16337.332619376513,16222.409295429732,16275.384980403822,29399.35466776472,12199.320021525666,17200.034646239055
2025-03-08 10:00:00,16222.800800930092,16273.249334733695,16219.205903620294,16121.986510120902,6924.931098193768,3084.0412520101786,3840.8898461835893
2025-03-08 10:15:00,16093.413272426787,16109.45259929011,16092.069514661534,15910.827280923317,5807.303597025723,3737.761073150133,2069.54252387559
2025-03-08 10:30:00,16188.745772683724,16232.85479242083,16170.880673130268,16109.657909806456,4668.008204178837,2274.3183758150963,2393.689828363741
2025-03-08 10:45:00,16130.904065843299,16265.078554649952,16092.27237104747,16111.331918796906,42704.16924116281,16457.321335783636,26246.847905379174
2025-03-08 11:00:00,16067.16663459691,16224.700511480278,16031.62260528166,16274.456534107734,72301.25911113668,48719.63626535618,23581.622845780497
2025-03-08 11:15:00,16084.886244828753,16164.320975373415,15926.161135187072,16128.577377245363,139995.02165980748,86606.54576262337,53388.47589718411
2025-03-08 11:30:00,16178.873238963848,16180.442647090578,16129.364899098602,16032.649419952999,51180.06257319045,16493.617507302988,34686.44506588746
2025-03-08 11:45:00,16098.316864074619,16120.861721683686,16077.804262618736,16042.805399849874,70462.68638378702,49294.08777326591,21168.598610521112
2025-03-08 12:00:00,16104.891404595932,16156.762131485913,16017.029149313565,16100.60650205818,12332.380797571432,7127.7544980304965,5204.626299540935
2025-03-08 12:15:00,16141.032109588003,16234.42175648576,16002.548921225687,16161.505681566005,6929.785804440597,2523.1810225151517,4406.604781925445
2025-03-08 12:30:00,16198.583412109812,16210.74751896278,16088.747236391395,16092.098066711238,51538.2398468615,20350.753891134875,31187.485955726625
2025-03-08 12:45:00,16214.493786703626,16367.454397289357,16166.485574757216,16203.549795639627,33445.77508638426,19297.482855990434,14148.292230393825
2025-03-08 13:00:00,16186.359383000477,16245.45313840695,16095.454173023627,16128.279558057124,24524.904105164696,15006.897273814406,9518.00683135029
2025-03-08 13:15:00,16120.999655272393,16268.117353898124,16005.757726135851,16032.031198236313,32447.266478489037,12836.605121674196,19610.66135681484
2025-03-08 13:30:00,16129.555382782395,16255.450079232782,16012.115365441414,16150.491194585195,30430.03772005293,12256.84008282931,18173.197637223617
2025-03-08 13:45:00,16044.702710461357,16165.910375000502,15937.75859685794,16106.785856372868,79524.2161447232,33626.677852026296,45897.53829269691
2025-03-08 14:00:00,15811.946180628736,15907.880354051238,15674.254104927912,15878.438677663758,80417.37870181056,43361.641336825305,37055.73736498526
2025-03-08 14:15:00,15848.041675886634,15947.374636430723,15710.147000224095,15893.556170040783,37957.422588946254,13995.906491643596,23961.516097302658
2025-03-08 14:30:00,15921.254465223323,16022.83258379846,15829.080502407924,15881.660730721445,51318.30923058011,17535.326655395584,33782.98257518453
2025-03-08 14:45:00,15734.742347717887,15833.670038051361,15667.105555572982,15790.958629674145,36829.79901871039,21049.91089042887,15779.888128281524
2025-03-08 15:00:00,15656.876559556707,15743.573105222165,15556.426690337297,15681.070695494616,13888.692071077356,8494.868172922448,5393.8238981549075
2025-03-08 15:15:00,15706.912356392071,15861.847541746345,15578.396514447331,15717.431423473958,46937.14639329405,23486.02263310946,23451.123760184593
2025-03-08 15:30:00,15870.067552709888,15986.282560442469,15869.170559853443,15821.529496895211,5461.642955853185,2433.3426304144755,3028.30032543871
2025-03-08 15:45:00,15873.30454719256,15996.631613590518,15715.84184085259,15833.86921673495,63189.38153269514,29877.01920518671,33312.362327508425
2025-03-08 16:00:00,15817.11281566037,15955.11124339684,15788.184301358244,15822.956205681796,6670.6798498780645,3037.5816793411855,3633.098170536879
2025-03-08 16:15:00,15804.230058729247,15838.310262928539,15729.910827186704,15997.031745682536,29313.495516483326,20050.253976351694,9263.241540131632
2025-03-08 16:30:00,15914.454797887818,15927.791772905752,15775.676019912109,15938.425347050908,9460.173871931927,5744.55778263909,3715.6160892928374
2025-03-08 16:45:00,15864.645404718947,15941.254894764428,15828.943543393221,15816.163960400738,38307.04048981694,14680.594292815646,23626.4461970013
2025-03-08 17:00:00,15802.837380280458,15884.076716612586,15727.490206410537,15737.066805100889,21291.746196176595,9659.547025596034,11632.199170580561
2025-03-08 17:15:00,15766.274077131355,15897.005149155897,15745.370807226553,15727.507441145754,4470.44860591324,2313.9261775835243,2156.5224283297152
2025-03-08 17:30:00,15692.698503922182,15762.340123028875,15630.70036731864,15863.536552056947,33546.896386717744,18289.578196484686,15257.318190233058
2025-03-08 17:45:00,15703.89291519401,15793.539063028635,15676.075753058476,15672.543497125936,12358.251086788696,6021.8489828023985,6336.402103986297
2025-03-08 18:00:00,15833.032187152672,15916.483498496635,15775.458888648316,15904.824738972999,53164.52984953267,33177.359622457705,19987.170227074967
2025-03-08 18:15:00,15860.192113022626,15866.25114791907,15800.959970765905,15830.380642053191,22055.68539613853,13388.73636818274,8666.949027955792
2025-03-08 18:30:00,15841.766257113342,15939.227163011166,15684.430462091248,15862.454379377958,32709.504933173397,16422.237652511867,16287.26728066153
2025-03-08 18:45:00,15820.236404172296,15951.234809510659,15662.85463115693,15882.864391205816,8454.304889353689,5425.734083716609,3028.5708056370795
2025-03-08 19:00:00,15698.168187120662,15722.892888053237,15680.148844040781,15653.279051505613,12218.027067334215,7336.141005374831,4881.886061959383
2025-03-08 19:15:00,15769.054032986109,15862.774525244178,15654.575623911212,15718.505411408549,13923.89020924151,8513.522334970261,5410.367874271249
2025-03-08 19:30:00,15764.493843562052,15858.073541296042,15756.336430605295,15895.250048989614,51880.718118185665,35411.71913377496,16468.998984410704
2025-03-08 19:45:00,15751.844420512978,15777.706580613012,15747.088621229646,15829.390191002685,117874.65437565118,47926.27575172404,69948.37862392714
2025-03-08 20:00:00,16004.906273088303,16024.666502345313,15988.047682040604,16068.179454855157,9846.075695738155,4007.9363353171316,5838.1393604210225
2025-03-08 20:15:00,16030.41432520164,16187.520712262958,15875.642974132872,16093.516151037487,64656.773118360055,42387.745659205655,22269.0274591544
2025-03-08 20:30:00,15971.75975653914,16034.643636431563,15821.487291032548,16008.460902985635,2515.740775921057,1531.8107830835143,983.9299928375426
2025-03-08 20:45:00,15939.308527029942,15975.557978028688,15908.39777343566,16100.118283152822,6672.905150679479,4474.971751517805,2197.933399161674
2025-03-08 21:00:00,16032.429610309799,16059.897097304629,16006.509606912807,16035.949394105566,8444.085579064968,2746.4562642793994,5697.629314785569
2025-03-08 21:15:00,16043.112852690218,16150.216949006872,16004.523537310148,16089.418279203293,5695.839702390291,3138.9933843663234,2556.8463180239673
2025-03-08 21:30:00,15929.344884377062,16026.42552766994,15847.221625649794,15813.784422193185,4520.652452070844,1617.7215161719307,2902.930935898914
2025-03-08 21:45:00,16004.151392498234,16107.146448550775,15912.975000697212,15938.137413892906,33289.55330341993,16696.671047827935,16592.882255591998
2025-03-08 22:00:00,15952.286412152642,15966.325385721226,15916.937193458427,15856.507369080025,17781.82775711034,6442.334373499641,11339.493383610697
2025-03-08 22:15:00,16103.298554101213,16247.18709576611,15981.457327606724,16205.881685412556,32189.81565844936,11306.074135147732,20883.74152330163
2025-03-08 22:30:00,16191.870566231537,16254.900077360691,16141.748117708192,15985.218567448392,43935.26968227429,13394.42871906096,30540.840963213326
2025-03-08 22:45:00,16157.274862108421,16207.906818439133,16008.283569253032,16124.773694021436,28727.697129951866,15860.433027656212,12867.264102295654
2025-03-08 23:00:00,16262.379256891694,16337.570228980774,16155.580519701576,16018.955296110054,42521.417797526854,18862.88561247425,23658.532185052605
2025-03-08 23:15:00,16269.522955051716,16332.984843158394,16198.530697329848,16201.89966756272,20546.948424869806,7028.603833184438,13518.344591685367
2025-03-08 23:30:00,16340.521011761544,16481.633993412237,16211.445275148866,16300.409203617564,6721.0966468218285,2884.258556197475,3836.8380906243533
2025-03-08 23:45:00,16381.758997793173,16533.988291210637,16247.770194946506,16495.192120300893,63437.73678741629,23318.29335834282,40119.443429073464
2025-03-09 00:00:00,16314.073119951758,16363.57869956819,16266.683738412705,16346.42620596113,12220.716534514582,8269.489199474076,3951.2273350405067
2025-03-09 00:15:00,16263.209932159953,16403.713626206267,16207.96144272581,16195.46215467446,8642.124313866405,3698.8460956775966,4943.278218188809
2025-03-09 00:30:00,16348.588598144277,16476.35659939098,16195.573140598059,16435.723609716493,18436.397675357497,7993.67928678723,10442.718388570267
2025-03-09 00:45:00,16322.857936117007,16474.79235013232,16295.967490462486,16324.313302903856,8841.298913053803,5622.563934946657,3218.7349781071453
2025-03-09 01:00:00,16291.546739302463,16331.583266274207,16284.679784422135,16294.606850474851,14509.655712724796,8112.381946694987,6397.273766029809
2025-03-09 01:15:00,16215.373773260228,16308.929855971368,16141.747005561707,16117.86493313536,31071.73745738805,18148.027531183343,12923.709926204709
2025-03-09 01:30:00,16251.339396530562,16295.95656879153,16121.132056363367,16170.894152171264,31205.2534442317,17300.215027055143,13905.038417176558
2025-03-09 01:45:00,16420.558492852328,16555.879410698686,16293.846280084887,16352.815700472078,8974.746192544391,6089.172456470133,2885.5737360742587
2025-03-09 02:00:00,16334.553115393825,16335.42279813062,16184.351896401742,16338.347736064556,13524.993553128697,5177.372030864545,8347.621522264151
2025-03-09 02:15:00,16338.1646407126,16430.445725467274,16251.049438302614,16344.52718986546,64494.356625017164,44863.28681707909,19631.069807938075
2025-03-09 02:30:00,16455.16391689355,16510.98039752107,16438.698111164376,16582.205406299356,36185.006167144435,22882.76361394701,13302.242553197426
2025-03-09 02:45:00,16450.256872547652,16503.33917124781,16353.416024089012,16481.92815466105,175442.22042773903,93964.92963373744,81477.29079400159
2025-03-09 03:00:00,16489.110059485927,16595.449373008596,16360.759549937015,16265.88331590469,71691.55044884021,40502.04462516563,31189.505823674575
2025-03-09 03:15:00,16403.169351431377,16542.839787653455,16387.860581811008,16424.710156460656,69167.96276359196,38701.57445541734,30466.388308174617
2025-03-09 03:30:00,16439.93763761611,16540.088980052402,16411.552868548937,16320.746745271521,5497.954811128604,1777.8103637456886,3720.144447382915
2025-03-09 03:45:00,16426.198431150307,16566.342317583774,16424.179542760376,16346.862280718355,47280.8368422926,18307.452051094384,28973.384791198216
2025-03-09 04:00:00,16508.800033536296,16552.48184163125,16410.79511630149,16441.76031652593,20887.228994788893,14299.153713192933,6588.07528159596
2025-03-09 04:15:00,16608.462507979115,16694.743778756016,16461.189558947422,16553.377359598315,12695.694464984377,6522.359348197137,6173.335116787241
2025-03-09 04:30:00,16825.16670753237,16900.970231308755,16712.326486568752,16709.48111868817,26056.312506502258,11760.293641772098,14296.01886473016
2025-03-09 04:45:00,16875.611348045797,16877.57649602781,16709.886079581935,16892.78076407871,56681.97481133507,34282.130438235734,22399.84437309934
2025-03-09 05:00:00,16904.78896926693,16998.916887020125,16894.133263332224,16785.54239473282,36345.71487994208,18529.320839541324,17816.39404040076
2025-03-09 05:15:00,16922.909576149374,17034.858739348863,16770.09551903754,16953.088844480528,9150.155920882078,2793.2233406457412,6356.932580236336
2025-03-09 05:30:00,16894.718860914094,16994.72113543795,16757.184312424255,17083.683848148856,46279.70993105922,27513.057945844088,18766.65198521513
2025-03-09 05:45:00,16925.001279671418,17049.616661962475,16871.81589830562,16812.50426080341,11642.441590509925,6902.65254693743,4739.789043572495
2025-03-09 06:00:00,16901.695433576286,16998.261500567056,16737.152940819757,16877.65190101801,27355.779969636675,10013.842723190735,17341.937246445937
2025-03-09 06:15:00,16917.621983686404,16928.914539475205,16868.909763902426,16704.167494931724,16263.033576533666,11102.188128709158,5160.845447824508
2025-03-09 06:30:00,17030.766831055036,17050.598396747104,16879.311417122295,17005.141037025987,17696.705092449898,6893.985996408801,10802.719096041097
2025-03-09 06:45:00,16946.758949064093,17047.842057912916,16797.50061076002,17001.218812354466,47393.623581665786,22895.847559482776,24497.77602218301
2025-03-09 07:00:00,17045.0398609923,17091.91017387364,16915.89681823248,17106.4564831117,7783.849430237636,2692.3898077467056,5091.45962249093
2025-03-09 07:15:00,17158.995759100006,17172.66206341341,17062.309884394675,17165.63317869927,154075.04598314967,83402.81423901314,70672.23174413653
2025-03-09 07:30:00,17150.5819719063,17224.261342575002,17130.000801964714,17226.838898211037,3564.9807414126058,1604.8846273620836,1960.0961140505221
2025-03-09 07:45:00,16970.3417982138,17064.412237773337,16880.06437659986,17186.37887677301,12116.607567182535,5346.687968050029,6769.919599132506
2025-03-09 08:00:00,16920.464098026314,16976.08944495871,16860.09251568512,17065.329047969666,31895.234533271327,20119.21894100317,11776.015592268155
2025-03-09 08:15:00,17031.88489273823,17154.58833162982,16896.955399550545,16987.387311119473,39510.20083102069,12004.174327310584,27506.026503710105
2025-03-09 08:30:00,17031.64065020353,17141.285346786965,16902.51880808875,16908.067241985635,19920.891405875238,12334.591810009273,7586.299595865965
2025-03-09 08:45:00,16948.245031661587,17004.651903009762,16793.91219262312,16913.82726302134,20797.941553090768,10993.364014337663,9804.577538753105
2025-03-09 09:00:00,16907.164610910684,17034.7921519758,16904.65725093629,16827.110643400745,33208.132685975244,23061.03591662993,10147.096769345313
2025-03-09 09:15:00,16979.917833188476,17090.065718398553,16842.53277178624,17018.23705457324,17482.06054729663,9366.490992907791,8115.56955438884
2025-03-09 09:30:00,17028.03328029532,17136.57769152711,16868.231649566307,16927.466265795945,88714.73337431926,28579.59806047047,60135.13531384879
2025-03-09 09:45:00,17009.39336494139,17103.528059558812,16875.138146721332,17003.200037932784,50988.17969879302,16329.379111884607,34658.800586908415
2025-03-09 10:00:00,16979.897000695786,16981.830954605943,16957.790115509186,17051.043962351596,52723.91101109904,34442.485088391644,18281.425922707393
2025-03-09 10:15:00,16948.33492529612,17066.38129553053,16934.559470383403,16939.801788405617,8382.012138356538,5335.030512959309,3046.9816253972294
2025-03-09 10:30:00,16871.863175061724,16935.30843153871,16868.346194722857,16792.032788371373,20345.429592435252,8918.54174952104,11426.887842914211
2025-03-09 10:45:00,17009.822349424478,17170.158586570888,16902.873903480635,17109.739241490173,16310.005800884746,8925.047101117245,7384.9586997675015
2025-03-09 11:00:00,16984.11026205508,17123.03769750165,16877.165964573192,16824.546164325086,8057.822392027744,3995.36279753867,4062.4595944890743
2025-03-09 11:15:00,17089.170445701788,17189.602555299956,16920.515078927034,17061.161717796047,31576.365229171184,21688.71974535225,9887.645483818935
2025-03-09 11:30:00,17220.869509311782,17264.297439326874,17152.323013708592,17217.28240017976,12866.13882809568,8748.773181206674,4117.365646889006
2025-03-09 11:45:00,17308.55050479636,17343.81103269888,17251.10233784628,17309.92728388323,42421.21330280409,29420.621765612224,13000.591537191867
2025-03-09 12:00:00,17272.927749938957,17331.722177022748,17165.07128341379,17288.516226617885,7553.818206364041,4884.144091524024,2669.674114840017
2025-03-09 12:15:00,17309.523046118255,17392.01468414265,17166.614122679803,17362.35515676456,122889.47004578171,81576.56620159448,41312.903844187225
2025-03-09 12:30:00,17309.159926390676,17360.406379010205,17147.012225318973,17306.095561265574,8988.195114545008,3477.6361574871344,5510.558957057873
2025-03-09 12:45:00,17232.679242217542,17321.4153904821,17094.279430743176,17200.966090624424,27427.524643860896,17345.24106685137,10082.283577009526
2025-03-09 13:00:00,17262.350407447488,17290.89722976986,17188.696449816183,17227.170656998198,48623.3579355753,28373.812636876617,20249.545298698686
2025-03-09 13:15:00,17162.31165239161,17330.109772394087,17053.345692601953,17109.836528516887,12448.551749683194,8528.684596522176,3919.867153161018
2025-03-09 13:30:00,17265.944502596347,17284.578696361277,17118.096336069437,17333.932899252435,51661.52795921192,27303.361956611134,24358.166002600785
2025-03-09 13:45:00,17227.560814696106,17388.112058114057,17143.04073227941,17171.87027120303,6443.430748669918,2152.5367209049336,4290.8940277649845
2025-03-09 14:00:00,17246.61102180264,17404.172267809983,17209.239919226573,17319.63068151047,94100.41155751528,50716.316077140335,43384.09548037495
2025-03-09 14:15:00,17272.764461543575,17363.50874014229,17243.448531559894,17274.405294907876,22340.33939951105,12837.482202744048,9502.857196767001
2025-03-09 14:30:00,17252.131714846168,17377.194189757778,17252.104500543788,17207.167931921776,12131.838927206438,4708.711371208173,7423.127555998265
2025-03-09 14:45:00,17304.465521714326,17379.921349095017,17180.178275508937,17357.971553430445,16330.964177922555,7473.789872651254,8857.1743052713
2025-03-09 15:00:00,17265.106198505695,17373.882337405706,17245.92514741486,17202.308352181375,49459.98656257608,26678.784295433623,22781.202267142457
2025-03-09 15:15:00,17342.0479109809,17401.11075322174,17299.761217485924,17397.38500203256,12277.759183660175,5520.599815897127,6757.159367763048
2025-03-09 15:30:00,17227.071895261768,17278.952776119273,17175.756525471366,17245.39513618062,10411.250825900253,4684.845140078258,5726.405685821996
2025-03-09 15:45:00,17239.68035296599,17339.36531980725,17143.07265631601,17188.278117833357,17649.511808719268,6234.419226480999,11415.092582238269
2025-03-09 16:00:00,17408.53690185559,17495.253990005003,17339.25836238394,17454.55069530738,6788.857112934493,4591.295166854599,2197.5619460798935
2025-03-09 16:15:00,17323.206231653385,17423.60051206867,17206.331064623882,17370.54966436442,136018.19029480033,81637.81229061332,54380.378004187005
2025-03-09 16:30:00,17266.234972792212,17315.7304623316,17256.628271136808,17366.165000289857,12501.518660931812,3756.6735479548643,8744.845112976947
2025-03-09 16:45:00,17312.327864722356,17375.85680769179,17290.8711050584,17395.959133944114,50595.442709023824,30673.250032311567,19922.192676712257
2025-03-09 17:00:00,17329.603990946176,17344.143175279645,17243.092614306614,17372.171912097307,27159.17168627584,16184.639193179533,10974.532493096307
2025-03-09 17:15:00,17361.718355183853,17370.79443170406,17303.215477761743,17263.833772610153,8229.379940979321,2500.845889617928,5728.534051361393
2025-03-09 17:30:00,17405.92017290239,17450.036718565807,17354.43113512111,17619.01972116522,21895.694335435233,9805.805390876258,12089.888944558976
2025-03-09 17:45:00,17462.90032098875,17475.865976025107,17451.195274359354,17340.344271074395,48242.84373097821,26181.34672269607,22061.49700828214
2025-03-09 18:00:00,17561.53949965234,17579.763936099876,17404.23742297301,17644.89211330596,18246.68438395383,8778.484614819325,9468.199769134506
2025-03-09 18:15:00,17599.28088625903,17742.350439728492,17477.525790063533,17637.232311434425,72628.51888972857,44390.14747469417,28238.371415034402
2025-03-09 18:30:00,17579.811008199697,17586.64493066713,17558.430766079146,17476.60500317501,61176.31555015801,28764.083949322692,32412.23160083532
2025-03-09 18:45:00,17640.687582081664,17756.929621704334,17629.21302789248,17629.72381193709,55210.85462319748,19961.21880232295,35249.63582087454
2025-03-09 19:00:00,17810.02776912151,17858.570379872424,17636.402700203864,17803.01481366693,13909.721007278267,9605.583870502038,4304.137136776229
2025-03-09 19:15:00,17799.99771836744,17955.132829648017,17678.749019931063,17916.194565180274,7481.267827183354,2968.6867524938575,4512.581074689497
2025-03-09 19:30:00,17715.044621141176,17800.961220763173,17641.092091873255,17651.862949005124,11925.239443055769,7001.032892774861,4924.206550280908
2025-03-09 19:45:00,17814.876042881395,17869.31411032687,17689.86352781633,17791.543453783885,26802.245241741628,9575.437801771948,17226.807439969678
2025-03-09 20:00:00,17805.93465291703,17898.105103543945,17671.26270925713,17597.955139258658,38016.92421098851,16408.296304369753,21608.627906618756
2025-03-09 20:15:00,17614.28318658878,17681.562353717294,17476.898435511663,17767.06620208696,2510.9805048774997,1197.2632344178176,1313.7172704596821
2025-03-09 20:30:00,17690.678241906346,17790.506927572736,17606.13850537217,17595.991695629113,21848.483615960355,8234.536205337214,13613.947410623141
2025-03-09 20:45:00,17645.095716272866,17665.305150515644,17569.242492133984,17673.937583723815,25798.95394507427,12383.080738673834,13415.873206400436
2025-03-09 21:00:00,17638.872883685668,17814.73077113919,17636.92765391997,17629.929284596295,16688.17633374734,6055.55726140254,10632.619072344798
2025-03-09 21:15:00,17669.91556522799,17745.110929499868,17506.193705318816,17661.25722118613,80119.44310673374,41950.74997064899,38168.69313608475
2025-03-09 21:30:00,17688.51312306901,17750.109945472195,17581.796929827673,17760.139394805326,33583.161491552186,18990.784184853266,14592.37730669892
2025-03-09 21:45:00,17753.027713269563,17879.11146446352,17716.96173849963,17901.377557139152,81649.57621165845,26533.965996283692,55115.61021537476
2025-03-09 22:00:00,17716.1470080135,17780.615961829502,17553.22871433808,17738.424502154885,17748.20174534199,11508.871976328199,6239.3297690137915
2025-03-09 22:15:00,17763.369911470058,17911.387508649546,17600.84717332055,17821.551877210273,56245.28489739509,21038.906199356592,35206.3786980385
2025-03-09 22:30:00,17742.094130245125,17822.691269767296,17566.592144681814,17771.270253261384,112991.33287453603,44083.0001890734,68908.33268546264
2025-03-09 22:45:00,17809.40856513974,17937.557662823016,17653.7442607199,17900.016729422987,81772.26850434397,46163.71123073406,35608.55727360991
2025-03-09 23:00:00,17865.986160698707,17885.183737477437,17687.72214005716,17824.63387255139,7389.818153765838,3602.5394845278397,3787.2786692379987
2025-03-09 23:15:00,17784.210084790222,17934.68569831706,17740.694579045914,17879.834942504927,17091.284299341634,8541.510155111588,8549.774144230047
2025-03-09 23:30:00,17882.555176310612,18014.12035123825,17731.93942951511,17981.84805191424,15597.022264708088,5478.641138438226,10118.381126269862
2025-03-09 23:45:00,17836.421452429557,17874.18414932154,17689.62265459994,17932.96438405316,35927.36480966788,22357.395368008885,13569.969441658995
2025-03-10 00:00:00,17910.269391815124,17936.290507549213,17868.907351344264,17851.15226110298,43754.66676514047,23926.001195264012,19828.66556987646
2025-03-10 00:15:00,17944.951492390373,18001.71000094333,17927.286921971845,17929.847438986722,9519.592535478052,3371.390516214001,6148.202019264051
2025-03-10 00:30:00,18111.676572110573,18288.459319768175,17934.28709639238,18133.362315363018,23572.55790773494,10598.216066987312,12974.341840747627
2025-03-10 00:45:00,18093.251021779844,18139.72020326945,18039.69055658712,17969.23607563834,2922.1434022268068,1823.8966358843375,1098.2467663424693
2025-03-10 01:00:00,18063.458964490568,18145.85131570452,17906.145783294298,18207.50784314256,93148.00938454624,49120.85927829025,44027.15010625599
2025-03-10 01:15:00,18063.51138411672,18068.934091006708,18062.765875062232,18062.402597603348,13195.428981514846,4532.095594045204,8663.333387469642
2025-03-10 01:30:00,18037.935277961824,18109.58692265123,18034.142836843235,18063.54264226294,23291.969880842826,10460.6756533703,12831.294227472526
2025-03-10 01:45:00,18111.885572756422,18215.36240020592,18027.507494409034,18059.632380819865,16160.904240917209,6417.135645575216,9743.768595341993
2025-03-10 02:00:00,17967.32459736352,18138.57559031019,17924.43395523934,17848.122398312997,69288.03914790665,35128.08116007302,34159.95798783362
2025-03-10 02:15:00,17874.462059586567,17966.825847887587,17751.156641107442,17820.47851323269,1290.1239249606035,822.2533253839956,467.8705995766079
2025-03-10 02:30:00,17780.817491748112,17926.461470477305,17680.25553122044,17800.30564001681,21663.62049255081,10279.536404475424,11384.084088075386
2025-03-10 02:45:00,17867.08180276681,17964.837546230145,17853.237351950804,17927.24284119586,19814.737192975776,9379.044536460271,10435.692656515504
2025-03-10 03:00:00,18021.686856251228,18029.037003656857,17992.378493949553,18036.265638654895,13993.715464324767,9265.803808311124,4727.911656013643
2025-03-10 03:15:00,18014.07726939254,18070.823103490206,17944.173774040904,18045.30683549122,123775.72599275793,65659.82489363711,58115.90109912082
2025-03-10 03:30:00,18000.672839287992,18104.2756232208,17967.26285895895,17970.339331743737,9069.48300691283,4774.869080400359,4294.61392651247
2025-03-10 03:45:00,18008.777836921345,18179.968192377062,17866.108274431743,18053.461987828367,47657.5420743247,19290.05529899069,28367.48677533401
2025-03-10 04:00:00,18115.19875583109,18270.83192807171,18039.82680569676,18249.507816312387,31453.098813517503,17081.835099632655,14371.263713884848
2025-03-10 04:15:00,18033.01434399315,18074.193744653334,18016.16576204358,18096.56173461813,77770.63933786235,41246.761902325925,36523.87743553642
2025-03-10 04:30:00,18056.310201851644,18096.05391554467,17968.855744976736,18129.396899130083,11302.858250324873,5185.079841380299,6117.778408944574
2025-03-10 04:45:00,18146.15818742914,18182.663352271975,18129.674547399154,18172.834527886724,10583.284493728213,7368.910556352902,3214.3739373753115
2025-03-10 05:00:00,18193.437473620517,18361.27173351415,18169.97934557879,18056.699684760937,65911.61174531926,43024.22547694107,22887.386268378184
2025-03-10 05:15:00,18212.502523806565,18367.794368459858,18168.86357710114,18117.372564678277,33702.29814840821,20215.80169897368,13486.496449434533
2025-03-10 05:30:00,18305.481546495572,18447.327690193488,18148.140861024476,18347.11514937057,4698.801021394759,2419.592306289217,2279.208715105542
2025-03-10 05:45:00,18059.89225037328,18130.819788831555,17892.908223300496,18058.904459874677,12844.80830255727,6227.470322628827,6617.337979928444
2025-03-10 06:00:00,18122.910015747893,18214.318476924753,17973.16807096288,18162.766181010964,32415.197610188396,12121.953524564162,20293.244085624232
2025-03-10 06:15:00,18065.45353300543,18149.337168600392,18005.10096852845,18216.880279788955,50907.4329101658,21497.953851658945,29409.479058506855
2025-03-10 06:30:00,17901.904010687973,17947.26709666815,17853.130910320135,17966.89114452051,11167.570283784438,6807.575736703219,4359.994547081219
2025-03-10 06:45:00,17949.451700422596,18040.101465639655,17850.88126494408,18062.43328615414,1194.811857064185,575.3014092372783,619.5104478269067
2025-03-10 07:00:00,18074.528734139014,18080.040841443584,17944.057177220166,18083.0853416119,37168.7333588901,24267.756172486494,12900.977186403608
2025-03-10 07:15:00,18063.914601376913,18087.724714681248,17884.47258925034,17991.007226062058,6500.792100379316,2334.8534487990514,4165.938651580265
2025-03-10 07:30:00,18151.78421506955,18312.716045439392,18127.90178335906,18146.532344892483,2929.717268250819,1474.6404866577689,1455.07678159305
2025-03-10 07:45:00,18299.92802865935,18437.484885032096,18290.907628314108,18226.293527299385,1296.8247750746668,724.6478835871847,572.1768914874822
2025-03-10 08:00:00,18422.072220784376,18499.973344500126,18294.157477444398,18565.60733195911,49710.967421143054,25190.504935619465,24520.46248552359
2025-03-10 08:15:00,18574.972153004474,18671.032688787865,18420.3864454685,18648.379614187623,25049.7080161952,16424.862002599675,8624.846013595525
2025-03-10 08:30:00,18645.754637622973,18714.74372206101,18487.946520750564,18694.281379112712,17576.949221435985,12230.486188874129,5346.463032561856
2025-03-10 08:45:00,18654.651798698647,18792.841703512335,18528.08678603721,18769.932249101315,88346.7209695887,30597.46118651366,57749.25978307504
2025-03-10 09:00:00,18507.09669180671,18652.226971311942,18330.536064483254,18320.16979487428,41661.16517184364,14663.978641008973,26997.186530834668
2025-03-10 09:15:00,18486.17789017565,18627.280148245976,18391.712640559526,18540.54000413807,110890.67030708751,39047.89241606978,71842.77789101773
2025-03-10 09:30:00,18410.084475133168,18543.117904102408,18241.850398813203,18289.438977103066,5471.261704810281,3132.137775412905,2339.1239293973763
2025-03-10 09:45:00,18611.76167767973,18649.823537817745,18431.634789255208,18611.08647102649,21278.43454310891,9555.51592444851,11722.9186186604
2025-03-10 10:00:00,18597.255129730118,18660.108269031363,18439.707096100716,18568.270601615186,4373.358922752476,2594.8269636387267,1778.5319591137495
2025-03-10 10:15:00,18610.57121136799,18698.012130628988,18552.923373369435,18672.147693080988,17511.58022386066,8093.652557537105,9417.927666323554
2025-03-10 10:30:00,18663.749557803276,18725.487933278102,18627.12836007564,18685.043709870482,17177.989210624448,9465.805358210364,7712.183852414084
2025-03-10 10:45:00,18669.68485845507,18810.629814694425,18567.35256967701,18795.249427100214,41217.31183544179,25057.784546263843,16159.527289177946
2025-03-10 11:00:00,18829.78217066011,18891.798721847772,18744.48047996256,18773.11420851261,23053.2925292641,11971.260461789148,11082.032067474953
2025-03-10 11:15:00,18773.043389626375,18798.993759256973,18608.261435190467,18839.60456565035,41085.36023135171,21191.88781330397,19893.472418047742
2025-03-10 11:30:00,18793.187564970907,18868.179985584455,18774.38842540288,18808.43102168377,44508.70794370509,14923.490709010799,29585.217234694293
2025-03-10 11:45:00,18725.299938834916,18908.79185551735,18677.037339291797,18572.193434864177,190028.3741041449,88232.58691794216,101795.78718620274
2025-03-10 12:00:00,18603.583381585693,18645.605418584295,18463.721838080273,18518.135592176543,16069.901748036202,8329.204615869918,7740.697132166284
2025-03-10 12:15:00,18548.538253459184,18662.08473648513,18530.91961927989,18534.63816126849,8595.355681495064,4166.9625103019425,4428.393171193122
2025-03-10 12:30:00,18546.95821505034,18627.261545686542,18487.466173212986,18650.10642300563,28171.993223257406,18602.327728953453,9569.665494303954
2025-03-10 12:45:00,18509.001658773097,18522.14759717745,18437.343060465617,18551.916912980778,9874.589041576415,6543.023690785104,3331.565350791311
2025-03-10 13:00:00,18446.772453613703,18536.769940976577,18331.92399265147,18339.089343426032,96950.97995284092,60959.57218119329,35991.40777164763
2025-03-10 13:15:00,18318.907039609578,18447.53587023996,18289.938867240973,18306.054839920856,16593.759352744884,7469.170185139411,9124.589167605474
2025-03-10 13:30:00,18313.126914016244,18407.113539537677,18155.523321470777,18497.88864193958,12511.751881253738,7343.393168595409,5168.358712658329
2025-03-10 13:45:00,18177.177550808967,18335.701818447556,18095.827004053404,18187.286182334945,13748.489999538611,6298.3947814409985,7450.095218097613
2025-03-10 14:00:00,18248.073629566734,18300.799069109482,18080.734832383656,18218.208323592928,45180.34488057133,17757.567071666635,27422.77780890469
2025-03-10 14:15:00,18257.42027033745,18273.1671440221,18171.999293886838,18302.309756761806,18812.052178984042,8223.896622811511,10588.15555617253
2025-03-10 14:30:00,18126.190360907523,18295.95402653145,18076.336040002792,18195.377402311035,11595.045570526487,3807.6489338945394,7787.396636631947
2025-03-10 14:45:00,18099.979066983982,18168.432527080688,18074.308078680566,18058.695879281935,116465.6801527033,50395.98134404934,66069.69880865395
2025-03-10 15:00:00,18033.718988909244,18137.666346294867,18033.043609053144,18079.03545016889,9356.533603185382,4531.340096239731,4825.193506945651
2025-03-10 15:15:00,18064.301877954746,18207.371713541743,17968.17134340095,18034.596082192995,22823.958486369313,15570.33005670946,7253.628429659853
2025-03-10 15:30:00,18187.179815689546,18246.163324905447,18167.69103453489,18252.59251789385,42290.00935216791,17988.65745456892,24301.35189759899
2025-03-10 15:45:00,18018.478039216727,18147.51998925292,17947.894658153327,18033.76610141828,4309.878056676037,2848.7492993194114,1461.1287573566256
2025-03-10 16:00:00,18030.642861425924,18055.05975060363,17924.39337467403,18074.093810227365,35605.68166388344,13941.1664652117,21664.515198671743
2025-03-10 16:15:00,18018.009439475747,18070.49477434384,17968.336328548514,17949.614557970042,7668.622822967196,2886.3742260235463,4782.248596943649
2025-03-10 16:30:00,18080.29229959261,18106.456405594694,18048.611235352924,18006.046810164044,50150.45072233803,25456.277641868855,24694.173080469172
2025-03-10 16:45:00,18101.373615601697,18248.217489861858,17961.138360212328,18186.947615422618,8411.448622057196,4786.152518854944,3625.296103202252
2025-03-10 17:00:00,18035.125363856863,18075.280432551684,17864.370389001942,18027.965745398244,44036.27617962266,13991.773749884223,30044.502429738437
2025-03-10 17:15:00,18008.157987755352,18137.349153422496,17990.070518623208,18033.822741093976,66558.26885013586,25852.985166800958,40705.28368333491
2025-03-10 17:30:00,17938.284006595848,18107.49555212344,17910.37377232088,17910.802965648847,52126.90606531384,25139.423691278917,26987.48237403492
2025-03-10 17:45:00,18036.586443223037,18131.778533935052,17863.43293043177,18117.636258964718,28319.804604864312,12245.532628821915,16074.271976042397
2025-03-10 18:00:00,18040.312048834956,18137.735000273588,18033.495657314805,17985.4866403043,17478.0145221758,10225.484986116164,7252.529536059636
2025-03-10 18:15:00,18213.606446216454,18297.57728589474,18035.544339946202,18201.257508130584,12376.817231739236,6243.661678829878,6133.155552909358
2025-03-10 18:30:00,18209.903545913443,18269.247826691062,18209.05779002346,18281.46781244897,95897.45196563148,34920.4474404501,60977.00452518138
2025-03-10 18:45:00,18147.224441784474,18233.54262781506,17988.677829965905,18253.654982282962,10943.5418934202,7198.5103083255335,3745.031585094667
2025-03-10 19:00:00,18011.69059011113,18120.266417676903,17956.336129406118,17964.52163864279,7808.232668882444,3257.300066348832,4550.932602533612
2025-03-10 19:15:00,17851.103789472767,18027.114168376404,17683.55531824311,18026.016400255074,42846.05845293812,25384.252028461902,17461.80642447622
2025-03-10 19:30:00,17711.496024175587,17877.58815681536,17655.360271980084,17739.23591923789,9935.437565192593,6080.153081321912,3855.2844838706806
2025-03-10 19:45:00,17736.92323686471,17889.84264526152,17620.86942688026,17644.43154425842,8517.9970361685,5837.068885308288,2680.9281508602107
2025-03-10 20:00:00,17783.813012616905,17941.934324524736,17769.580170060537,17816.62877573714,5199.905533813796,2596.848353674607,2603.057180139189
2025-03-10 20:15:00,17644.993395007026,17727.545352497502,17602.234315781883,17611.203301957758,13590.008879631334,7424.686713310988,6165.322166320346
2025-03-10 20:30:00,17725.722620047283,17842.259377863997,17588.582365121776,17764.193508056844,20277.860945936685,8799.588249088472,11478.272696848213
2025-03-10 20:45:00,17684.682161255845,17842.971866338285,17591.18574840122,17680.89266566336,28087.8317481155,16045.783879800238,12042.047868315261
2025-03-10 21:00:00,17699.430568274263,17768.98061609141,17535.185328488198,17706.003578387114,57028.4898740857,27678.971134844087,29349.518739241616
2025-03-10 21:15:00,17843.877446683822,18015.493164647978,17767.37157082846,17762.54564421876,37305.569978502775,17722.419360944492,19583.150617558284
2025-03-10 21:30:00,17925.677288636853,18000.209756334505,17769.75753092439,18014.414879225915,18199.106536282605,11687.229841170558,6511.876695112047
2025-03-10 21:45:00,17903.401887683372,18011.016132945922,17823.023591415036,17799.908823246104,18066.313012610535,5782.440315834353,12283.872696776183
2025-03-10 22:00:00,17825.415365018194,17951.94100343947,17650.860291884776,17726.59439100447,36686.25603398743,23948.236586115065,12738.019447872368
2025-03-10 22:15:00,17635.412889967007,17803.053716372,17466.142133747457,17667.8056471501,78634.84202273813,50391.40344281691,28243.438579921218
2025-03-10 22:30:00,17573.763602675852,17616.75188841147,17515.92189611179,17714.603632134924,24992.07864604369,12559.6816869006,12432.39695914309
2025-03-10 22:45:00,17556.96921450345,17687.96720065268,17401.427868424373,17526.016883751417,13778.561459930574,6835.284499781425,6943.276960149148
2025-03-10 23:00:00,17472.065508587995,17563.062748978024,17323.970294026793,17533.302680297948,8161.098009670894,3629.427559364749,4531.670450306145
2025-03-10 23:15:00,17462.346063501376,17509.242440774797,17425.556323432076,17556.06125156263,5191.587134058728,3622.012086582928,1569.5750474758001
2025-03-10 23:30:00,17470.802368987013,17606.481815151878,17361.733826857613,17541.968322972287,42884.66886985425,14772.384670408723,28112.284199445527
2025-03-10 23:45:00,17452.907377125644,17549.286220200236,17440.222199906206,17425.749929895934,39260.66961677585,21047.09903255365,18213.570584222198
2025-03-11 00:00:00,17397.930493673335,17512.92625957134,17252.36014407311,17303.020718917873,39236.531785687235,22469.688086971637,16766.8436987156
2025-03-11 00:15:00,17414.341498024252,17470.572592807177,17383.94548180021,17222.126562115587,19367.284463039818,13048.359359508702,6318.925103531115
2025-03-11 00:30:00,17454.563459141355,17538.56772647542,17442.203062149572,17431.62462825386,89943.29956042336,55052.62060247801,34890.67895794535
2025-03-11 00:45:00,17361.14671602219,17468.326493293833,17291.66409166016,17463.411454271692,13573.593168224947,7567.805947852905,6005.787220372042
2025-03-11 01:00:00,17485.359850949597,17556.159963900092,17384.482938955654,17387.0776170708,57254.941792293015,19851.715497568293,37403.22629472472
2025-03-11 01:15:00,17478.489142084574,17513.16166492273,17329.062574308864,17539.68219316976,21189.41630296187,9524.502920693347,11664.913382268522
2025-03-11 01:30:00,17481.884305648655,17649.997183951487,17311.568354480514,17398.832022633225,11987.853829817823,4262.121475488171,7725.732354329652
2025-03-11 01:45:00,17545.537107134034,17635.276834163156,17468.425785258012,17554.842608759256,39836.15943459661,25992.50019289607,13843.659241700538
2025-03-11 02:00:00,17567.75117227008,17696.684476724826,17557.132007248736,17629.92270706655,33177.79542613686,19901.649566399003,13276.145859737855
2025-03-11 02:15:00,17653.23028347612,17725.79339112834,17520.98718522129,17595.01915938907,31475.752272643793,18980.341777250804,12495.41049539299
2025-03-11 02:30:00,17680.33895154576,17743.12745115011,17580.41440418188,17695.410086249598,23891.509459365883,13400.809943537637,10490.699515828246
2025-03-11 02:45:00,17627.966483589727,17699.741269656653,17549.012347437645,17591.380402732615,21207.431003658865,10663.465631272227,10543.965372386638
2025-03-11 03:00:00,17661.59214036825,17733.86278264575,17606.970332378885,17723.86238043072,239994.6697903054,86395.30289470933,153599.3668955961
2025-03-11 03:15:00,17562.358170612548,17657.92903166753,17474.12514170878,17583.021792595653,71988.13877536646,31090.090135670733,40898.04863969573
2025-03-11 03:30:00,17573.647228608326,17669.15470635263,17514.128869685803,17578.61245828897,45380.006201253665,16099.297665036442,29280.708536217222
2025-03-11 03:45:00,17572.48473266621,17659.847011060094,17439.458937781834,17709.40513707994,24631.937646610753,14531.987427562246,10099.950219048507
2025-03-11 04:00:00,17555.956329654317,17579.619263193003,17460.470589818327,17614.093418215714,60304.21016521867,21956.250963064296,38347.95920215437
2025-03-11 04:15:00,17546.42893059956,17633.472461876787,17392.573459078063,17485.8628808191,36974.90714895699,21476.705474936145,15498.201674020846
2025-03-11 04:30:00,17383.084920817913,17412.48039543245,17288.600220552464,17375.62202342191,22611.293046393355,13044.503704757286,9566.78934163607
2025-03-11 04:45:00,17337.13057096285,17358.998896929657,17295.82270526058,17330.551235227333,16259.549468182704,7865.098399301509,8394.451068881195
2025-03-11 05:00:00,17346.912604889607,17508.697842390025,17199.274439891487,17353.879087923564,20314.34696278942,7193.1368084628875,13121.21015432653
2025-03-11 05:15:00,17362.512370456654,17467.546891324506,17265.765144850135,17581.671488178803,924.7970093901391,393.88984784196265,530.9071615481764
2025-03-11 05:30:00,17275.03350995801,17388.960638493874,17239.301651306367,17307.06590432708,27189.899442623864,11638.28961200359,15551.609830620275
2025-03-11 05:45:00,17386.086740132778,17455.942936173302,17277.683131462287,17209.104846741273,13514.57375955703,7840.534744651992,5674.039014905038
2025-03-11 06:00:00,17312.5283935909,17469.895968595978,17250.598577091605,17265.54228054159,108301.0359262733,37417.70551063741,70883.3304156359
2025-03-11 06:15:00,17398.17842298271,17509.166707774388,17251.267227942455,17230.07965119349,22456.695086161304,14184.265243276908,8272.429842884396
2025-03-11 06:30:00,17437.080259470687,17571.20102695118,17358.03802022692,17408.32666608298,6707.868910338073,4054.2555300529084,2653.6133802851646
2025-03-11 06:45:00,17382.48238015859,17446.547686397214,17256.208839083385,17209.76045489795,20954.733569612603,7848.024803890791,13106.70876572181
2025-03-11 07:00:00,17538.51717994705,17706.889028594047,17521.7615457577,17462.085157693495,7737.848179430307,4547.268374732653,3190.5798046976543
2025-03-11 07:15:00,17435.597931263153,17578.650262996813,17366.54871853196,17303.024485482572,35362.507076130474,20064.87296689608,15297.634109234394
2025-03-11 07:30:00,17517.47150409581,17667.061682764048,17345.232465645295,17551.11907894858,29464.67491643638,17656.656944328006,11808.017972108373
2025-03-11 07:45:00,17606.86161246532,17637.179618835573,17464.51712810534,17606.909094881146,57402.29884718774,21558.663014409696,35843.63583277805
2025-03-11 08:00:00,17549.58471254789,17597.137630253084,17521.515765946577,17576.16902594868,9987.785828671102,3625.9271031493663,6361.858725521735
2025-03-11 08:15:00,17673.525609732955,17724.005899976244,17624.43490931396,17664.28665151596,22788.426951487287,8992.167300805078,13796.259650682208
2025-03-11 08:30:00,17653.196944896983,17701.02108361864,17594.973910604163,17530.127880976055,5625.011123452682,2510.716297023631,3114.294826429051
2025-03-11 08:45:00,17680.444092063546,17831.684053923345,17565.456572746112,17725.84052135949,44422.20703926438,27429.20215473379,16993.00488453059
2025-03-11 09:00:00,17705.22516505444,17710.870439839535,17571.19753839913,17875.392258341282,37007.32631134906,22025.634672298856,14981.691639050205
2025-03-11 09:15:00,17695.10585502409,17708.571828629898,17562.47632818396,17731.311154502342,36163.478995164274,24236.063385911704,11927.41560925257
2025-03-11 09:30:00,17768.61205671805,17817.28292744594,17678.014513675116,17730.771611864617,22062.15621777191,7136.044662056671,14926.111555715239
2025-03-11 09:45:00,17840.88488415809,17876.54399147984,17696.227325385276,17713.494973679382,33348.66067238572,10158.752799386439,23189.90787299928
2025-03-11 10:00:00,17686.692184392447,17727.70048059983,17609.38752928969,17606.388679419222,109572.2149699841,63514.14054773085,46058.074422253245
2025-03-11 10:15:00,17803.808175508395,17945.872450272585,17781.752717296436,17844.13733121593,16562.655029525133,6819.093487617026,9743.561541908108
2025-03-11 10:30:00,17657.59511408441,17757.029728013604,17557.928259030698,17752.338532218655,25302.163470056905,10971.816571694157,14330.346898362748
2025-03-11 10:45:00,17750.52228766007,17751.546610179026,17581.483818140758,17773.674841902564,7434.404048592902,3856.3800926729305,3578.0239559199713
2025-03-11 11:00:00,17852.295363103232,17928.939331297788,17710.727794245984,17923.69448386835,9244.083815796346,3151.911342347542,6092.172473448804
2025-03-11 11:15:00,17756.699317922383,17829.126217946327,17653.9411839608,17819.529466887518,24289.83655549822,13531.327899882834,10758.508655615386
2025-03-11 11:30:00,17722.001458920597,17742.19484123393,17607.374550357148,17766.88547503627,66431.96011532871,28569.660906450114,37862.2992088786
2025-03-11 11:45:00,17625.797160326274,17744.972540501367,17461.778184989962,17567.766550198747,17046.823762163644,9428.36041489488,7618.463347268764
2025-03-11 12:00:00,17608.61896761552,17732.248586299604,17533.193717068232,17623.931731874916,17397.5291228978,11023.122560426269,6374.4065624715295
2025-03-11 12:15:00,17583.259537816335,17710.016063512783,17524.989646272938,17508.673302257423,14663.471606593426,5402.675953161925,9260.795653431502
2025-03-11 12:30:00,17653.562731221533,17782.16380657444,17481.044778508607,17655.10114679346,12903.363969135862,8675.566921521271,4227.797047614591
2025-03-11 12:45:00,17770.986175729107,17770.99556359594,17617.543815837704,17800.385031912323,29583.48234612035,15154.886004802596,14428.596341317752
2025-03-11 13:00:00,17896.776662882865,18067.497738688093,17838.962274019905,18047.000757213198,4928.2653780134115,3297.8527940096874,1630.412584003724
2025-03-11 13:15:00,17848.261362455727,17993.583471235674,17765.48458929039,17731.379169489333,79295.73132006695,30377.562910167133,48918.16840989981
2025-03-11 13:30:00,17831.374955165298,17992.5673210102,17757.360817625035,17874.304670725192,11322.8456408944,6135.001584892958,5187.844056001442
2025-03-11 13:45:00,17683.068004564127,17685.834219111497,17656.703314312792,17814.032041466773,45338.12121174344,20926.029595954726,24412.091615788715
2025-03-11 14:00:00,17613.58503542111,17778.071048527592,17444.878714335566,17680.415183683817,6185.736787347794,3771.374911970245,2414.361875377549
2025-03-11 14:15:00,17700.31887535529,17843.654027149132,17628.754285776693,17774.035875074176,42995.043928066465,23318.945830365537,19676.098097700928
2025-03-11 14:30:00,17845.07056297458,17994.472909802287,17688.867470519606,17897.507847941237,43128.72846752824,21469.747686718856,21658.980780809386
2025-03-11 14:45:00,17736.71985644075,17753.265978530286,17703.134272806306,17851.860832066257,32344.590628997637,21515.43287720329,10829.157751794348
2025-03-11 15:00:00,17685.951665478653,17816.61159058837,17589.05549872009,17589.78623388616,8148.356082334907,3673.6604741387096,4474.695608196198
2025-03-11 15:15:00,17685.385205938874,17855.150170158173,17681.14754267897,17562.83197116454,28269.766459962808,10968.445545303386,17301.320914659424
2025-03-11 15:30:00,17711.9275345268,17832.111347926242,17576.56935622464,17711.366585342228,6747.61113476008,3665.5754762136207,3082.035658546459
2025-03-11 15:45:00,17642.000532897502,17742.658978941883,17539.515699873216,17451.36441798305,17106.89273006351,9402.142833108854,7704.749896954658
2025-03-11 16:00:00,17681.171158812875,17848.369560664207,17570.559593807884,17789.96745431061,61661.381169574976,29328.486682973966,32332.89448660101
2025-03-11 16:15:00,17641.049102942052,17719.187858082383,17631.92499665411,17748.722586464264,48859.393272942376,24168.006579955992,24691.386692986383
2025-03-11 16:30:00,17641.538441751283,17747.263046630887,17604.3080336007,17603.313589369893,22363.444046679524,15292.600850202298,7070.843196477226
2025-03-11 16:45:00,17691.48906840186,17775.760405524026,17678.33883024498,17658.69164861334,8309.821637966064,4928.341456268725,3381.4801816973395
2025-03-11 17:00:00,17693.826314889473,17858.882505081972,17642.706317652297,17687.425796591288,42006.83878287773,14460.463612316325,27546.3751705614
2025-03-11 17:15:00,17656.989016754735,17670.423288603146,17546.202180081462,17661.58165702202,22457.52974710437,8642.825874864153,13814.703872240218
2025-03-11 17:30:00,17649.077820136175,17737.520826106876,17549.151215157297,17660.30033211893,2163.9367294670974,1493.6154635061298,670.3212659609676
2025-03-11 17:45:00,17643.045104201028,17764.24443327907,17535.04323506849,17692.289675402364,48176.654022304196,28452.468064384288,19724.185957919908
2025-03-11 18:00:00,17612.168802265136,17751.640718568233,17515.433741201476,17596.96717992061,21499.117486425715,14318.800314873768,7180.3171715519475
2025-03-11 18:15:00,17591.14021944009,17693.699847217475,17543.1113411533,17674.099447717665,73309.9225674853,30903.40092874796,42406.52163873734
2025-03-11 18:30:00,17733.509466150834,17894.692480344136,17690.149705963813,17773.050561786134,7366.732100043962,4396.073394876677,2970.658705167285
2025-03-11 18:45:00,17785.01816879652,17952.551518773325,17760.642079177444,17731.04388923332,919.009249274543,538.1728120384358,380.83643723610714
2025-03-11 19:00:00,17760.521056490048,17771.944485668715,17609.72164496829,17879.082539736653,29117.185863713305,12167.372990399292,16949.81287331401
2025-03-11 19:15:00,17824.18847547933,17895.907758816986,17714.30603270051,17703.13933288541,29482.839956348907,15340.703814347606,14142.136142001302
2025-03-11 19:30:00,17796.220586815878,17800.395406068885,17763.02867561195,17788.01957131617,4061.5841953718414,2237.794978560711,1823.7892168111302
2025-03-11 19:45:00,17902.386133006163,17961.35957499578,17870.661425566657,17988.936776370043,8279.19031151553,4077.109824160527,4202.080487355002
2025-03-11 20:00:00,17937.26375789837,18033.56322618809,17780.66505935227,17872.41399290311,346354.3779848897,218505.09996621957,127849.27801867016
2025-03-11 20:15:00,17929.4339499802,18092.73432546575,17796.266510335638,17957.184737592976,16226.311751367206,10273.650613520827,5952.661137846379
2025-03-11 20:30:00,17971.363448623215,18123.500802703504,17852.86044339654,18020.186215491707,45750.544687761554,29291.338764930406,16459.20592283115
2025-03-11 20:45:00,17832.00665366009,17854.742413403637,17759.454618932326,17755.282316962715,11491.238709319834,7140.304419676234,4350.9342896436
2025-03-11 21:00:00,17733.327229311817,17749.824610087275,17686.87024523747,17726.90087371984,2723.5653765586585,1348.8005167133977,1374.7648598452608
2025-03-11 21:15:00,17629.239247906084,17733.122596865265,17456.569529561482,17615.444030576222,18578.15585626341,8408.014817903073,10170.141038360336
2025-03-11 21:30:00,17643.602061913,17737.486839473546,17502.94028381589,17594.92884641188,16888.6223374033,10682.906731591334,6205.715605811965
2025-03-11 21:45:00,17798.20544820524,17845.61588809504,17744.49416207145,18003.03385766408,14766.579454496356,7325.413350941353,7441.166103555002
2025-03-11 22:00:00,17998.550960842793,18160.439482635087,17846.001579058444,17929.876917887635,19640.698854405804,7827.772235038125,11812.92661936768
2025-03-11 22:15:00,18057.770792263396,18225.232492888408,17920.7246005133,18148.504796825793,28688.97758322701,14428.76016528301,14260.217417943999
2025-03-11 22:30:00,18104.797242998215,18177.689227586823,18051.011411794418,18069.23932916083,18956.13772832693,6762.411222913999,12193.72650541293
2025-03-11 22:45:00,17943.56879722367,18103.320849062773,17867.0299923663,17846.07814115959,6222.915663260796,3588.4554950663783,2634.4601681944173
2025-03-11 23:00:00,17896.6756308035,17965.389718997798,17863.396145857565,17905.875796603366,35817.24611909613,15557.883923955102,20259.36219514103
2025-03-11 23:15:00,17827.971746990985,17959.331243596655,17808.173348582914,17885.831839581082,3135.7643798700083,1267.6751441494996,1868.0892357205087
2025-03-11 23:30:00,17774.412276961644,17859.00820890869,17645.945573463367,17856.219860422185,2834.561534690786,1934.8816202761632,899.679914414623
2025-03-11 23:45:00,17761.246430422598,17783.018726932027,17713.732990207376,17899.985308522577,46128.23409204707,28172.92960121485,17955.304490832215
2025-03-12 00:00:00,17721.097969625844,17885.538098520723,17575.77444601286,17982.062959868927,36571.344374184984,22485.079244469667,14086.265129715317
2025-03-12 00:15:00,17547.49325016815,17627.175819240318,17372.78887871707,17569.472731665515,20797.844591805555,11428.182411767015,9369.66218003854
2025-03-12 00:30:00,17614.867750347938,17744.246671144174,17601.371271453667,17556.466345606812,5456.438111046202,3468.4892353227156,1987.9488757234863
2025-03-12 00:45:00,17522.1481044804,17586.48484404592,17439.26218927702,17561.824759614483,10851.830553280064,6550.870209181093,4300.960344098971
2025-03-12 01:00:00,17544.86091422329,17548.173538108873,17404.14015374715,17521.507568281053,16936.9558863262,9137.648291019139,7799.30759530706
2025-03-12 01:15:00,17728.562860141534,17746.385447975743,17588.693204512572,17810.64310383877,4465.364082527856,3056.317377906248,1409.0467046216081
2025-03-12 01:30:00,17648.83887880462,17736.41585522504,17514.708204847295,17534.37166047514,10519.346262120147,3961.985325757617,6557.36093636253
2025-03-12 01:45:00,17427.320578662504,17547.562879057423,17366.500112484144,17633.689205202165,42291.03221465903,28645.910499062906,13645.121715596128
2025-03-12 02:00:00,17404.14187441259,17462.39968555423,17325.152609891524,17478.63578687656,91794.28908672865,42278.17900320612,49516.11008352253
2025-03-12 02:15:00,17501.688577027617,17623.410801242055,17397.559067993854,17354.324007617957,14480.602111215441,7404.794807207695,7075.807304007746
2025-03-12 02:30:00,17674.810682232237,17798.293200023032,17502.668527928236,17612.150924149,46933.564258955,16384.306774059794,30549.257484895203
2025-03-12 02:45:00,17567.91788176865,17691.584763908286,17510.374646186203,17639.60210560796,3248.471735223154,1676.3510202954278,1572.1207149277263
2025-03-12 03:00:00,17613.304529385616,17700.053903408025,17450.708385197635,17716.901059849017,42593.25733093845,23191.291785002766,19401.965545935687
2025-03-12 03:15:00,17574.08758595868,17734.87047929284,17526.750565238803,17462.295508503048,9858.128135187688,6891.626296485405,2966.501838702283
2025-03-12 03:30:00,17566.535266426632,17652.470145279825,17392.78915163797,17629.162235164153,29951.827400020175,20669.066131295604,9282.761268724571
2025-03-12 03:45:00,17800.551673262853,17880.701361697942,17681.241039341992,17627.233053119235,17192.82770190918,11803.889162887255,5388.938539021925
2025-03-12 04:00:00,17668.563223460285,17703.79094952263,17586.66740450514,17660.671041524296,82488.4868939554,36241.74764008226,46246.73925387314
2025-03-12 04:15:00,17692.74615603971,17747.178789681806,17584.22054465697,17791.1219684945,9187.180355337512,6398.931748271117,2788.2486070663954
2025-03-12 04:30:00,17735.889313490108,17743.397712224585,17687.553487004378,17686.98120377133,41258.246938486875,19894.366102984717,21363.880835502157
2025-03-12 04:45:00,17833.949832807582,17946.93419924422,17785.053804604315,17699.57794938375,16655.44612806553,10671.719005516346,5983.727122549184
2025-03-12 05:00:00,17844.470361008167,17888.820248169748,17824.207154088435,17857.515989009666,18801.548679423093,7267.324774963527,11534.223904459566
2025-03-12 05:15:00,17873.739801653635,17928.103720433424,17853.35474819876,17819.69686327667,18327.283072284532,9206.404070053482,9120.87900223105
2025-03-12 05:30:00,17840.526052694862,17978.04341825034,17778.499585080244,17896.684314852308,9455.263934461802,6490.138913446219,2965.125021015583
2025-03-12 05:45:00,17866.31693633396,17924.77931000041,17730.022758886807,17787.22932318335,21718.094371788426,14742.515212108376,6975.57915968005
2025-03-12 06:00:00,17837.4456582069,17880.647218831156,17728.99913156901,17768.536315543333,20688.88291785494,11864.949208997019,8823.93370885792
2025-03-12 06:15:00,17894.6656768126,17924.917995820826,17876.30851270534,17713.839872491888,28035.875822845708,17357.732057567857,10678.143765277851
2025-03-12 06:30:00,17863.384876409305,18001.800815038267,17711.146585895523,17878.563815315418,23968.72526769498,8882.106788608467,15086.618479086512
2025-03-12 06:45:00,17898.852662263547,17922.06859427492,17791.214756750043,17884.452593349328,48922.59086256553,28798.93964232403,20123.6512202415
2025-03-12 07:00:00,17898.02369357662,17979.236649096725,17726.049534782625,17791.675008606675,55465.06355597154,30351.61001284786,25113.453543123676
2025-03-12 07:15:00,18000.58386628837,18091.834246976316,17879.946569167336,18018.02631629009,7703.088860928089,2593.019120624049,5110.06974030404
2025-03-12 07:30:00,17997.75833951672,18121.47311485211,17966.230790875663,18090.18315486016,52510.713823631864,18130.038231728344,34380.67559190352
2025-03-12 07:45:00,17840.00506589615,17952.982871225842,17755.482090059064,17820.776399882958,6725.513597236269,2309.389689458722,4416.123907777546
2025-03-12 08:00:00,17954.352496230247,18099.912143610632,17837.91895163704,17978.426315954963,39650.38306346389,23383.52689531098,16266.856168152906
2025-03-12 08:15:00,17874.838746495323,17882.837993146382,17869.786476760462,17899.265719065013,40934.920704573895,14600.91653627079,26334.004168303105
2025-03-12 08:30:00,17818.1963909638,17871.01678148779,17815.539650814284,17710.90146406295,3257.3951080339516,1586.6540571293397,1670.741050904612
2025-03-12 08:45:00,17766.91016100408,17816.681338217226,17743.91924614209,17949.606038578615,24172.701700332105,10703.49639247119,13469.205307860915
2025-03-12 09:00:00,17890.784442636323,17916.908012465614,17845.75970104356,17848.665078558475,13787.310051995373,7172.181525081132,6615.128526914241
2025-03-12 09:15:00,17701.529086070637,17752.718058787625,17625.492323031664,17759.600386225997,10313.765539182634,6008.702801005301,4305.062738177333
2025-03-12 09:30:00,17981.013973646033,18036.712918067577,17893.36723394608,18050.17032688902,85037.90104168098,48802.317256998824,36235.58378468215
2025-03-12 09:45:00,18077.756936247304,18172.101940762594,18052.8046405986,18065.139102359888,11456.595385648654,5799.419851644448,5657.175534004206
2025-03-12 10:00:00,18099.74300608262,18219.87181108813,17977.860860838053,18154.657176137363,9834.216575682385,4776.812856995371,5057.403718687015
2025-03-12 10:15:00,18096.585143864573,18165.551322794043,17988.704511954675,18118.827586252566,23758.483365123986,10908.143089176829,12850.340275947157
2025-03-12 10:30:00,18124.232570523152,18254.63102852207,18070.863212412485,17995.764407217106,43721.25932936401,28189.893146159,15531.36618320501
2025-03-12 10:45:00,18173.269714228518,18234.361947894336,18170.787266769174,18143.077307136053,19117.346851687686,8265.207539609204,10852.139312078481
2025-03-12 11:00:00,18233.715425536415,18286.64492518477,18219.557325617032,18177.870031350518,70711.9983685659,28549.709719872826,42162.288648693066
2025-03-12 11:15:00,18286.19246569029,18385.155155185632,18214.56640516232,18243.97467220962,37458.00290952372,22374.6464424704,15083.35646705332
2025-03-12 11:30:00,18296.211532830064,18300.550728279497,18268.040059834486,18176.919942924156,2494.3630381674925,1107.261183986048,1387.1018541814444
2025-03-12 11:45:00,18279.988426575863,18294.573869141823,18211.105846182945,18382.944403102974,12971.799831465732,8286.378466872937,4685.421364592796
2025-03-12 12:00:00,18267.99005604634,18344.344690706028,18153.233720320575,18414.315985468023,12558.561467849819,5414.692691402584,7143.868776447234
2025-03-12 12:15:00,18252.013942415324,18424.11450196335,18152.13209078068,18341.266562183555,35573.66704649168,20660.400703717267,14913.266342774416
2025-03-12 12:30:00,18357.307081887124,18489.757214944973,18314.869415120327,18473.924557508028,1595.8837605565157,507.56062040119855,1088.323140155317
2025-03-12 12:45:00,18413.623327702455,18429.850622261914,18350.313149246147,18381.893447331095,281816.0152254399,128007.92236424574,153808.09286119416
2025-03-12 13:00:00,18144.748646256397,18298.31092242348,18033.334228688294,18087.025044529975,37459.89207400454,16380.913746531833,21078.97832747271
2025-03-12 13:15:00,18206.068894756107,18339.39207756986,18049.341035266545,18135.193847682014,25562.374517383378,16019.211472717274,9543.163044666104
2025-03-12 13:30:00,18225.616404532346,18336.96517474373,18088.338612480413,18284.30880565951,71794.82781358801,49310.27880846698,22484.54900512103
2025-03-12 13:45:00,18225.734073080857,18375.238486701688,18124.87285582984,18246.426027202993,229499.0233257874,111158.42814580686,118340.59517998053
2025-03-12 14:00:00,18192.15147644575,18265.66775207838,18126.24258540346,18185.127331072403,52614.47992505115,33143.67667581948,19470.80324923167
2025-03-12 14:15:00,18296.220835986318,18336.74715740457,18229.43024808268,18414.702454886337,56886.48650967478,32987.21521966327,23899.271290011515
2025-03-12 14:30:00,18384.73122506462,18478.865348961735,18223.05271622582,18421.954914823662,25101.679229716177,17243.708870377333,7857.970359338844
2025-03-12 14:45:00,18315.52395722317,18416.047200456134,18308.33629065179,18238.72168696359,19119.695230157853,11939.167606175726,7180.527623982127
2025-03-12 15:00:00,18354.632389202252,18453.440215838804,18173.291806749796,18292.143232955514,13687.03832069495,4530.28959935205,9156.748721342901
2025-03-12 15:15:00,18267.295841586183,18370.51954279912,18145.932419787176,18329.58670838346,9642.040239234344,5643.608499418264,3998.43173981608
2025-03-12 15:30:00,18143.113105347213,18315.237711699338,18019.53352220135,18237.614490203552,11080.98549901593,5697.84148223377,5383.144016782159
2025-03-12 15:45:00,18088.074409203724,18251.27326886315,18081.201332118155,18137.968574659386,5706.972978105569,1749.6119488262184,3957.361029279351
2025-03-12 16:00:00,18167.878403137,18326.977609494585,18057.86658077936,18340.190623715094,20417.10990865693,8177.566692503938,12239.543216152993
2025-03-12 16:15:00,18256.2764906142,18402.58535945594,18167.774067598253,18405.522205022844,4086.043505491853,2732.345864685631,1353.697640806222
2025-03-12 16:30:00,18304.937264726257,18477.63118789896,18285.574502179985,18345.302931168455,26659.918164883165,17873.463615126628,8786.454549756538
2025-03-12 16:45:00,18373.13192289858,18391.228473351326,18322.068945217154,18296.095157475356,21240.592956898516,13159.400870490646,8081.192086407869
2025-03-12 17:00:00,18422.388294915363,18471.230331599043,18258.37110874592,18301.7228019023,25512.79317267428,17673.013935634903,7839.779237039376
2025-03-12 17:15:00,18365.14241858866,18456.060148059816,18264.13626272914,18329.57081400088,13067.302935653055,8135.939193283446,4931.363742369609
2025-03-12 17:30:00,18406.6405280642,18562.459089159493,18330.544425188502,18475.961173809632,477758.3645574801,145277.5636988588,332480.80085862125
2025-03-12 17:45:00,18482.14544414753,18575.51090568512,18468.71222239309,18650.94722912238,85829.31554865159,35630.64443238604,50198.67111626555
2025-03-12 18:00:00,18553.698269016313,18692.486377501176,18421.202315548,18592.42420061508,6345.222838833277,1981.293755872241,4363.929082961036
2025-03-12 18:15:00,18665.847338654912,18691.785382430615,18534.65427694133,18774.923344946543,27802.13478136058,9387.20140674485,18414.933374615728
2025-03-12 18:30:00,18733.81938079496,18781.10612861017,18618.785560545402,18710.841650099967,11991.985816833056,4647.330134257063,7344.655682575993
2025-03-12 18:45:00,18768.61259894198,18905.95681931127,18672.843379635717,18827.05516119187,7986.598858008588,4004.6677018121286,3981.931156196459
2025-03-12 19:00:00,18870.91563643001,18902.00245227172,18789.056547845466,18948.603122768724,5767.119004776028,3685.2628711614907,2081.8561336145376
2025-03-12 19:15:00,18870.300325764347,18936.602245846127,18758.34828877157,18683.52263322184,33935.491437380464,21881.1536203646,12054.337817015865
2025-03-12 19:30:00,18788.981158205195,18838.74682948023,18745.12853075584,18750.14068886558,11143.590459627885,6089.757598777989,5053.832860849896
2025-03-12 19:45:00,18775.54074575569,18841.229170708226,18598.8142666379,18864.696437062034,57978.41261917344,38919.19081710041,19059.22180207303
2025-03-12 20:00:00,18707.488550034344,18839.998190412745,18597.339880904725,18733.161616265683,59503.012144545966,29752.989520214614,29750.022624331352
2025-03-12 20:15:00,18646.204849647773,18714.794388577313,18588.179268996828,18534.65252618023,87021.83865950284,57052.772075867695,29969.066583635147
2025-03-12 20:30:00,18634.595846438937,18738.066922490434,18550.79982362362,18408.1741047936,9391.997105930965,4523.430961128913,4868.566144802052
2025-03-12 20:45:00,18562.627181181073,18581.17716295384,18413.07091756637,18528.677923155596,35431.82160348172,14558.581283842928,20873.240319638797
2025-03-12 21:00:00,18535.900568595014,18685.11784777258,18505.943576275167,18529.26604216694,41458.74919772197,27634.95809254785,13823.791105174118
2025-03-12 21:15:00,18362.25489274243,18430.1747850032,18308.483669329526,18281.100800190965,13709.191851396408,6240.068106765963,7469.123744630445
2025-03-12 21:30:00,18383.6738853407,18502.898290172427,18258.755346416085,18396.826019441836,10180.486132083497,5104.105259195006,5076.3808728884915
2025-03-12 21:45:00,18385.623058058914,18518.990455922816,18327.61840176623,18432.174237340016,110141.44316941424,47530.90681823835,62610.53635117589
2025-03-12 22:00:00,18312.348202485493,18350.74204058713,18167.222534992467,18373.757487511884,27653.176304236084,15627.778900037352,12025.397404198731
2025-03-12 22:15:00,18374.541118462315,18537.09608733732,18350.570888820443,18158.096472672652,41604.672127980615,29040.580787785788,12564.091340194827
2025-03-12 22:30:00,18462.515677800468,18576.286176863807,18321.70462400787,18341.19063168356,9681.033955702365,3003.109199866832,6677.924755835533
2025-03-12 22:45:00,18315.96393337367,18394.489075710175,18303.444657933796,18288.0666461709,6507.531864761643,4294.575388441868,2212.956476319775
2025-03-12 23:00:00,18247.94533209046,18281.217756710983,18245.647439015014,18300.150252168776,12463.3825162967,3758.587534904208,8704.794981392493
2025-03-12 23:15:00,18179.5937888661,18350.900271645212,18016.300401826353,18224.064167036282,19457.319703290814,8671.955242312859,10785.364460977955
2025-03-12 23:30:00,18095.976465349715,18232.613429866713,17990.777457469798,18138.671202707126,7599.061206489762,2792.2197382768413,4806.8414682129205
2025-03-12 23:45:00,18172.83684908723,18210.64081347877,18108.89992108844,18137.997890565162,21810.683364983066,13150.461720423507,8660.221644559559
2025-03-13 00:00:00,18157.042278787107,18218.360566933803,18114.80997221539,18127.2980079212,4070.392910288272,1303.5202760471725,2766.8726342410996
2025-03-13 00:15:00,18134.84394722977,18281.67711041493,18022.972673102773,18068.80325910463,7186.44992851482,3746.9717406024947,3439.4781879123257
2025-03-13 00:30:00,17954.958775273277,18079.867412912376,17863.567643054015,18023.923244781014,43084.18400380785,18007.915928391598,25076.268075416254
2025-03-13 00:45:00,18013.798793838163,18151.74563552279,17835.174365710016,17930.891294766538,40287.258040213936,14240.260535388927,26046.99750482501
2025-03-13 01:00:00,17903.98141682522,17982.97398017625,17727.94660928748,17980.076595940718,14885.207813365729,9061.032136524997,5824.175676840732
2025-03-13 01:15:00,17911.13697845965,18039.466023279638,17797.39685857116,17929.75141755815,7960.409250713695,3080.413566680681,4879.995684033014
2025-03-13 01:30:00,17937.76877380967,18007.09712414229,17858.327686456993,17933.72878661434,7884.045571239377,3070.5998973709206,4813.445673868457
2025-03-13 01:45:00,18061.5984470483,18099.7559067732,17972.890537394258,18002.292249364487,15164.792755555607,6218.030802059122,8946.761953496485
2025-03-13 02:00:00,17945.20766445203,18058.74287219961,17822.735378749414,17823.58026346979,41961.94821173357,22437.335085967345,19524.613125766227
2025-03-13 02:15:00,17676.073321810767,17848.59425893069,17658.118930895427,17618.833533766712,55728.42903695299,31423.387136015237,24305.041900937755
2025-03-13 02:30:00,17694.089619309187,17749.04763354632,17635.990709102258,17664.893763767006,13406.142340302962,4116.235477406403,9289.906862896558
2025-03-13 02:45:00,17855.151059302225,17937.457876329223,17841.71108696531,17643.654624570012,6950.073916814901,2757.426914734056,4192.647002080845
2025-03-13 03:00:00,17967.54444583868,18088.64594175122,17954.363318766675,17949.81450821323,28791.7347724118,13600.879708545524,15190.855063866276
2025-03-13 03:15:00,17988.176524595445,18085.58363051541,17952.94861605908,18071.314042134753,9666.920024365387,4183.753865899702,5483.166158465685
2025-03-13 03:30:00,17945.757149782763,18097.116653734476,17858.674779152043,17996.652923692385,13118.088537420943,8574.878153440515,4543.210383980428
2025-03-13 03:45:00,18019.97385604452,18157.23969260065,17878.557728542033,17975.26577150413,82890.52915913706,50984.596158320135,31905.933000816927
2025-03-13 04:00:00,17934.059468098494,17944.51452330741,17846.99034626163,17938.26825993345,50368.2063474756,27720.448915092937,22647.757432382663
2025-03-13 04:15:00,17978.56801686393,18158.06985749973,17918.254126253574,17928.572804164312,25795.98947836022,11226.85228602771,14569.137192332511
2025-03-13 04:30:00,18025.804021850978,18161.430613614044,18010.95923320674,18039.21168097726,6173.869074464836,3582.504450810837,2591.3646236539985
2025-03-13 04:45:00,18123.16228232616,18279.72888230054,18023.431331627307,18262.720402436127,27211.543822011023,17346.14024919036,9865.403572820662
2025-03-13 05:00:00,18375.043432200575,18494.70129462759,18325.197711616376,18464.024470011907,63745.717913957225,34290.87115089864,29454.846763058587
2025-03-13 05:15:00,18412.93423874579,18570.6014562692,18299.706812954333,18460.88099525896,15128.964045817325,9285.924944928818,5843.039100888507
2025-03-13 05:30:00,18367.917963319338,18388.56037595898,18188.42892104788,18322.651615139228,85060.16341565047,51005.64519754997,34054.5182181005
2025-03-13 05:45:00,18367.406020774117,18431.27644091915,18346.960467389064,18436.27813554304,80237.4216800679,42421.11759433995,37816.30408572795
2025-03-13 06:00:00,18206.77608424286,18366.344083000342,18168.15488787975,18053.213129566262,116277.26483245767,49403.103681178654,66874.16115127903
2025-03-13 06:15:00,18145.354329748676,18181.94538235746,18059.509649495856,18122.459113013323,29888.920131270494,17882.92538171177,12005.994749558722
2025-03-13 06:30:00,18110.03599087912,18124.205663091983,17934.619680307347,18162.891164985616,39631.98208938663,15167.894581869945,24464.087507516684
2025-03-13 06:45:00,18064.390695733222,18206.759580191996,17924.967962319944,18131.266986183058,90597.98836711474,55427.426968506225,35170.561398608515
2025-03-13 07:00:00,18079.958124466873,18231.0136715429,17917.558662481297,18140.515542123525,34454.467098203146,21424.431142818175,13030.03595538497
2025-03-13 07:15:00,18007.419530588337,18036.7089978936,17947.326097787434,18033.965230143796,13343.24965610166,8391.008649467745,4952.241006633914
2025-03-13 07:30:00,18110.15462020723,18264.87799868071,17930.494918713986,18092.431572036003,14065.17500552892,6880.210859547333,7184.964145981587
2025-03-13 07:45:00,18111.984385557676,18236.371661461275,18093.359321968906,18160.70344738419,27960.6922261996,10540.965870696424,17419.726355503175
2025-03-13 08:00:00,18112.953347640017,18207.155681420194,18103.358389881,18026.6577097654,6059.839406009913,2059.675422358788,4000.1639836511245
2025-03-13 08:15:00,18085.0689344591,18235.220254152093,17930.332609551337,18008.688701788957,19086.586400756336,11401.267413991714,7685.3189867646215
2025-03-13 08:30:00,18100.910612430423,18176.79854429294,17933.067227133786,18106.4978817319,65943.07298140517,43160.04155868181,22783.03142272336
2025-03-13 08:45:00,18177.395853167767,18212.658902521714,18160.929794141604,18193.13726372953,2462.041465575551,1379.5688504101067,1082.472615165444
2025-03-13 09:00:00,18100.402746816984,18151.96222851859,18079.87192575064,17935.180896853373,102179.06596766482,36545.77591842975,65633.29004923507
2025-03-13 09:15:00,18042.65191955875,18133.79690500227,18036.66642174763,18083.712158178343,67668.37522740691,45605.682039044994,22062.693188361918
2025-03-13 09:30:00,18017.05606967007,18112.78623650142,17998.226883511685,18086.667522228065,13908.221014365032,9675.126073896128,4233.094940468904
2025-03-13 09:45:00,17897.614615823262,18041.79436755868,17860.133464083185,17890.698508844944,37925.94903399285,17952.302739323663,19973.64629466919
2025-03-13 10:00:00,17826.090570063447,17967.157823310376,17653.16383337754,18037.727825170357,22095.908329570444,11886.05452443252,10209.853805137924
2025-03-13 10:15:00,17785.42739700464,17888.825923946726,17666.64560206473,17724.695933253468,75356.86954946189,46034.86414159307,29322.00540786882
2025-03-13 10:30:00,17864.962866195805,18004.449902863696,17725.874657293272,17832.70882236897,58846.235490706335,34987.37744650659,23858.858044199747
2025-03-13 10:45:00,17890.202604446018,17924.51126467631,17751.349692632666,17854.86346948138,5431.275460691285,3731.9101688951732,1699.3652917961117
2025-03-13 11:00:00,17909.308438389173,17918.27464896453,17813.480430168358,17902.486101240196,39626.85854661181,13709.039963814217,25917.81858279759
2025-03-13 11:15:00,17987.294339503325,18144.437426630084,17843.84764975699,17957.729989665713,17932.538704763647,9545.310066998914,8387.228637764732
2025-03-13 11:30:00,17976.738334977857,17990.320568621908,17869.631573900024,17850.28900974161,23928.669280504502,13801.400026610305,10127.269253894197
2025-03-13 11:45:00,18013.632430992246,18058.069977976116,17956.971253143947,17964.4058304213,10634.17445183832,6976.437104398723,3657.737347439597
2025-03-13 12:00:00,18006.1368006543,18131.33688192454,17905.10254686716,17997.347942640885,126517.64569994697,82191.41058300709,44326.235116939875
2025-03-13 12:15:00,18031.828168159533,18105.65911671056,17935.62681664538,18142.595171539233,62321.504382944535,43076.61868326287,19244.88569968167
2025-03-13 12:30:00,17981.09033108855,18138.661137603005,17833.02449365798,18179.084007236303,10511.53848395279,5306.55449533342,5204.98398861937
2025-03-13 12:45:00,17763.625482001775,17816.557496737616,17589.23513585122,17882.239772813813,5798.702085264805,3666.544533877943,2132.1575513868615
2025-03-13 13:00:00,17753.4754208144,17755.582997427464,17680.50107999331,17684.647058088864,14977.84471208892,7053.257042685562,7924.587669403358
2025-03-13 13:15:00,17881.544388677783,17935.306260501715,17745.03834565326,17819.333636485382,34013.155189091245,15949.637543137032,18063.517645954213
2025-03-13 13:30:00,17966.14335225995,18070.001144280144,17948.21978794194,17951.83075194173,28006.89038175964,11240.267063403671,16766.623318355967
2025-03-13 13:45:00,18054.662314595556,18122.536718785595,17914.40803408782,18215.760355189366,77121.1487482675,48377.704433915795,28743.444314351706
2025-03-13 14:00:00,18168.05739462156,18265.233383876006,18100.578156877298,18153.030226249102,48529.14004541985,33695.04574519175,14834.094300228106
2025-03-13 14:15:00,18177.927881366304,18337.275255217548,18170.767565963863,18057.27120424149,58079.557214533495,23379.152795566835,34700.40441896666
2025-03-13 14:30:00,18197.67962764984,18363.730734468867,18131.57725181541,18152.078322774967,30541.918639192427,9848.32214952903,20693.596489663396
2025-03-13 14:45:00,18143.300239039978,18191.556712148154,18032.50949135233,18211.977710733863,5490.097367580446,3437.9921658038274,2052.1052017766187
2025-03-13 15:00:00,18116.441545442336,18200.164954140106,18094.837658521483,18178.93785892351,18111.483595304573,9926.759647310622,8184.723947993951
2025-03-13 15:15:00,18174.031099797874,18273.83270391053,18006.09678377074,18155.837380180288,63582.25747619748,43482.60373735199,20099.653738845496
2025-03-13 15:30:00,18285.245668916195,18458.793213332498,18271.04307733228,18347.72769491513,20920.337929692007,8386.873259792184,12533.464669899822
2025-03-13 15:45:00,18274.325146440875,18456.815722313644,18104.372694574813,18066.621706724916,36427.904556435016,11963.326865545616,24464.5776908894
2025-03-13 16:00:00,18235.01805393886,18277.944608265392,18106.071399877113,18244.4846938156,16014.529529621008,7958.85131019827,8055.678219422738
2025-03-13 16:15:00,18236.88969244066,18369.468209664246,18176.760446707827,18315.37081788762,7865.081292790952,2628.4032751942545,5236.678017596698
2025-03-13 16:30:00,18293.53408722276,18362.68932845268,18222.05203916866,18217.354023652584,19470.503064330394,7880.024126771647,11590.478937558746
2025-03-13 16:45:00,18163.297404151785,18164.770120066343,18028.74199603757,18087.34407630711,30002.843606410614,10512.73070433425,19490.112902076362
2025-03-13 17:00:00,17956.582646164297,17958.244083002355,17848.57899084177,17789.007493614907,11433.607005477093,4455.137805448859,6978.469200028235
2025-03-13 17:15:00,17908.94950224064,17991.432035959453,17788.6653106019,18051.31630184714,17401.10093179595,5959.143806384976,11441.957125410974
2025-03-13 17:30:00,17801.432011228593,17888.362618754152,17732.155136608188,17737.333150930768,8608.770240530337,5867.4141042122865,2741.3561363180506
2025-03-13 17:45:00,17757.98403852676,17761.991961641816,17671.358198289585,17779.386251931108,67456.95148054617,27753.482022351087,39703.469458195075
2025-03-13 18:00:00,17746.63843421677,17868.54495917721,17570.970230846684,17800.225921114106,16408.327222424,7835.944904411243,8572.382318012755
2025-03-13 18:15:00,17708.194919881113,17760.257613004564,17670.313040994817,17842.074889758624,94160.4522696473,62093.61336956765,32066.838900079652
2025-03-13 18:30:00,17838.568630449136,17938.445545623774,17764.029067839805,17824.842050432555,101594.82223164191,58003.39319853233,43591.42903310958
2025-03-13 18:45:00,17869.495781852173,17923.26850293826,17817.348449658177,17821.299089729528,20311.73415612538,11114.88544831452,9196.848707810861
2025-03-13 19:00:00,17898.129357938462,17928.043273815274,17761.18871006746,17913.61729374741,8034.9115293601935,4678.128583977038,3356.7829453831555
2025-03-13 19:15:00,17955.600890631868,18028.711382066143,17818.417832813295,18070.883055417493,2735.5892027249765,1727.6036478237436,1007.985554901233
2025-03-13 19:30:00,17855.154286001405,17896.627053650038,17802.937697737914,17839.9620019844,5054.139689563129,3290.587139252697,1763.5525503104318
2025-03-13 19:45:00,17949.70730785396,18045.702517890495,17935.097984241405,17864.009205195194,5575.65554019764,3105.951638096988,2469.703902100652
2025-03-13 20:00:00,17944.702544746247,17980.381733080245,17942.650984924516,17806.460341927675,87419.1484497913,57347.21576208699,30071.932687704313
2025-03-13 20:15:00,18006.65489119278,18098.201800853374,17929.68534884124,17896.697488572263,24731.291600302728,12715.816429227034,12015.475171075694
2025-03-13 20:30:00,17911.952740241984,17940.142305448593,17838.453264269116,17989.367438495057,32519.80359378454,13362.918751815949,19156.884841968593
2025-03-13 20:45:00,17774.589667582924,17893.85266896728,17598.90742233877,17746.09482506424,2391.267863446493,1559.1800195626242,832.0878438838686
2025-03-13 21:00:00,17849.05539187346,17983.62614678962,17765.20015915001,17794.837020008978,6647.748938017877,3434.1548467657176,3213.594091252159
2025-03-13 21:15:00,17884.433069819363,17904.176452756732,17838.574098133926,17820.409730403273,53480.89554242019,35428.68852982361,18052.207012596584
2025-03-13 21:30:00,17805.558109879177,17888.8529401939,17646.86973386397,17813.129554908173,29341.967626490354,9274.031366573043,20067.93625991731
2025-03-13 21:45:00,17729.9144830419,17742.479974960686,17642.84855551469,17708.686891366935,19011.412226118504,8726.357995405842,10285.054230712662
2025-03-13 22:00:00,17831.456786909777,17938.12143119348,17724.61504243951,17807.10506682055,38748.30758493127,26314.828428299523,12433.47915663175
2025-03-13 22:15:00,17727.195198740967,17774.066664748814,17710.23581969924,17846.793842014133,113074.00627749482,45213.77634554024,67860.22993195459
2025-03-13 22:30:00,17874.567838711144,17968.878430182413,17806.123185717428,18012.024720547033,17658.235188493327,11947.817944963526,5710.4172435298005
2025-03-13 22:45:00,17795.86426340295,17887.950922249016,17627.83149995068,17652.60562764182,23608.68195137062,16090.75651238324,7517.925438987382
2025-03-13 23:00:00,17854.447530104186,18019.485891837594,17749.194600599447,17883.692466251367,26704.75500831705,17434.384256043697,9270.370752273353
2025-03-13 23:15:00,17826.89646819378,17924.780965805327,17765.482479146525,17757.651267182842,240893.3624944943,126581.56503363747,114311.79746085683
2025-03-13 23:30:00,17882.443957264702,17986.698333672037,17770.55937432926,17860.247274109955,2699.019223865917,1508.1465710581228,1190.872652807794
2025-03-13 23:45:00,17835.581760914578,17907.218932555556,17673.204646672442,17863.162560538633,43617.90520124939,28257.720280287387,15360.184920962005
2025-03-14 00:00:00,17822.847788158924,17992.00080122266,17774.014860482832,17803.891414654077,19637.52884116693,11985.939185628033,7651.589655538899
2025-03-14 00:15:00,17828.276554111213,17966.83540738569,17738.22294862121,17848.820066543496,38823.139479425205,21431.83040484172,17391.309074583485
2025-03-14 00:30:00,17740.72300616296,17791.355968160522,17570.644352766503,17800.417896246025,11414.359488548014,7909.052643542208,3505.3068450058063
2025-03-14 00:45:00,17808.210876005178,17958.549499275658,17777.51020726449,17834.440304921183,20973.91851086605,12044.70591136687,8929.21259949918
2025-03-14 01:00:00,17764.294620012017,17841.1067833615,17636.451399995072,17706.84166662125,44864.879749997315,30965.41684078183,13899.462909215486
2025-03-14 01:15:00,17745.766468242968,17892.8198043335,17636.72210353556,17689.93832180694,495295.68222497863,159958.41014044153,335337.2720845371
2025-03-14 01:30:00,17659.31358594156,17804.629970382804,17539.287623167776,17532.192549419964,49416.32871762679,17571.663159016218,31844.665558610573
2025-03-14 01:45:00,17434.834249337757,17467.763453346277,17373.59968887973,17360.394455090664,9432.66931613052,4533.1855965049635,4899.483719625556
2025-03-14 02:00:00,17419.92504587291,17542.063305425716,17365.247494277584,17590.820464868666,14418.109764835974,6545.126654755171,7872.983110080802
2025-03-14 02:15:00,17631.804937422567,17683.050538835025,17511.166422941442,17561.982674781622,13996.82632203945,8581.369348885202,5415.456973154247
2025-03-14 02:30:00,17702.738066702725,17755.402414839165,17664.5810035203,17597.107704047496,3656.8479056826295,1331.9907982316536,2324.857107450976
2025-03-14 02:45:00,17702.80353322188,17755.26545104653,17628.512878221645,17731.12163363709,15833.920870846508,10932.341792640376,4901.579078206132
2025-03-14 03:00:00,17681.3042900744,17809.594219757633,17648.032558309013,17671.547325614698,45836.18308197314,19527.421781128487,26308.761300844653
2025-03-14 03:15:00,17685.058551938197,17725.703421996808,17683.58983592289,17667.763162707986,6159.604690961867,2904.681600192977,3254.9230907688902
2025-03-14 03:30:00,17735.206225727183,17735.366877476143,17563.164552416587,17860.154829706422,62848.51908492118,25761.48309139398,37087.0359935272
2025-03-14 03:45:00,17632.269952382336,17758.38244518732,17556.15091779316,17680.681701289832,35874.24189831429,19075.964791516268,16798.277106798025
2025-03-14 04:00:00,17732.273284048562,17762.628230646005,17560.38556134177,17685.28338653066,10569.911203543637,3418.8534240414406,7151.057779502196
2025-03-14 04:15:00,17797.4731963155,17816.068422615277,17772.499155496695,17759.700202486394,19119.620969962216,6880.59716068322,12239.023809278995
2025-03-14 04:30:00,17863.162399651446,17905.590289998516,17758.240117955353,17818.273477062587,108914.86572515915,65165.84240794071,43749.02331721844
2025-03-14 04:45:00,17904.11153254474,17972.129345774116,17868.128917562342,17982.418711278282,45869.13884078864,17182.590113869806,28686.548726918834
2025-03-14 05:00:00,17907.65803783424,17992.88171553856,17766.174264932255,17880.06702596716,22220.790861748555,8759.564207708572,13461.226654039983
2025-03-14 05:15:00,17969.695648241064,17977.70474890742,17828.866606374548,17808.583534792673,17366.818520867655,10718.676987502356,6648.1415333652985
2025-03-14 05:30:00,18024.666217124188,18199.608820722686,18004.36915437323,18020.31148671966,23780.21164786163,8021.55220169064,15758.65944617099
2025-03-14 05:45:00,17994.561355535974,18123.41376102788,17830.4393579611,17856.27081212422,13203.489663175777,6271.519337698649,6931.9703254771275
2025-03-14 06:00:00,17944.75225019134,18002.748624501113,17909.8264421953,18140.729635220232,2684.501944701794,830.1160663087245,1854.3858783930696
2025-03-14 06:15:00,17955.685655334353,18012.90993304469,17845.621370740144,17868.989507791935,169766.27388310194,74480.3621398464,95285.91174325554
2025-03-14 06:30:00,18096.54981847002,18177.72054437352,17918.18413938326,18081.90384951926,25727.738276065604,14911.605717302373,10816.132558763231
2025-03-14 06:45:00,17986.24165882692,18098.87956602497,17827.531685694725,18009.46214274344,32798.80186249357,11021.752406190553,21777.04945630302
2025-03-14 07:00:00,17856.063962641514,17882.200431035722,17685.259295714073,17830.29246973938,20787.190821952172,13622.54980682475,7164.641015127421
2025-03-14 07:15:00,17872.559469636068,17906.32606295708,17811.328300507867,17846.641541645033,10560.577035445125,7010.106993289155,3550.47004215597
2025-03-14 07:30:00,17878.894192971507,18032.551592694123,17860.01843560554,17916.6032200564,18289.37408422717,6254.895523630924,12034.478560596246
2025-03-14 07:45:00,17896.177868773368,17942.03770575005,17862.470977319215,18032.74503009726,4449.759095293072,3098.3359964939123,1351.42309879916
2025-03-14 08:00:00,17919.79663566738,17987.92680612351,17830.108968297754,17988.564668978346,214719.21955602552,89969.89126678053,124749.328289245
2025-03-14 08:15:00,17901.589920272552,18057.56143412041,17759.589196142166,18033.92866600083,6409.188876483358,2138.3660609891476,4270.822815494211
2025-03-14 08:30:00,18036.734700839887,18156.344915503112,18009.6518863948,17942.346744912327,7848.154724120196,2370.3534166677973,5477.801307452399
2025-03-14 08:45:00,17894.16297260347,17955.309453189617,17776.109537039076,17922.557666007902,14182.169642548253,6572.1472969997385,7610.022345548515
2025-03-14 09:00:00,17821.826084982054,17943.67382896491,17764.15864714018,17835.659925682867,79863.62127272165,44078.64885070113,35784.97242202052
2025-03-14 09:15:00,17814.40732570144,17817.91377386428,17753.624198721765,17845.67974209362,22348.377431488574,9673.980130145776,12674.397301342799
2025-03-14 09:30:00,17669.826592459332,17799.813374823494,17552.866877355686,17791.41549381998,6398.790095958446,4061.228545313717,2337.561550644729
2025-03-14 09:45:00,17656.056990959405,17742.044820628067,17573.60330729917,17636.565661900837,77214.1771318695,45297.118697676466,31917.05843419303
2025-03-14 10:00:00,17804.497656332867,17949.280652687845,17659.91920770741,17768.39873763563,45752.4502563555,20134.03430612931,25618.41595022619
2025-03-14 10:15:00,17808.137473258073,17978.14065869887,17780.371290711064,17855.68349050063,37738.45791071862,22406.223151912647,15332.234758805975
2025-03-14 10:30:00,17830.46005422662,17995.532411730852,17689.608643536754,17671.92919071572,45059.280270686395,30468.86429370232,14590.415976984073
2025-03-14 10:45:00,17719.896512696272,17881.017337422683,17708.514093215825,17698.911543699945,241436.52970660248,81421.66883909953,160014.86086750295
2025-03-14 11:00:00,17667.059200523145,17757.54456984528,17632.775586619242,17655.20480791725,195848.15039000104,82734.40288656983,113113.74750343121
2025-03-14 11:15:00,17635.682823128172,17699.196344090222,17519.966340633535,17554.527059924563,11084.296512203346,5379.5457900468045,5704.750722156541
2025-03-14 11:30:00,17609.430778037924,17691.320851639797,17458.88323635092,17702.50181548185,111734.96843851694,55777.655014503915,55957.313424013024
2025-03-14 11:45:00,17724.03680956683,17846.31423114182,17679.25177933603,17629.90087714084,32311.167411772607,16700.939924270955,15610.227487501652
2025-03-14 12:00:00,17775.231897691083,17932.36455250037,17717.072831005215,17763.15602297452,36282.681623147524,15247.824621861662,21034.85700128586
2025-03-14 12:15:00,17678.227306235403,17714.818815372535,17583.27387944432,17704.139806564024,4055.0940844194843,2298.84848260379,1756.245601815694
2025-03-14 12:30:00,17701.783966491996,17864.320535797997,17664.331805355414,17821.576502243803,18575.786947024437,10365.917004266192,8209.869942758245
2025-03-14 12:45:00,17747.651213685134,17892.32655801806,17603.690029580615,17746.714454063505,9771.022626917442,5189.669592915015,4581.353034002427
2025-03-14 13:00:00,17850.60081614297,18025.332495977244,17712.50202687559,17934.155336699874,50415.74544502813,17418.876434773912,32996.86901025422
2025-03-14 13:15:00,17993.453880572608,18151.84157743097,17967.310883387752,18056.484535421845,64284.929214826254,31550.217611186974,32734.71160363928
2025-03-14 13:30:00,17903.927973335205,17954.047751213722,17820.88423223184,17914.979849302286,2766.9852497067577,1224.3653922048477,1542.61985750191
2025-03-14 13:45:00,17833.1306937458,17852.025949893534,17694.95464546685,17735.983518734156,21546.423868750408,10695.976363423042,10850.447505327365
2025-03-14 14:00:00,17722.78125523725,17742.67349490485,17662.997080330475,17595.65744128346,67633.68960289554,45229.79822284905,22403.891380046487
2025-03-14 14:15:00,17703.8161195011,17755.373760319308,17591.73205176714,17713.2438797134,18275.580296541262,8995.469747720903,9280.11054882036
2025-03-14 14:30:00,17746.868115647987,17855.8664911313,17737.956859206162,17698.712266408365,45663.91436755929,13954.541382807844,31709.372984751448
2025-03-14 14:45:00,17836.25327971922,17979.713890262174,17727.686010706027,17918.234148026313,31293.493127835423,14881.141717341612,16412.35141049381
2025-03-14 15:00:00,17831.263496574484,17991.611188306124,17804.043541475203,17897.76131709875,30997.45030790511,19474.43556491293,11523.014742992182
2025-03-14 15:15:00,17804.53019559472,17915.586555260787,17656.648736675143,17788.095635470254,16792.45608415498,10277.392343689085,6515.063740465894
2025-03-14 15:30:00,17819.82054739136,17820.824037217524,17756.480090844652,17716.669364641213,6525.1498396893385,3297.5238142990042,3227.6260253903342
2025-03-14 15:45:00,17747.192046253724,17780.258042396854,17697.224141521703,17792.51265567237,7175.80229557309,2869.6579110074867,4306.144384565603
2025-03-14 16:00:00,17934.38399036835,17952.26927070643,17783.575732352234,17843.102509119497,44772.63986119966,21761.090841639823,23011.54901955984
2025-03-14 16:15:00,17792.015377833963,17856.658124398637,17783.09374553796,17724.542368932372,22459.259443715197,11801.911591079053,10657.347852636143
2025-03-14 16:30:00,17810.22911547486,17899.52087611374,17739.59217962128,17723.01102199029,19177.399501712247,13423.193459367545,5754.206042344702
2025-03-14 16:45:00,17992.214590406307,18000.02270390234,17925.642759393944,17979.754889867636,14416.230338230636,8039.51699215849,6376.713346072146
2025-03-14 17:00:00,17994.625533177874,18057.3328399879,17943.37677231458,18099.91139744485,16233.156944785702,9377.99171182254,6855.1652329631615
2025-03-14 17:15:00,17979.3265893735,18011.541888256164,17815.399300330195,17978.873432113283,62749.87057788878,31160.434734911603,31589.43584297718
2025-03-14 17:30:00,17948.99138205951,18065.133950437194,17814.207309421756,17909.214739605748,15752.524515883133,6959.39949049542,8793.125025387713
2025-03-14 17:45:00,17934.597037490974,18017.862416085707,17923.132675579538,17797.790592467267,5761.3971595507355,3601.917152198544,2159.4800073521915
2025-03-14 18:00:00,18059.49791812901,18148.949798265166,17930.428953077175,18109.353382071393,46334.94817522948,23073.549891970593,23261.398283258888
2025-03-14 18:15:00,17861.578290006604,17937.970793566128,17767.394342520278,17791.882000173224,17946.014505349936,12524.093751873694,5421.920753476243
2025-03-14 18:30:00,18000.3121783768,18172.398710751197,17838.153145069748,18010.888947533327,22728.976006703328,10974.645827894527,11754.330178808801
2025-03-14 18:45:00,17873.953843230964,17912.335500380395,17818.018088031702,17842.297407274425,109927.71653869454,35968.361323753044,73959.35521494149
2025-03-14 19:00:00,17851.910581490658,17944.145023164507,17749.411694727456,17926.725905369316,21578.21333277601,12364.990663200255,9213.222669575754
2025-03-14 19:15:00,17815.38160750493,17946.505910376727,17726.170144390115,17801.37547587205,29412.75412754222,9372.567649555747,20040.18647798647
2025-03-14 19:30:00,17869.589651152233,17969.09546277475,17782.107126116898,17864.32470227741,6775.554644213907,2711.581296526232,4063.9733476876745
2025-03-14 19:45:00,17728.587478218968,17893.289758634197,17647.72643347268,17771.645532198763,17682.496794850802,7806.739246853946,9875.757547996856
2025-03-14 20:00:00,17771.328679670165,17838.498678456323,17734.785589711042,17958.54431210718,40518.99053157378,24140.948521090053,16378.042010483725
2025-03-14 20:15:00,17952.97917086238,18036.22279169317,17817.30672588518,18032.7305170381,4650.0175192677025,2314.2875423590717,2335.7299769086308
2025-03-14 20:30:00,17832.40929622589,17848.194957793476,17751.925207566474,17824.508994453125,26925.93138123708,8386.306766695763,18539.624614541317
2025-03-14 20:45:00,17851.107127289746,17959.820211007867,17680.001360206523,17851.392565655075,24362.27413214331,13319.82830970533,11042.44582243798
2025-03-14 21:00:00,17793.806664141455,17845.090544590028,17747.398916842987,17747.110425327162,22954.917336992825,10664.269128926802,12290.648208066023
2025-03-14 21:15:00,17833.47681784652,17862.06549324544,17711.719853481358,17748.768186067657,62140.85230013917,41555.68854165662,20585.16375848255
2025-03-14 21:30:00,17836.96752275159,17934.095392618186,17669.172122775384,17787.670533566205,30774.401856630655,15381.8130831719,15392.588773458754
2025-03-14 21:45:00,17781.5403136894,17876.193277766204,17663.567204517763,17712.890324057313,96574.68234815332,56360.024509176925,40214.657838976396
2025-03-14 22:00:00,17826.6940712276,17840.21947659543,17671.374915461158,17884.93106269631,8155.1954723988365,3160.524776798323,4994.670695600514
2025-03-14 22:15:00,17989.304549390552,18114.90865373058,17840.446479451643,17892.95429674082,25233.41954217775,15250.811948386796,9982.607593790955
2025-03-14 22:30:00,17973.93234760041,18086.04873915114,17909.205033046692,18093.747529777167,23967.80586173596,14102.22852518488,9865.57733655108
2025-03-14 22:45:00,18040.41414362927,18074.513644239774,17932.14929948912,18108.25028470778,7560.8999738234,5002.538538724696,2558.3614350987036
2025-03-14 23:00:00,17925.56228623987,18009.711124848618,17897.551562442673,17927.39981137365,57313.70203297052,17969.48800819518,39344.21402477534
2025-03-14 23:15:00,17841.63154324111,17970.148903920744,17746.08498843187,17841.659965982937,225184.04077779557,107863.21836949069,117320.82240830488
2025-03-14 23:30:00,17885.558200138712,17980.250737645558,17844.345944263954,17835.72176365391,21655.049197345343,12379.372222791437,9275.676974553906
2025-03-14 23:45:00,18020.06797397942,18091.335374337363,17886.04609437748,18044.402671235417,36498.304567044026,12338.81977367938,24159.484793364645
2025-03-15 00:00:00,18053.91086436468,18112.10556226818,17958.575667564506,18152.132486079452,23969.044775867675,11127.428341018565,12841.61643484911
2025-03-15 00:15:00,18027.456646558923,18137.495136241436,17953.32281204171,17964.076033363603,10790.434541910388,7303.59886228072,3486.8356796296684
2025-03-15 00:30:00,18029.195521433525,18198.50926481067,17980.733567409647,17890.96639252285,3566.1423710232625,1691.6844948899013,1874.4578761333612
2025-03-15 00:45:00,17918.279213399404,18038.644329517763,17739.3296309231,17981.28151859182,10875.050687924908,7549.045993767686,3326.004694157222
2025-03-15 01:00:00,17974.23041335282,17987.665414296953,17961.340999098345,18003.38155714937,5475.515026612976,1767.1437612003426,3708.371265412633
2025-03-15 01:15:00,18055.324125211755,18138.5022903701,18047.459103143257,17954.196362988285,121067.32539436541,71082.49005263513,49984.835341730286
2025-03-15 01:30:00,18016.316470158396,18176.81016488389,17977.174689330583,17950.251414984035,19631.492305887703,10451.934000367804,9179.558305519899
2025-03-15 01:45:00,17975.77596136367,17992.756315393344,17801.218151778226,17898.560631574794,15585.256823456508,7795.992814410622,7789.264009045886
2025-03-15 02:00:00,18001.470376405956,18179.48254478587,17825.193107621373,17936.257145517106,53591.93261344564,36889.41519136306,16702.51742208258
2025-03-15 02:15:00,17963.96253648796,18134.4530068077,17846.311563572424,17934.889412151446,7174.216938238197,2524.3211211725875,4649.89581706561
2025-03-15 02:30:00,17959.818913683717,17973.87686867843,17801.75335000619,17935.883207099654,10230.573950299233,6735.805598914638,3494.768351384595
2025-03-15 02:45:00,18150.16801108782,18319.584096987288,18111.333597460783,18091.107940187605,23578.068762898074,13592.666207058593,9985.40255583948
2025-03-15 03:00:00,18129.565238030944,18195.399597882584,17953.33823242607,18060.83933589725,61621.67727441821,24870.412160010073,36751.26511440813
2025-03-15 03:15:00,18098.895438737374,18251.778467647866,18073.052958008255,18078.191719144288,36376.74752225618,24032.9406003866,12343.806921869578
2025-03-15 03:30:00,18042.10637111924,18117.59153794851,18023.86125709951,18057.233913666605,28235.21233954503,13319.05696670081,14916.15537284422
2025-03-15 03:45:00,18111.044535308025,18190.88800110576,18090.721853461197,18082.402232025688,23816.115092060365,14901.527230213727,8914.587861846638
2025-03-15 04:00:00,18096.444844401416,18211.220295539595,17992.72906587853,18201.28361380603,32867.37671279308,14972.227528032836,17895.14918476024
2025-03-15 04:15:00,18039.49777202873,18179.20960882389,17898.613912411085,18085.326007990177,26947.691259845087,17256.555866415725,9691.135393429362
2025-03-15 04:30:00,18160.480027537742,18166.616299547175,18093.891507932283,18016.027405485875,7863.819628615188,4361.680511695019,3502.139116920169
2025-03-15 04:45:00,18291.199435593007,18399.694781699054,18112.330530194384,18339.09748062872,23065.175886085606,8220.858930525255,14844.31695556035
2025-03-15 05:00:00,18238.116219602784,18272.172800086606,18158.886169931404,18293.336127255167,7527.447915347855,4214.356624819152,3313.091290528703
2025-03-15 05:15:00,18069.72916841751,18132.24130935484,18042.543522754982,18030.45145274729,23886.83006898481,8994.296953195384,14892.533115789427
2025-03-15 05:30:00,18162.563638878484,18225.76366931228,18077.932131703164,18026.78053221803,13620.782883867836,6330.518336959819,7290.264546908017
2025-03-15 05:45:00,18102.20673134517,18187.117003826756,17979.286019877734,18102.93686207773,279115.6867702527,102747.57361205494,176368.11315819778
2025-03-15 06:00:00,18175.577292233993,18236.30851403604,18024.315452252522,18174.87674627982,21165.030970624597,6535.897999166346,14629.13297145825
2025-03-15 06:15:00,17998.355978900483,18017.679215182165,17915.78522895578,17897.41703766289,5408.680455817645,2081.0147706548214,3327.665685162824
2025-03-15 06:30:00,18080.48223770102,18106.812615903105,17973.15526095542,17949.28852138803,19260.65685368125,9910.548054050358,9350.10879963089
2025-03-15 06:45:00,17972.797423153974,17978.807164561254,17924.748099616147,17964.92951238354,37025.37419512332,18239.602270425778,18785.77192469754
2025-03-15 07:00:00,18040.264080276753,18125.098257105146,17923.739033175047,18019.24020979832,117402.55462554218,58771.58244895203,58630.97217659015
2025-03-15 07:15:00,18043.355556249804,18215.56994743056,17865.453132717976,18005.711219510704,12216.558933423317,4875.32021905842,7341.2387143648975
2025-03-15 07:30:00,17959.09855118895,17979.872778603225,17950.288971745027,17951.608643161246,4525.901333292786,2598.1591965399284,1927.7421367528577
2025-03-15 07:45:00,17924.344434755243,18093.956141744904,17765.439623818304,17825.511716960915,49853.15241631585,28999.84371652286,20853.308699792986
2025-03-15 08:00:00,17987.64591127083,18119.56038379037,17886.504525651977,17948.538915175042,5538.069725904907,2454.4012288034687,3083.668497101438
2025-03-15 08:15:00,17998.968635494977,18113.711845086753,17953.593476829854,18046.96513798774,14240.489487430716,9291.464198851163,4949.025288579553
2025-03-15 08:30:00,18053.36268688703,18169.8570203934,17880.972984279295,18021.772002936326,17024.002082846262,9492.741657415843,7531.260425430419
2025-03-15 08:45:00,18233.575016662424,18384.31702261625,18145.442247217914,18081.1448392113,20544.86985569324,12023.18060158254,8521.689254110699
2025-03-15 09:00:00,18092.7897903075,18112.134576613822,18032.77777031729,18050.028180225727,43877.82986669015,18030.97845383368,25846.851412856468
2025-03-15 09:15:00,18240.898505112276,18332.97022897403,18207.791706950207,18143.2952455262,11118.50056809005,3338.270356756959,7780.230211333092
2025-03-15 09:30:00,18252.24032528662,18379.475075128248,18207.6223203901,18276.619504699753,16751.96339227839,10824.285247485535,5927.678144792855
2025-03-15 09:45:00,18172.04143706651,18278.678691506455,18020.6957641203,18201.011069596087,21714.37249077078,13657.683520134788,8056.6889706359925
2025-03-15 10:00:00,18052.9860695541,18203.3275592361,17942.066716162124,17903.25689355806,25580.815564433706,8934.784256153314,16646.03130828039
2025-03-15 10:15:00,18037.720429260222,18050.75659808114,17872.991737584456,18106.174748087942,24290.173739988673,10921.88361204084,13368.290127947834
2025-03-15 10:30:00,18122.646536565597,18247.81984457842,18080.6077139047,18021.867740461188,34064.31979737568,19230.52541742228,14833.794379953404
2025-03-15 10:45:00,18112.901163095994,18209.6290780841,18090.95945294436,18254.107736709775,51217.65161111206,28725.130162074598,22492.52144903746
2025-03-15 11:00:00,18251.56945268078,18320.77226110746,18250.458382736815,18247.118235784903,32618.47470736791,21010.868666381735,11607.606040986175
2025-03-15 11:15:00,18120.963440150957,18182.624545277566,18028.93394598816,18008.034185055607,34668.45669341181,12345.689282872481,22322.76741053933
2025-03-15 11:30:00,18121.680219585232,18234.185523995402,17940.77023005145,18018.206687643666,4526.8283657498205,2136.5538880597455,2390.274477690075
2025-03-15 11:45:00,18010.015020063394,18170.483420864894,17884.851670764932,18041.361027230912,23161.05999906436,7849.046230506521,15312.01376855784
2025-03-15 12:00:00,18044.561099904648,18134.09386805298,17988.912649328697,18009.25692604636,35578.88233525063,16218.210101603463,19360.672233647165
2025-03-15 12:15:00,18126.383024511368,18275.87550412382,17967.44027916874,18117.623095578594,45658.32314385292,13973.409196164508,31684.91394768841
2025-03-15 12:30:00,18090.061215642105,18162.811551300292,17948.647179188578,18235.93768132644,11022.007399324862,7266.9111679006755,3755.096231424187
2025-03-15 12:45:00,17856.318281338627,17874.602162517444,17853.565700220403,17793.888658502572,11395.350782601861,5820.945723471487,5574.405059130374
2025-03-15 13:00:00,17875.866320320165,17886.861003548842,17729.845432795126,17881.225760461926,12405.55114890846,7938.571509809195,4466.979639099265
2025-03-15 13:15:00,17916.68930679079,17925.88672660845,17862.844861412595,18043.883869511905,37662.263346646585,12201.1376539503,25461.125692696285
2025-03-15 13:30:00,17954.69909328654,18022.95390737774,17927.825673098057,17978.984033549932,61937.4977610749,24216.523811584408,37720.97394949049
2025-03-15 13:45:00,18067.435050190914,18128.365261787905,18026.542872722865,17922.299097328214,14655.044544869404,5917.003517066587,8738.041027802818
2025-03-15 14:00:00,17972.485829734298,18101.51695957128,17888.27039079198,18017.901313993596,54609.45491195961,24829.641170113948,29779.813741845664
2025-03-15 14:15:00,18035.408949899098,18169.37984547771,17958.782281755422,17930.53278914897,24921.341635793076,15479.80535250157,9441.536283291507
2025-03-15 14:30:00,18144.749294110927,18153.976619261914,18092.331417896945,18272.380143680562,19452.176066954555,8843.409548043399,10608.766518911156
2025-03-15 14:45:00,17985.203639993255,18024.97310911924,17954.22982403894,17911.206432770046,17829.60880205356,6808.43959003746,11021.1692120161
2025-03-15 15:00:00,18015.747176272496,18065.157497798093,17878.425604310858,18283.236838917914,46472.28370916319,15149.783439467205,31322.500269695985
2025-03-15 15:15:00,17972.132869156074,18070.550422553642,17794.18902327272,18103.992250312247,30502.923692964694,10120.769401578358,20382.154291386338
2025-03-15 15:30:00,17966.60440087883,17992.568879457238,17826.861664561482,17895.042286382464,214448.61416480277,129531.01225670564,84917.60190809713
2025-03-15 15:45:00,17999.63389051503,18023.74281963552,17946.36631978746,18001.435096328958,9393.519888834662,4489.362263816702,4904.1576250179605
2025-03-15 16:00:00,17957.584175028856,18127.065859242946,17913.62239971526,18025.252328156166,36978.86092588951,21834.99856474484,15143.862361144667
2025-03-15 16:15:00,17898.7095098999,18042.651452147304,17859.75012704068,17968.842065812772,12975.250188365399,7433.713498583099,5541.5366897823
2025-03-15 16:30:00,17903.555801849285,17935.899453053953,17879.08252290976,17943.15276141761,9234.604015180872,3270.388697704679,5964.215317476193
2025-03-15 16:45:00,17808.01831574565,17880.419985443383,17709.837270476142,17919.510671068245,21788.397078184593,7781.838742600428,14006.558335584165
2025-03-15 17:00:00,17713.1171486628,17776.108889997708,17605.881871560265,17702.22633187589,25269.476386381524,15215.68180497633,10053.794581405195
2025-03-15 17:15:00,17775.057553121067,17915.658982533725,17649.654049149394,17742.46541479764,407653.7964495058,239907.24217404638,167746.5542754594
2025-03-15 17:30:00,17674.73565841824,17764.914442700858,17554.5097431925,17644.08201193828,18321.933706390337,8267.081971775906,10054.85173461443
2025-03-15 17:45:00,17735.387618581433,17758.062265006563,17683.54117268709,17811.50552853363,7114.009376307381,2354.5158958061193,4759.493480501262
2025-03-15 18:00:00,17778.18233678202,17909.561693224285,17719.459043964114,17810.643612384203,28940.88897257321,8822.317692877037,20118.571279696174
2025-03-15 18:15:00,17626.551621503277,17696.509285864635,17506.424110105483,17652.223254352226,2766.5600340208107,1148.8494101687304,1617.7106238520803
2025-03-15 18:30:00,17568.598635058926,17614.790740839668,17507.205581609967,17638.454391789186,20091.321153536675,6101.511410223704,13989.809743312971
2025-03-15 18:45:00,17675.249639064878,17741.619957898285,17637.667959509123,17493.985322406766,22382.28960071806,8774.507694111164,13607.781906606897
2025-03-15 19:00:00,17590.305435528087,17677.86233539193,17524.45856273722,17617.576462118082,48756.82091994631,22808.455262491552,25948.365657454757
2025-03-15 19:15:00,17551.219401973725,17611.44035906229,17503.465314519202,17570.400154589064,58315.44437964486,20326.79903743797,37988.64534220689
2025-03-15 19:30:00,17593.523184486603,17636.082932672143,17577.985865404164,17740.324252830716,13312.122710998154,4548.900136611963,8763.22257438619
2025-03-15 19:45:00,17664.195532242902,17734.587709810792,17517.558173355537,17529.18914720819,18946.717667886838,12477.834100960994,6468.883566925844
2025-03-15 20:00:00,17643.745791460864,17647.1286110944,17493.224986639998,17781.118816918446,10238.180214668593,5469.113131370014,4769.067083298579
2025-03-15 20:15:00,17592.798576125282,17728.702566193915,17554.138348446493,17599.431864205144,7129.07980300503,4803.447606223005,2325.632196782025
2025-03-15 20:30:00,17719.67518837096,17749.96606826224,17708.19776500273,17762.998866640006,30028.276880088015,13162.308583440421,16865.968296647596
2025-03-15 20:45:00,17875.510842028096,17883.35901599779,17743.441663360507,18025.300364319446,6163.588597324055,3518.533704980313,2645.054892343742
2025-03-15 21:00:00,17964.78633161008,18082.221905043007,17926.785665943527,18015.1561134239,14550.390335590368,5556.454606354193,8993.935729236175
2025-03-15 21:15:00,17974.246421250195,18113.35560818805,17903.529356870164,18010.22801272047,8142.284250631798,4456.566325957193,3685.7179246746055
2025-03-15 21:30:00,17903.4040096192,18049.107126996245,17891.921616298554,17925.093194556142,38165.34509169186,13427.877169423504,24737.467922268355
2025-03-15 21:45:00,17830.85544142961,17918.852350380002,17790.50963886341,17787.751297758725,133443.0533655001,40143.97474750421,93299.07861799588
2025-03-15 22:00:00,17879.22289435926,17915.941129854084,17737.45812868225,17876.67607732333,5993.3872606253535,4031.228510761829,1962.1587498635245
2025-03-15 22:15:00,17918.413991898058,18050.513499170534,17774.278906403673,17854.309722098682,3452.9406769766438,1802.2891482613768,1650.651528715267
2025-03-15 22:30:00,18045.77795249163,18172.046620699446,18008.407884819087,18041.756730636313,19440.486718287044,13040.217072867883,6400.269645419161
2025-03-15 22:45:00,18106.2719199823,18150.862368758357,18045.450445770413,17894.796938046733,22374.960906763103,9700.275188940539,12674.685717822564
2025-03-15 23:00:00,17972.00664386814,18134.36714577302,17947.88130626999,18010.56015366217,27409.893579797965,11816.800583005008,15593.092996792957
2025-03-15 23:15:00,18068.331892406113,18087.19007385346,18054.930135392908,18057.33394688095,14096.467101107368,6488.068150887272,7608.398950220096
2025-03-15 23:30:00,17979.972272280054,18156.659345281532,17801.580073128825,17949.747602964526,18022.219660315524,10496.436178926426,7525.783481389099
2025-03-15 23:45:00,17947.251305392005,18101.642141877262,17829.590211419145,17966.97157318633,31809.18649501809,16741.92089463322,15067.265600384872
2025-03-16 00:00:00,17971.498060413844,18095.12375214373,17874.075196777696,17842.68160410858,62344.5097965435,41779.67216733127,20564.837629212227
2025-03-16 00:15:00,18152.620882329302,18323.02859058203,18013.66284169081,18327.727416470894,3118.0130334667756,967.1339345656669,2150.8790989011086
2025-03-16 00:30:00,18436.70200702797,18569.872364695293,18281.81948446724,18427.22854171064,15230.580503721092,8883.66824939592,6346.912254325172
2025-03-16 00:45:00,18494.475538439103,18529.69956116607,18345.277872998096,18480.988956948993,27277.26346177874,11787.353203162465,15489.910258616275
2025-03-16 01:00:00,18479.384359074702,18561.09209130381,18476.32797066955,18390.1847209455,8795.749702075025,3272.840946336957,5522.908755738068
2025-03-16 01:15:00,18530.61897411245,18543.868927106312,18496.002314285222,18532.837680557328,124389.07473629877,62711.77811478255,61677.29662151622
2025-03-16 01:30:00,18614.71605839572,18687.249681155117,18492.807295955106,18743.805381104823,11667.822516877508,5857.544592469139,5810.277924408369
2025-03-16 01:45:00,18586.731846007224,18724.57161064767,18516.890463644595,18683.003330005453,21135.456520757652,7498.953212110719,13636.503308646934
2025-03-16 02:00:00,18755.42607958807,18827.90517661138,18571.157272223525,18835.552799993697,38408.040199044255,14624.184795705489,23783.855403338766
2025-03-16 02:15:00,18778.876997781474,18840.90253472347,18653.921450234593,18830.180791306855,12194.19394382412,5649.153817077453,6545.040126746668
2025-03-16 02:30:00,18827.490166713967,18939.580706826564,18647.396014983166,18793.7378871538,3475.268260187429,1610.8722084119916,1864.3960517754374
2025-03-16 02:45:00,18892.061327267296,19056.83874178497,18854.00393441315,18755.078469836288,14347.70779779564,6126.804897768622,8220.902900027017
2025-03-16 03:00:00,18933.773733912436,18942.78302792449,18770.194065050902,18914.741620821103,61663.074104290514,22162.822505444357,39500.25159884615
2025-03-16 03:15:00,19015.088659346362,19088.386204260085,18953.983233486742,18992.663075294775,15726.537848829965,4745.474486617066,10981.063362212899
2025-03-16 03:30:00,18958.30454787503,18988.30430962718,18770.69983783071,19057.721369852054,9448.069354846351,6501.1600705833525,2946.909284262999
2025-03-16 03:45:00,18907.278104925208,19038.7506669255,18877.463469156377,18936.526760618177,55585.197317929036,37653.39553634144,17931.801781587594
2025-03-16 04:00:00,18805.16422253017,18825.045899742792,18708.065671651308,18956.763137830694,15823.083027580595,7808.060950684107,8015.022076896487
2025-03-16 04:15:00,18848.36920304151,18973.67462386918,18698.930938097757,18961.222733636765,13224.668448424001,9231.09234496118,3993.5761034628213
2025-03-16 04:30:00,18923.662453981426,18977.818355979085,18841.790651319385,18880.469609851527,25577.186726402037,14565.229060907344,11011.957665494692
2025-03-16 04:45:00,18968.868516225073,19006.60078507955,18880.07826630267,18798.61066772348,47607.719889353546,15593.576111882248,32014.143777471298
2025-03-16 05:00:00,19129.58153707461,19308.701863098224,18940.895800927676,19262.10890914178,238401.98291436306,82746.29570887136,155655.6872054917
2025-03-16 05:15:00,19130.95924773595,19134.503176964037,19049.593718824537,19260.990964273962,50374.285103647904,33571.65706534741,16802.628038300492
2025-03-16 05:30:00,19196.840690462745,19280.880095926437,19080.87793165521,19065.705959162675,70251.71265913922,38780.4123040112,31471.300355128013
2025-03-16 05:45:00,19093.974335527368,19098.10378791757,19083.560546715373,19238.061286551052,13280.257342090626,8463.155422085943,4817.101920004683
2025-03-16 06:00:00,19058.92737403924,19151.095021863344,18898.41116651513,19095.34109105272,7896.160392423277,5206.0006093888605,2690.1597830344163
2025-03-16 06:15:00,19127.114284813386,19222.950189385185,19003.138441327425,19142.481534246195,23443.09676750258,11233.388196939857,12209.708570562721
2025-03-16 06:30:00,19210.23136180017,19272.02346675919,19132.618165292042,19365.33316136643,24518.173946134026,7831.3592725038225,16686.814673630204
2025-03-16 06:45:00,19183.916519549595,19209.27032462075,19180.814568503123,19312.898160091256,7491.222333838588,2811.5466820245924,4679.6756518139955
2025-03-16 07:00:00,19178.967140849014,19251.15438303336,19065.491172164737,19241.426415479684,18484.826218253216,6037.676216234454,12447.150002018763
2025-03-16 07:15:00,19035.328784005356,19163.29624491454,19032.919324736482,19080.367996175024,32837.20997146153,12330.238968711714,20506.97100274982
2025-03-16 07:30:00,19003.251475769535,19151.932118822122,19003.022749991607,19061.81895432542,31583.60371124358,14661.52481721288,16922.078894030703
2025-03-16 07:45:00,19089.7526767479,19191.071654074145,18972.140984988586,19051.56768940134,36471.552545684404,12665.794237877159,23805.758307807246
2025-03-16 08:00:00,19146.56425949507,19259.497280851083,19110.373985236445,19141.289242254614,29465.18659847072,10804.686483042613,18660.500115428105
2025-03-16 08:15:00,19196.409057955778,19234.920197194093,19159.573538980603,19109.80281195774,13266.420414750746,6345.709800831736,6920.71061391901
2025-03-16 08:30:00,19203.106079158813,19258.28242784612,19077.657647386968,19171.129088448346,13175.303027715301,5745.333049352293,7429.9699783630085
2025-03-16 08:45:00,19205.704562688687,19236.797755255306,19195.391639414578,19170.497252906745,6641.204336522339,3234.6865659037094,3406.5177706186296
2025-03-16 09:00:00,19144.21546953883,19191.941108499257,19084.216433556623,19083.40335511387,131238.95692306914,61901.32278238385,69337.63414068529
2025-03-16 09:15:00,19213.022500348758,19256.2300480338,19184.312115367513,19226.1590685099,22324.731183493735,12452.538828515955,9872.19235497778
2025-03-16 09:30:00,19255.384615861753,19355.40647756381,19143.669424407086,19224.192736419685,17591.074895710837,11871.791087014293,5719.283808696544
2025-03-16 09:45:00,19304.680215105112,19413.30548001687,19176.92856820999,19353.1576184517,8701.12771405447,2985.7548680544805,5715.372845999989
2025-03-16 10:00:00,19255.836011028117,19437.793536771944,19116.975273642358,19099.64031259364,414844.0321084599,140924.20185938364,273919.83024907624
2025-03-16 10:15:00,19050.439503926475,19087.696571739987,19001.816835352267,19039.64221068837,7530.163003547488,4827.756511838615,2702.4064917088735
2025-03-16 10:30:00,19156.850754686027,19279.775612810736,19139.753312966077,19169.4513303731,14344.933238216392,7209.170739581841,7135.762498634551
2025-03-16 10:45:00,19112.901351358963,19269.103309225386,19097.862621628017,19083.21622126971,33384.16071145267,20249.56360418522,13134.597107267451
2025-03-16 11:00:00,19032.361901161603,19138.98908406916,18951.255196213056,19015.956699902166,40143.38568661126,15502.121530723814,24641.264155887446
2025-03-16 11:15:00,19100.257845463573,19148.96420060663,18919.599124515695,18948.86480769641,57407.6044486013,36255.48723164145,21152.11721695985
2025-03-16 11:30:00,19064.730158742437,19114.784651626906,19023.220705886004,19098.710857783906,134270.07125744486,89899.00220175472,44371.06905569014
2025-03-16 11:45:00,19167.67363749472,19175.197534600124,19118.462245257895,19229.739138092395,36539.81092530838,20250.114971317907,16289.695953990475
2025-03-16 12:00:00,19228.723248227863,19287.45627322856,19209.323619682476,19276.173708442482,7661.5469959008415,2622.9429383308643,5038.604057569977
2025-03-16 12:15:00,19296.36694723669,19440.048405439804,19179.51388506273,19396.58523972179,17035.503302815938,11211.370096266497,5824.133206549441
2025-03-16 12:30:00,19166.506670746418,19175.614164851308,19036.198791008737,19185.819763414333,29966.410174742134,18489.12797115095,11477.282203591185
2025-03-16 12:45:00,19284.56698381589,19326.857129462885,19160.58048431827,19330.722780276665,174246.4650057296,104609.05878532372,69637.40622040589
2025-03-16 13:00:00,19311.685957359958,19448.071359605234,19145.3871891393,19326.757833969612,5443.592574333365,1713.0510908587912,3730.5414834745734
2025-03-16 13:15:00,19277.96030523392,19428.839562843204,19184.18732584319,19344.233182634613,73319.10574132623,45427.41887146702,27891.686869859208
2025-03-16 13:30:00,19293.709287172704,19381.557097541026,19267.76753661097,19141.556236779474,26368.209279354283,9365.471229537496,17002.738049816788
2025-03-16 13:45:00,19124.287827055552,19257.78957279302,19068.941156873374,19038.8423289136,50910.808881463934,19801.98671013492,31108.822171329015
2025-03-16 14:00:00,19165.276225778714,19239.62833052532,19038.31969157016,19317.34307712688,19890.654620826455,10559.03225426078,9331.622366565676
2025-03-16 14:15:00,19068.55180693501,19099.04494690859,18951.638325732398,18833.96706722861,9485.953171870868,3851.2240328955404,5634.729138975327
2025-03-16 14:30:00,18941.491344999158,19016.906796854957,18840.911433137222,18928.215449776424,46670.74394707958,26347.46830278146,20323.27564429812
2025-03-16 14:45:00,18799.20672738503,18908.23607685733,18670.81483444126,18909.395923920074,42379.965896121306,23021.991703206906,19357.9741929144
2025-03-16 15:00:00,18905.67494198074,19084.91081372463,18785.171899699235,18896.859162842713,58224.23556824666,19986.04173900815,38238.19382923851
2025-03-16 15:15:00,18848.08226360472,18861.040499611405,18681.96942342874,18809.91385364285,21735.352570608356,12224.08904273483,9511.263527873527
2025-03-16 15:30:00,18994.50620206346,19090.883204687747,18883.19528489824,19006.79770627821,12090.532371553063,8095.6024103034015,3994.9299612496616
2025-03-16 15:45:00,18945.51923161856,19007.83479145607,18798.009161468304,18912.069005812016,4634.172851348761,1688.8963148828523,2945.276536465908
2025-03-16 16:00:00,18785.679868437554,18881.169676058205,18738.958538307797,18788.577511912732,49979.753286857056,26930.330987528236,23049.42229932882
2025-03-16 16:15:00,18682.685082953587,18687.164340284173,18555.982366387376,18618.84811946875,33654.076855983134,14698.288457417644,18955.78839856549
2025-03-16 16:30:00,18799.994748054105,18858.843498298083,18630.38230118091,18904.21011441645,8385.148356100583,4057.1093284370045,4328.039027663578
2025-03-16 16:45:00,18787.22032289671,18941.25075812986,18714.75194059753,18920.916281146263,12854.20567557061,5331.925434993854,7522.280240576757
2025-03-16 17:00:00,18737.595073731925,18841.390432766017,18591.60968590592,18725.098004519514,13811.28358376879,6099.784532850044,7711.499050918746
2025-03-16 17:15:00,18754.460616841534,18838.964933003113,18618.530292793756,18624.446310661428,4999.111961877233,1557.5469651757805,3441.5649967014524
2025-03-16 17:30:00,18803.389385721544,18857.07777675004,18792.196443137225,18754.139250179276,9723.66227149691,6734.809722052233,2988.8525494446776
2025-03-16 17:45:00,18910.324149832908,18966.68495699709,18800.359043524782,18892.927723820707,7088.079038081739,3897.8762036801013,3190.2028344016376
2025-03-16 18:00:00,19049.173132088185,19122.150787444367,19024.373137559385,19097.323620043837,14581.67654195514,7294.953747918735,7286.722794036405
2025-03-16 18:15:00,19016.811573295727,19175.710480771337,18832.85830900027,18920.96558565359,10522.830422480825,4771.957748062207,5750.872674418618
2025-03-16 18:30:00,18892.627259535922,19075.359245503212,18739.331064494778,18819.96977459499,4328.581110259461,2232.4649437499243,2096.1161665095365
2025-03-16 18:45:00,18855.459306392346,18938.169793318164,18834.77037969877,18903.60447207306,166473.30256140867,75252.99114027158,91220.31142113708
2025-03-16 19:00:00,18881.88339482359,18956.15581916617,18858.894324596888,18970.525230248295,77075.49931465376,34218.683081946954,42856.816232706806
2025-03-16 19:15:00,18792.783664835926,18951.87412074874,18681.065479338187,18734.37625274471,10106.970148062981,4907.728583411471,5199.24156465151
2025-03-16 19:30:00,18704.725292811298,18784.576760296713,18640.21472021756,18580.037999062075,28923.838528135686,11870.147039404928,17053.691488730758
2025-03-16 19:45:00,18738.74805475752,18842.189349280477,18732.20713376946,19046.44937253741,33438.562867383975,12439.812819937413,20998.750047446563
2025-03-16 20:00:00,18736.063508771247,18779.33288571868,18634.581211873778,18809.443698435163,72481.44338519525,37881.87257428685,34599.5708109084
2025-03-16 20:15:00,18741.00954806677,18880.349429287246,18668.323460902935,18715.989947823542,9714.695065783957,6189.292209408225,3525.402856375732
2025-03-16 20:30:00,18671.808807472684,18771.140649138295,18652.935998067733,18752.940736594814,65650.91282045598,23708.597595093477,41942.3152253625
2025-03-16 20:45:00,18652.165997929653,18803.068465221088,18502.59047519482,18640.55906934477,12734.812903587404,3987.1901523230326,8747.62275126437
2025-03-16 21:00:00,18567.836464391043,18712.801640926744,18397.926507090433,18648.342600919954,5791.447827269715,2309.19328626771,3482.254541002005
2025-03-16 21:15:00,18652.33854063061,18692.441957886836,18511.21607868042,18667.20382006059,45439.47771198204,31439.041050469867,14000.436661512176
2025-03-16 21:30:00,18750.752879810825,18884.939933415983,18596.54250483124,18759.30996384788,80078.15899263907,50569.61601605269,29508.54297658638
2025-03-16 21:45:00,18579.54089322614,18728.187329119522,18539.317939750956,18568.989398398528,292994.45811313466,157732.5180185897,135261.94009454496
2025-03-16 22:00:00,18495.04942212725,18559.06212736351,18446.301474591495,18361.202475651928,6636.06691510333,4457.443267467252,2178.623647636078
2025-03-16 22:15:00,18358.50701439671,18390.19547049636,18320.224471283935,18536.409658422086,44307.9627123509,21184.153015870535,23123.809696480363
2025-03-16 22:30:00,18300.675520301476,18301.157222553287,18160.66374420278,18214.52198647059,14620.775215389343,10136.762430178484,4484.01278521086
2025-03-16 22:45:00,18294.870731797477,18377.36297225582,18121.450527561778,18170.46345419348,48211.782025159926,20177.634452707985,28034.14757245194
2025-03-16 23:00:00,18164.094859363893,18228.111075036057,18033.887869145532,18144.762823853194,5061.967135900235,2005.1580634170932,3056.809072483142
2025-03-16 23:15:00,18082.187523386612,18182.527360124634,17922.79905000476,17995.259955234873,6230.614386291803,3459.3572363732096,2771.2571499185938
2025-03-16 23:30:00,17993.22701480163,18027.061675472243,17878.304436717815,17988.57461490103,10138.802533551756,4575.252123396632,5563.550410155124
2025-03-16 23:45:00,18013.673378056243,18168.530721956562,17943.841589751883,18075.619144702374,23836.279450163885,13122.97347364894,10713.305976514945
2025-03-17 00:00:00,18021.720476583992,18068.17240105831,17944.990908444663,18111.405829898347,11601.837079312148,4895.954449100895,6705.882630211254
2025-03-17 00:15:00,17958.487886413164,17999.151219614083,17944.961296141508,18031.644545387826,42576.355540715245,23296.389621507897,19279.96591920735
2025-03-17 00:30:00,17976.160912653708,18062.57484497708,17970.506116617675,17948.690457669247,61506.28343545972,25235.93609456247,36270.34734089725
2025-03-17 00:45:00,17928.822482903553,18018.260597404813,17804.13189641659,17933.26809827729,40117.88569839292,12853.322361792614,27264.56333660031
2025-03-17 01:00:00,17906.263083903796,17944.776810824667,17827.75685306443,17942.781031862713,111166.86498719439,73909.77495978524,37257.090027409155
2025-03-17 01:15:00,18057.880077148155,18106.972361157183,17958.16174239091,17899.17050463483,33383.81996671455,21809.051371218142,11574.76859549641
2025-03-17 01:30:00,18180.71528976246,18211.568916125085,18079.32848605089,18232.583479670328,6523.0888299299895,4489.967674433906,2033.1211554960837
2025-03-17 01:45:00,18064.396778968945,18194.18227628013,18014.290511479525,17932.77061618583,86109.62850918369,50512.844137218926,35596.784371964764
2025-03-17 02:00:00,18141.146296731553,18280.84927450644,18054.813940126787,18326.21742746556,12026.210610710701,6892.082651948092,5134.1279587626095
2025-03-17 02:15:00,18216.558729359705,18300.779071621942,18130.802417105144,18179.71436537827,54743.75075404974,28663.89512178497,26079.855632264767
2025-03-17 02:30:00,18113.793357050992,18243.141604729677,18043.434452855243,18097.049403268236,106269.5655891455,37234.4080267556,69035.1575623899
2025-03-17 02:45:00,18189.76058160844,18323.62546743718,18040.48169421559,18119.756642342934,34776.18215931324,13065.207305612412,21710.974853700827
2025-03-17 03:00:00,18331.452624600293,18356.800537447965,18248.747709005052,18273.71129563089,4933.683690146463,2051.365859762125,2882.317830384338
2025-03-17 03:15:00,18230.39638518945,18406.53446890338,18120.34959561452,18437.68452110191,8793.673605749995,5769.19988594583,3024.473719804165
2025-03-17 03:30:00,18148.58722426987,18297.59292332779,17986.06297411167,18233.91913085507,82680.94694685684,30524.797718909012,52156.149227947826
2025-03-17 03:45:00,18242.74767247124,18280.051074329127,18084.722858398978,18101.439125969202,18599.26447114303,12445.68423959235,6153.580231550679
2025-03-17 04:00:00,18269.336049486745,18303.347165473842,18106.661824819083,18406.740904349703,23850.811835039214,12142.78921013272,11708.022624906494
2025-03-17 04:15:00,18321.538510070044,18344.561565249605,18272.069440663592,18430.84868154928,47043.33213013735,27578.111648561622,19465.22048157573
2025-03-17 04:30:00,18354.57125614303,18379.97004800801,18348.150370399355,18328.7635852571,44193.052041587056,15206.731747345046,28986.32029424201
2025-03-17 04:45:00,18392.261993869444,18529.86587208485,18344.245904053685,18420.4662464221,29108.91641921694,11865.184959878408,17243.73145933853
2025-03-17 05:00:00,18272.117105511516,18357.932881332737,18221.191372938036,18270.751805665437,17878.09731257403,12218.024774964433,5660.072537609598
2025-03-17 05:15:00,18369.627876132377,18513.44997017977,18202.58176805982,18550.805670135513,16112.19236729978,6548.961367581318,9563.230999718462
2025-03-17 05:30:00,18478.889503562725,18616.78912090463,18358.916656351685,18405.316711486943,51942.82250016167,21743.716785936445,30199.10571422522
2025-03-17 05:45:00,18459.542961449217,18571.1517050491,18444.46078392524,18473.019407069132,38313.95737350514,14522.482324018425,23791.47504948671
2025-03-17 06:00:00,18457.37609263075,18584.061358581206,18432.38875601606,18417.863895648563,17029.45889270156,5988.059538799657,11041.399353901903
2025-03-17 06:15:00,18317.920695175417,18321.28308221021,18289.40406595732,18186.66909275156,64998.034697210336,25563.925718209663,39434.10897900067
2025-03-17 06:30:00,18366.85287643419,18424.116618124473,18251.06424144696,18568.120363378992,19360.029505430073,10782.195883748482,8577.833621681591
2025-03-17 06:45:00,18421.224036066,18538.718688659093,18285.7517708347,18312.39452273013,9398.80493560401,4531.606481148445,4867.198454455565
2025-03-17 07:00:00,18417.33798518373,18419.05907685185,18259.01446070585,18437.608953415565,10311.646886843286,5377.547924390982,4934.098962452304
2025-03-17 07:15:00,18522.71769819981,18528.82592438363,18348.486245327884,18361.505168554468,8277.192863008564,2888.2927738407293,5388.900089167835
2025-03-17 07:30:00,18493.629878775442,18651.17488923528,18456.32738448377,18456.728564534016,16774.077761960943,10414.128792131612,6359.948969829331
2025-03-17 07:45:00,18547.687306867516,18674.558099315396,18490.231675038187,18586.82003563349,75638.77128082578,46414.81527211441,29223.95600871137
2025-03-17 08:00:00,18454.979999038078,18503.95393020894,18410.628459463507,18378.877753556862,9846.82964563306,3039.08576452443,6807.74388110863
2025-03-17 08:15:00,18454.65222467139,18581.61337425027,18388.444025079734,18508.79834507199,26594.926966019877,12058.300461353072,14536.626504666805
2025-03-17 08:30:00,18440.40945392642,18586.54170846065,18271.741462985283,18415.603314454682,11422.160539026127,3740.851704139805,7681.308834886322
2025-03-17 08:45:00,18463.027346550054,18519.670858938327,18356.844156042593,18570.120522303405,16978.29357644774,10472.929859537566,6505.363716910175
2025-03-17 09:00:00,18430.76072032302,18437.40268313978,18294.70633807033,18556.252168083334,4865.665545385005,2894.6227415521657,1971.0428038328396
2025-03-17 09:15:00,18420.488096634534,18592.310564265532,18330.205741084483,18366.447472230582,17667.141322975476,11674.36285030005,5992.778472675427
2025-03-17 09:30:00,18498.411105888183,18562.263891430746,18493.072850442684,18505.508285780088,18147.61852236361,7160.353102412134,10987.265419951476
2025-03-17 09:45:00,18459.86372491486,18479.520113309103,18448.013325682117,18476.796425017044,37808.451604474416,18243.27180716564,19565.179797308774
2025-03-17 10:00:00,18313.423739571328,18403.499572621753,18214.911615462494,18370.13577002183,27536.864500894673,10293.146420481891,17243.718080412782
2025-03-17 10:15:00,18475.459438973525,18617.437394863024,18342.65986239356,18476.78800891484,6644.9196219056785,2980.2064067412816,3664.713215164397
2025-03-17 10:30:00,18604.921978905677,18646.159288858613,18564.85990226219,18622.61627919621,65133.75762111889,33146.39343306464,31987.364188054256
2025-03-17 10:45:00,18486.570238010117,18536.38970541247,18353.11391755911,18464.071483546686,27181.803521241716,8734.39187678258,18447.411644459135
2025-03-17 11:00:00,18552.170553960765,18597.19945227166,18401.77445704152,18562.860302294168,26860.001265112944,15738.568433608434,11121.43283150451
2025-03-17 11:15:00,18507.36940237812,18690.90199752952,18431.138014498563,18627.476695497866,21825.136753849987,11290.521781177962,10534.614972672025
2025-03-17 11:30:00,18533.602415453035,18570.188438615914,18395.264042485232,18593.473665052574,13124.586113824089,8289.273436632213,4835.312677191876
2025-03-17 11:45:00,18562.720940835425,18669.553152668937,18487.721988638557,18627.807004551298,27386.414267226664,11193.161638318647,16193.252628908018
2025-03-17 12:00:00,18542.820980011373,18714.39114610517,18417.035637174748,18609.859797893394,35439.71758719223,23437.293220674754,12002.424366517476
2025-03-17 12:15:00,18472.009129973132,18499.143877587852,18330.8835252701,18457.80334422669,3839.5264154048955,2685.663110790848,1153.8633046140476
2025-03-17 12:30:00,18410.077927771094,18588.812942163575,18227.463464354267,18439.426081359994,12851.800055513453,8581.395905204286,4270.404150309167
2025-03-17 12:45:00,18327.583112759854,18501.23279036819,18264.28025245145,18228.140058852467,17069.576904944755,10432.191247488188,6637.385657456567
2025-03-17 13:00:00,18253.189417789217,18414.652018123666,18178.161365526576,18368.98835021669,28457.601892116203,17784.507760337692,10673.094131778511
2025-03-17 13:15:00,18248.883646465823,18288.03781639924,18218.65983452885,17994.954040853074,72642.90512432909,38464.2509680173,34178.654156311786
2025-03-17 13:30:00,18185.39943103008,18300.704875578318,18148.28793022859,18177.47528940812,10180.803185824183,3828.608577082247,6352.1946087419365
2025-03-17 13:45:00,18249.2349172119,18388.09178957763,18122.695634283515,18353.337310727486,13386.98376688357,7641.50819470196,5745.47557218161
2025-03-17 14:00:00,18386.765363045848,18568.064004617427,18218.150342111985,18261.379764636724,13193.31959729942,7719.427139234342,5473.892458065078
2025-03-17 14:15:00,18335.277525346424,18368.35873384688,18262.92561233058,18371.92790403925,9882.021844083984,6859.645545610476,3022.3762984735076
2025-03-17 14:30:00,18359.058792889624,18499.693938151137,18326.041045159338,18296.56763680477,15565.520222310613,8039.910700513635,7525.609521796979
2025-03-17 14:45:00,18406.763440358827,18469.125770240476,18354.285849937754,18372.82106806701,47610.19604883338,19451.03161741871,28159.16443141467
2025-03-17 15:00:00,18452.044287423476,18484.450960630522,18368.077945321602,18539.317009918508,7678.384900684441,4403.315777380326,3275.0691233041152
2025-03-17 15:15:00,18460.897141689475,18538.68710538576,18407.24048334335,18479.178684374303,33786.42572892663,23371.77107542491,10414.654653501722
2025-03-17 15:30:00,18531.296150075043,18678.40423390095,18488.0109184371,18342.799894763004,4016.225338499815,1489.5599970399112,2526.6653414599036
2025-03-17 15:45:00,18577.832770490993,18664.19178965709,18441.10280295295,18487.133418541143,12564.89387118219,5407.919860805115,7156.9740103770755
2025-03-17 16:00:00,18464.725126226454,18563.977289168917,18463.276583083007,18554.771657478992,15843.438198201546,8187.1344202124565,7656.303777989089
2025-03-17 16:15:00,18546.81523784278,18731.385614974603,18446.805148231637,18588.44752607628,117578.28816028182,43278.90460378595,74299.38355649587
2025-03-17 16:30:00,18630.952015471652,18705.30987756148,18483.0657025392,18793.799165312845,16733.997295648063,5168.935237348107,11565.062058299956
2025-03-17 16:45:00,18561.711376768064,18675.940288667647,18512.294850658498,18717.875471712505,2437.569039940609,1059.8385624803059,1377.730477460303
2025-03-17 17:00:00,18567.088503664927,18634.903717833356,18455.074834954496,18535.316025558008,2984.2719497277017,1928.282308531505,1055.9896411961968
2025-03-17 17:15:00,18632.382361948512,18705.567685435326,18507.750336650173,18865.588781583207,22788.91668274586,7232.914097031943,15556.002585713919
2025-03-17 17:30:00,18614.745524584494,18744.237280603662,18492.814344225502,18617.02393870859,40691.351532420216,19188.886708897106,21502.46482352311
2025-03-17 17:45:00,18716.473065700102,18892.012428967613,18633.025739001776,18626.384267222784,32062.9314267368,19394.235874314945,12668.695552421854
2025-03-17 18:00:00,18939.561492388137,19042.281899326103,18873.92114125532,18879.557186365928,26044.713913438387,17743.56139155642,8301.152521881966
2025-03-17 18:15:00,18867.024294551135,19011.998495825213,18709.310296608975,18654.13585761304,70421.90170345566,48886.19118298225,21535.71052047341
2025-03-17 18:30:00,18738.629986582782,18755.346073563258,18596.507605052382,18889.196659467725,12841.132563869363,6019.765670877088,6821.366892992275
2025-03-17 18:45:00,18768.969570811856,18808.601758603778,18708.67328506914,18918.629767037113,53901.33668966714,36661.19454126036,17240.142148406783
2025-03-17 19:00:00,18838.561391279694,18933.15576871936,18819.154057089898,18742.907895132765,4306.949306561496,1353.1038809329034,2953.8454256285927
2025-03-17 19:15:00,18818.69929563454,18822.46524172811,18805.18604958558,18797.256866148247,8911.092848195653,5332.101891077469,3578.9909571181834
2025-03-17 19:30:00,18957.323542670165,19005.258079087933,18939.451340516847,18966.385858404476,3615.402988228502,2014.1352701831045,1601.2677180453977
2025-03-17 19:45:00,18832.33735881719,18929.776115215896,18722.569434356323,18741.90889550964,16733.27781755494,6690.110771083067,10043.167046471872
2025-03-17 20:00:00,18899.46697890876,18902.29456563286,18889.703103047374,18733.614514485635,21030.70481200673,10576.917696987432,10453.787115019299
2025-03-17 20:15:00,18844.104692727917,18893.956071865072,18780.613839671758,18824.284689185497,24688.71392861342,8686.020246564616,16002.693682048803
2025-03-17 20:30:00,19007.989789551855,19105.696715232978,18864.821667117063,18977.474416967874,23432.596688939095,15199.292812072246,8233.303876866848
2025-03-17 20:45:00,19199.259145973538,19309.299555386653,19142.74647869283,19161.973105618774,8711.912920296745,3860.7646583348633,4851.148261961882
2025-03-17 21:00:00,19127.582879364032,19304.6568017103,18981.580494276524,19148.88297909386,18210.600627879183,10023.438519141062,8187.162108738121
2025-03-17 21:15:00,19076.93713933178,19200.049318210728,18934.72486105858,19213.291422657476,4927.333908439538,1791.1376842435939,3136.1962241959445
2025-03-17 21:30:00,19160.836353473936,19240.303201895975,19113.73381887765,19131.798803464222,86096.92496899755,32929.141154482495,53167.78381451506
2025-03-17 21:45:00,19125.66370196913,19303.599539354913,18986.27162281923,19141.96287933863,16258.545510500573,11328.670772803782,4929.874737696791
2025-03-17 22:00:00,19123.23366992698,19273.32867687572,18980.23459606108,19192.734244293762,13509.033394108625,8122.097718695298,5386.935675413327
2025-03-17 22:15:00,19127.573536786687,19165.83039025266,19051.550244879883,19180.570584670502,107897.86114084798,73887.24123276823,34010.61990807975
2025-03-17 22:30:00,18945.892846831535,18970.682100410944,18906.026807454084,18887.688835547728,6359.807995239908,2660.565040938613,3699.2429543012954
2025-03-17 22:45:00,18946.476593842504,19074.519087226963,18847.714142424204,18955.606628378813,7146.749278690162,2614.4606315198002,4532.288647170362
2025-03-17 23:00:00,18883.03168586474,18988.75460142446,18709.04388736987,18934.72774473236,7359.738455333889,3688.90246313252,3670.8359922013688
2025-03-17 23:15:00,18838.361719631335,18987.123291402102,18717.8684059565,18732.080266417048,20581.103300991923,10246.658596795649,10334.444704196274
2025-03-17 23:30:00,18976.223865160206,19116.421165390246,18943.40970489723,19096.109860816392,33915.64290756383,12548.062267684796,21367.580639879034
2025-03-17 23:45:00,18858.90270697692,18976.810741859907,18730.14224281628,18993.893686376025,46151.07199327267,27380.869255033027,18770.202738239645
2025-03-18 00:00:00,18937.469384736065,19124.26520650478,18856.5679422339,18869.031239939206,288368.7486799624,128240.75856663662,160127.9901133258
2025-03-18 00:15:00,18912.948871911365,19013.86642475292,18801.07333290491,18931.26322768657,2322.8903872521323,870.0295175542485,1452.8608696978838
2025-03-18 00:30:00,18888.38471798276,18909.74856840899,18749.731878971248,18949.04271202275,40486.97470420281,17522.49373009664,22964.48097410617
2025-03-18 00:45:00,18964.91779866909,19121.999199384547,18867.25845674795,18913.180160546264,12617.871076205973,6630.230444052402,5987.640632153571
2025-03-18 01:00:00,18999.05951469311,19046.909284894922,18844.41021492386,19044.81056527975,12253.720095192053,7236.9046126505755,5016.815482541478
2025-03-18 01:15:00,19055.164972114733,19203.281178775345,18917.55703512062,19070.71928657285,11851.715117524065,5840.007934971042,6011.707182553023
2025-03-18 01:30:00,19149.315080761568,19332.594534234944,19031.532748903657,19008.766942279653,8877.101092949772,4529.434271346682,4347.666821603089
2025-03-18 01:45:00,19119.508369177267,19252.73224578573,19090.67752413408,19163.40306229554,118720.21087091762,42214.33958718732,76505.8712837303
2025-03-18 02:00:00,19062.89199316749,19176.51257899605,18903.535917036574,18958.032512875106,51138.72551342993,34052.06890534085,17086.656608089077
2025-03-18 02:15:00,18961.367745946307,19048.66326176755,18783.907246158964,19050.410599238337,22543.363015179217,15137.635599080097,7405.72741609912
2025-03-18 02:30:00,18885.009319719364,18953.82815687457,18859.143443323213,18821.630182672354,85051.79922311848,48766.204227724535,36285.59499539394
2025-03-18 02:45:00,19165.366199184773,19233.020852409045,19071.79299879382,19149.91072719122,4853.57601392256,1490.302957574305,3363.2730563482555
2025-03-18 03:00:00,19286.556435632032,19409.29081665967,19236.62571230639,19418.88910918011,5821.393055323577,2997.025960858264,2824.3670944653127
2025-03-18 03:15:00,19158.19723121256,19302.127616700574,19013.6441678205,19205.74611864333,2494.970707923085,1376.4443740691509,1118.526333853934
2025-03-18 03:30:00,19033.433499109284,19162.578594309703,18896.082602230465,18930.703023798058,10944.42485448376,7637.694816089115,3306.730038394644
2025-03-18 03:45:00,19081.194670665176,19119.053688320186,19054.312106547135,18984.36556735567,25892.238389760314,18083.832739354646,7808.405650405668
2025-03-18 04:00:00,19135.315120808096,19229.841124384948,18967.493188756758,19077.975882242627,24412.69536785264,15698.449343176037,8714.246024676604
2025-03-18 04:15:00,19189.743978087754,19341.65768116763,19155.015710441072,19227.609572698162,25574.266525657327,8325.252278766371,17249.014246890954
2025-03-18 04:30:00,19167.200270465433,19258.379423826704,19014.3880363451,19201.53829201387,5371.933448266369,3659.9549661066712,1711.9784821596977
2025-03-18 04:45:00,19157.093955861186,19259.89538174914,19069.54979900742,19076.33700553704,49175.69334075664,26803.924646911877,22371.768693844762
2025-03-18 05:00:00,19190.415759509393,19338.399973224827,19127.418941552307,19078.41958297248,27990.697959770678,17364.16126491476,10626.536694855917
2025-03-18 05:15:00,19200.57641359336,19327.54316401937,19170.19356304729,19227.60923202411,45846.506536472654,21221.299818832762,24625.206717639892
2025-03-18 05:30:00,18989.43723927644,19067.169536119567,18957.6082353014,18972.170137748177,3318.399350837199,1419.836191582093,1898.563159255106
2025-03-18 05:45:00,18969.517354688287,19139.37282433436,18843.959911045255,19174.124075762033,30076.242663165885,14595.930131694537,15480.312531471349
2025-03-18 06:00:00,18890.660460770785,18921.370453733034,18786.68052511079,18894.117797009563,6715.910959090202,2409.331748230413,4306.579210859789
2025-03-18 06:15:00,18909.098823934113,19097.34201300658,18886.013570904466,19080.628253987044,14804.356098848908,6555.760537232646,8248.595561616261
2025-03-18 06:30:00,19193.23252129284,19216.04417303734,19171.60215889239,19080.91529860522,37585.1723285527,24169.03230687511,13416.140021677587
2025-03-18 06:45:00,19230.417649808773,19233.292591690642,19216.512024274987,19079.149940409498,24127.163628191232,7604.4041251716535,16522.75950301958
2025-03-18 07:00:00,19202.19415752021,19373.097314957424,19059.374507397304,19094.653696581678,9399.953488563386,3387.2846956076437,6012.668792955742
2025-03-18 07:15:00,19292.617434014268,19339.875377274508,19155.276746729698,19407.32456377914,22165.07556073048,7758.806321218851,14406.269239511632
2025-03-18 07:30:00,19341.10825949747,19482.24025441109,19329.80705829919,19510.93301430216,4762.198378144834,2196.4697917302,2565.7285864146343
2025-03-18 07:45:00,19383.66783541866,19540.872361789665,19275.066944983693,19307.860301803124,69582.4316681344,48623.83866254571,20958.593005588693
2025-03-18 08:00:00,19444.421153825297,19611.44608535163,19427.956365583042,19399.643954566345,17938.705584043786,6625.538423501616,11313.167160542169
2025-03-18 08:15:00,19646.307091919356,19841.11874056371,19468.75442249529,19531.476302186227,67410.08698644873,24145.825321736687,43264.261664712045
2025-03-18 08:30:00,19537.18281519298,19594.62989089276,19359.957626659296,19360.21112075078,13009.93158576014,8664.904452346276,4345.027133413863
2025-03-18 08:45:00,19585.403715833523,19724.507741714806,19448.65196590149,19655.755631509186,13048.441907916495,8518.286544566194,4530.155363350301
2025-03-18 09:00:00,19496.644514078012,19519.143614216773,19316.06875253619,19518.38525190939,10258.000465845942,3209.688831931263,7048.311633914679
2025-03-18 09:15:00,19552.74734147347,19632.289734374117,19394.08598064195,19553.772685850192,52900.81010869258,31776.58473541512,21124.225373277462
2025-03-18 09:30:00,19464.88838998208,19629.945133664016,19303.614280909933,19328.62866880433,10835.345952998921,6091.4828402285675,4743.863112770354
2025-03-18 09:45:00,19426.21488659855,19497.636928673863,19315.542215321013,19585.505641128137,41965.17692054294,25476.90464199882,16488.27227854412
2025-03-18 10:00:00,19399.495107662944,19514.16462709157,19340.121168478443,19350.670774776947,15026.154609343917,7480.034518988627,7546.120090355291
2025-03-18 10:15:00,19496.086815538227,19594.30292348041,19453.624510971655,19548.104951064666,3053.47846509983,2126.905577241697,926.5728878581331
2025-03-18 10:30:00,19587.56776209587,19714.093955962737,19523.4772360614,19445.11116164907,12452.615152113476,3954.1885654641005,8498.426586649375
2025-03-18 10:45:00,19467.52365125426,19656.922096610037,19345.171154754622,19448.978383078822,6774.303158588874,2667.3726188001765,4106.930539788697
2025-03-18 11:00:00,19474.817559145136,19485.671951246914,19441.193013787837,19503.189881028346,22786.025803434193,10450.090577601886,12335.935225832307
2025-03-18 11:15:00,19407.670349826625,19519.062909078202,19357.474305308042,19439.409189884507,6698.187620113864,3214.535102032435,3483.6525180814288
2025-03-18 11:30:00,19287.48787466148,19453.94444581422,19197.21069250377,19302.40178417403,55602.03613574432,37172.5722884015,18429.46384734282
2025-03-18 11:45:00,19268.488054805675,19361.24322511682,19223.582824409747,19316.13155846005,20109.027843361047,10537.165692861632,9571.862150499415
2025-03-18 12:00:00,19240.694918988786,19255.80409526427,19127.435786338778,19131.934923017754,18442.332957495593,5865.480687021157,12576.852270474435
2025-03-18 12:15:00,19476.07754632396,19585.248625278313,19296.27906713273,19495.29776716927,42441.9329763505,19656.776915804203,22785.1560605463
2025-03-18 12:30:00,19520.186949744428,19585.008394044526,19374.15850700802,19531.289805986955,57751.63467683792,26946.691259669016,30804.943417168906
2025-03-18 12:45:00,19387.682212639593,19417.7218335955,19258.47753850795,19410.140194532207,21588.180573404497,14813.731260413615,6774.449312990882
2025-03-18 13:00:00,19334.872686286726,19499.03242849272,19222.20423078961,19341.866614118368,10186.307550603657,5497.334606208321,4688.972944395336
2025-03-18 13:15:00,19435.54775346049,19536.923475889696,19340.71240454482,19311.819815121944,3736.96993372267,2071.2545566206263,1665.7153771020435
2025-03-18 13:30:00,19640.44145444825,19823.741061829733,19603.799488821547,19511.030610048336,11091.676520170715,6491.971715919339,4599.704804251376
2025-03-18 13:45:00,19486.658436634985,19643.72411982989,19312.30926618909,19270.91499750779,11882.092970316457,7224.499386988477,4657.593583327979
2025-03-18 14:00:00,19305.43988057912,19439.22113361547,19257.45891212894,19384.354197229706,24515.416731746194,13582.041672306032,10933.375059440163
2025-03-18 14:15:00,19487.969453126167,19488.948821686867,19470.175206955744,19568.616274463016,15597.300273373248,6159.026689125542,9438.273584247705
2025-03-18 14:30:00,19527.882196007024,19611.427056626228,19381.420115355075,19610.24594957399,43823.82823429708,28468.763677879648,15355.06455641743
2025-03-18 14:45:00,19445.05539332797,19483.45671018943,19410.906855397985,19474.88313239887,11932.448449912636,7074.127245997859,4858.321203914777
2025-03-18 15:00:00,19498.979359839977,19676.57565652525,19426.463435649373,19291.01112184816,20805.21245612776,12415.47295978742,8389.73949634034
2025-03-18 15:15:00,19243.957303971787,19277.554171442476,19238.514164448014,19145.167439634508,71968.76203272933,50279.010537058144,21689.751495671182
2025-03-18 15:30:00,19246.20649022636,19301.26219845475,19219.82611097312,19262.605741806936,31002.564751208254,19252.921770027573,11749.642981180681
2025-03-18 15:45:00,19279.67768079741,19379.322143752473,19246.28457905546,19292.741397866266,20742.965545185645,13102.513258511563,7640.452286674083
2025-03-18 16:00:00,19370.70380046686,19421.71918702117,19360.164175782917,19349.129852171605,12064.898413196332,8210.913882677989,3853.9845305183426
2025-03-18 16:15:00,19274.441479965153,19314.891724374436,19147.874519136763,19309.99484515719,11693.268382507988,4214.880683534411,7478.387698973576
2025-03-18 16:30:00,19284.626785003416,19400.16085392096,19123.212955421404,19285.750279174008,9408.668715330754,4695.781412932365,4712.887302398389
2025-03-18 16:45:00,19197.322905025863,19214.394992667047,19125.656341011585,19208.91525314876,12822.966939245263,6824.726781581856,5998.240157663407
2025-03-18 17:00:00,19223.75605942826,19234.938087470004,19055.629610990807,19162.32987910626,46894.97654318673,20245.044002207156,26649.93254097957
2025-03-18 17:15:00,19139.61883858514,19210.865169228317,19098.785117409152,19233.59541843349,17643.306030716176,11216.931841029753,6426.374189686423
2025-03-18 17:30:00,19102.478327922832,19240.14309916224,19040.320692780908,19061.334301327322,5711.442687925342,3455.239195649312,2256.2034922760304
2025-03-18 17:45:00,19009.275865767664,19114.740612969883,18980.621854930607,18882.802488269313,129077.63100280195,75943.2410958506,53134.38990695136
2025-03-18 18:00:00,19073.064935589366,19153.72043901736,18954.70527728333,18999.538364405533,30332.20174864075,21197.955716707747,9134.246031933002
2025-03-18 18:15:00,19156.838711543034,19265.21882620957,19076.404971221196,19123.461158421298,5394.076033211789,2177.8719498690393,3216.2040833427495
2025-03-18 18:30:00,19136.281453328764,19206.215278007385,19018.921825970705,19231.389038946865,14159.641834572187,8413.417057716768,5746.224776855419
2025-03-18 18:45:00,19141.853746642926,19321.0495090259,18996.05505022749,19137.808307421918,24609.464478526676,12810.746878956968,11798.717599569707
2025-03-18 19:00:00,19005.1243070298,19015.559049798034,18901.412770485527,18987.43545682493,121126.66476607481,51502.53374315985,69624.13102291495
2025-03-18 19:15:00,18978.547859724087,19106.347783855068,18859.432732436897,18860.058766886366,7272.733824610097,2648.982373981575,4623.751450628522
2025-03-18 19:30:00,18975.681660873528,19144.80862204979,18798.21153848174,19050.206998747348,58456.649209212315,38485.141641027985,19971.50756818433
2025-03-18 19:45:00,19226.235906011625,19380.79267652542,19168.737096335542,19163.562976448196,89275.86191051359,48046.679152387595,41229.18275812599
2025-03-18 20:00:00,19121.263827816027,19156.454799635678,19052.587143535453,19111.700532411283,11746.912216189827,7400.2438148293495,4346.668401360477
2025-03-18 20:15:00,19263.16055056315,19320.16531827864,19124.908199720292,19405.725571834155,16688.687624836384,8647.043121760185,8041.644503076199
2025-03-18 20:30:00,19361.100119615752,19499.928488934474,19242.744646421925,19410.351208563927,7814.144380699481,3031.8163816799574,4782.327999019524
2025-03-18 20:45:00,19390.203377250426,19406.543610062723,19355.58548396486,19232.342491575284,17971.435485515263,7817.925332792477,10153.510152722785
2025-03-18 21:00:00,19562.642441847864,19721.46404330842,19489.058088535883,19389.5609615931,21235.084577255857,9611.329208950381,11623.755368305476
2025-03-18 21:15:00,19600.995537648363,19741.90845578019,19509.294629572367,19594.692793419305,42601.72387901997,29359.997257533505,13241.726621486465
2025-03-18 21:30:00,19641.095175490736,19784.39791187376,19558.72241825903,19521.99740629104,65524.76691677431,19805.07777619925,45719.68914057506
2025-03-18 21:45:00,19637.842545999774,19657.527788458876,19602.83321984231,19701.52284056846,10424.394207417696,7237.306734571352,3187.087472846344
2025-03-18 22:00:00,19759.947595539983,19901.77670305713,19577.28069384601,19764.123175284658,3079.969384355831,2131.907542776244,948.061841579587
2025-03-18 22:15:00,19870.254463300662,20005.33605466951,19718.779785530587,19886.685650524953,21563.454095968034,15061.216966493957,6502.237129474077
2025-03-18 22:30:00,19810.079654174704,19974.686061470966,19714.72268041412,19740.076460557804,29541.092228703623,14493.901808041017,15047.190420662606
2025-03-18 22:45:00,19681.38870209738,19689.575363932574,19547.543247704834,19852.752945093263,28266.077442075934,19377.062822492615,8889.014619583319
2025-03-18 23:00:00,19663.382136849676,19667.92647590488,19486.946016179932,19942.857170518084,15888.117034712013,7280.565550440155,8607.551484271858
2025-03-18 23:15:00,19586.69115498352,19659.750903622895,19560.019146286213,19559.408390259923,24953.069000919902,7748.371497211509,17204.697503708394
2025-03-18 23:30:00,19582.428642980303,19611.565002494175,19533.399518984355,19616.995472431594,100252.25195943208,39072.19984964235,61180.05210978973
2025-03-18 23:45:00,19705.547105707377,19815.579821965934,19598.604855785958,19715.14541592071,32264.865732468625,21879.40228786518,10385.463444603443
2025-03-19 00:00:00,19662.460763888794,19842.83413171552,19505.355663122235,19636.930350072256,15163.273636938635,4632.469215710876,10530.80442122776
2025-03-19 00:15:00,19660.216944691103,19737.182708969263,19653.08915359423,19578.423515146616,13357.084308673657,6924.2811721565195,6432.803136517137
2025-03-19 00:30:00,19667.88666415586,19834.070546726194,19474.351089620515,19561.19152709584,18585.69805810651,6137.752738995794,12447.945319110717
2025-03-19 00:45:00,19753.287664990192,19753.33524562662,19663.428655115797,19641.12876770268,113180.58979769709,46919.990404299424,66260.59939339766
2025-03-19 01:00:00,19533.34573692871,19566.262284852946,19463.175876236357,19572.924204556177,18337.424230020344,6147.385659060389,12190.038570959954
2025-03-19 01:15:00,19476.044638420666,19481.969940584284,19419.033496239426,19425.438621745958,21594.753172385183,13902.949318730369,7691.803853654814
2025-03-19 01:30:00,19498.56709599554,19562.551094161885,19464.570036367866,19247.202015337585,13598.114590520054,7294.413273511819,6303.701317008235
2025-03-19 01:45:00,19617.516052967047,19795.680292694182,19462.2289143116,19661.151119386457,66103.92193525075,43684.28673542654,22419.63519982421
2025-03-19 02:00:00,19571.22828377011,19590.203005205633,19384.241996532175,19567.48418230243,156347.6378599497,89953.25006256622,66394.38779738348
2025-03-19 02:15:00,19389.553199616126,19507.133345885537,19309.349329817956,19520.1101386319,34565.55861127701,23795.333323107057,10770.225288169953
2025-03-19 02:30:00,19451.571795185948,19539.394851936115,19266.31099995377,19487.860880662985,23927.24157758489,12058.158801461335,11869.082776123554
2025-03-19 02:45:00,19391.722966754453,19573.708122627482,19231.97441536256,19248.352823064935,22851.746648818855,12693.78495319162,10157.961695627235
2025-03-19 03:00:00,19278.313707671805,19301.933332322056,19185.575162222627,19063.391678938504,2029.8013522522697,1076.8573744459677,952.943977806302
2025-03-19 03:15:00,19220.05990761842,19260.811787505783,19090.511672197346,19150.918395974157,46404.46046404982,22910.075720238598,23494.384743811224
2025-03-19 03:30:00,19204.24897146608,19209.922284669305,19120.713526711697,19144.22537876152,25189.094351373664,16080.308414639481,9108.785936734183
2025-03-19 03:45:00,19148.101060853438,19231.19142099152,19041.116137998255,19238.399599339562,33804.25802679342,18856.355004419984,14947.903022373433
2025-03-19 04:00:00,18938.853862170916,18991.472229000497,18927.86055123064,18938.01383571965,10813.361300488836,6709.960003904743,4103.401296584093
2025-03-19 04:15:00,19025.694775594828,19191.200423411585,18893.2258119502,19133.54083227195,14996.065130275345,9215.765462838404,5780.299667436941
2025-03-19 04:30:00,19148.87426213435,19264.713617813923,19138.758937382663,19022.028954124507,14602.894821633936,5496.793401382754,9106.101420251181
2025-03-19 04:45:00,19213.168713016443,19331.15500255472,19056.180803636107,19305.89765036528,61182.89794303505,34266.425005434576,26916.472937600476
2025-03-19 05:00:00,19105.79729624648,19207.423075789673,18948.184608102136,19174.6726593377,15081.742169898589,5728.938630979116,9352.803538919474
2025-03-19 05:15:00,19088.45959395355,19105.992408462458,19043.20519171194,18895.834692517583,176779.8270199457,94281.66540243402,82498.16161751167
2025-03-19 05:30:00,19089.74603060166,19174.698967113552,19027.95962770634,19215.98822402771,33889.5646658845,19350.056017947732,14539.508647936767
2025-03-19 05:45:00,19148.80916931115,19340.202510725798,19056.643963408933,19157.757263431577,6150.676409297586,4298.67101452446,1852.0053947731267
2025-03-19 06:00:00,19214.713672621016,19375.200589366937,19100.0666034632,19252.378787064805,19369.47605530773,6047.475662373554,13322.000392934175
2025-03-19 06:15:00,19146.10044734093,19317.16301530763,19091.083426624697,19063.303508115583,11479.577635265785,3862.8429493221265,7616.734685943658
2025-03-19 06:30:00,19155.864533182314,19313.56065936102,19042.3686401335,19278.006828311707,2454.3507137057372,811.9254249969721,1642.425288708765
2025-03-19 06:45:00,19201.578127058074,19221.363758325668,19144.398309539672,19087.726946322906,109040.09527301928,50086.96962494892,58953.12564807036
2025-03-19 07:00:00,19343.26871515986,19387.26464213155,19332.534995871105,19423.74561269559,44495.464527067496,27971.42167585766,16524.042851209837
2025-03-19 07:15:00,19413.340338588463,19413.946355390468,19412.849656737366,19492.99399965949,37541.689629288776,23937.42723883876,13604.262390450014
2025-03-19 07:30:00,19491.872802714624,19551.032610199225,19472.156567166563,19396.931064722223,25988.35053628582,15457.658789562347,10530.691746723473
2025-03-19 07:45:00,19501.991679840292,19523.172286409594,19347.487014210827,19695.390357010063,5530.217536733802,3643.0379735333236,1887.1795632004787
2025-03-19 08:00:00,19641.475691580843,19734.339281569668,19452.636394067824,19664.213496661345,13580.400063619658,5827.946901621526,7752.453161998132
2025-03-19 08:15:00,19683.681569130764,19816.9651877987,19599.638902056427,19748.036638735677,51112.31651213372,17136.01018525534,33976.30632687838
2025-03-19 08:30:00,19600.903036153253,19772.313971079693,19500.412351555613,19451.238302983907,7698.493737638661,2488.6244100134327,5209.869327625228
2025-03-19 08:45:00,19740.399719998237,19888.29818315802,19711.411304441644,19949.423903790346,1751.5049762141148,1122.4573723875233,629.0476038265915
2025-03-19 09:00:00,19811.258207799314,19997.203823680204,19702.09196371392,19689.958139134553,17551.487659403443,10393.54374035271,7157.943919050733
2025-03-19 09:15:00,19769.353036120105,19780.008379428487,19740.75569785829,19870.659744676504,19115.263785798936,11076.265479419368,8038.998306379568
2025-03-19 09:30:00,19723.933642669454,19726.3359853248,19603.37813356931,19625.82958589901,25224.308117829663,10994.532684873766,14229.775432955897
2025-03-19 09:45:00,19755.154217895695,19885.802582185763,19570.78752886322,19694.013121598662,45639.034246756215,20627.112639573905,25011.92160718231
2025-03-19 10:00:00,19802.881168626962,19860.181282581834,19764.127219440044,19880.979181638646,41672.87898868934,28472.803355505777,13200.075633183566
2025-03-19 10:15:00,19824.396233202744,19874.651279090747,19672.826092279796,19926.24929393474,28531.66508895551,9287.68176256217,19243.98332639334
2025-03-19 10:30:00,19857.236205291887,19922.941235868057,19852.569273678888,19731.01524719826,72804.37933577647,44373.73735279225,28430.64198298422
2025-03-19 10:45:00,20028.004204541874,20082.038970360245,19952.799601262042,20137.204110475923,4822.415483567401,2043.996858862137,2778.418624705264
2025-03-19 11:00:00,20137.31135875387,20240.300900292837,20115.009586906865,20242.526846725475,36482.27533910324,11514.603138607163,24967.672200496076
2025-03-19 11:15:00,20158.519531176564,20247.246941876412,20087.465700439894,20063.9807706189,41214.20936332455,24606.03881343204,16608.170549892515
2025-03-19 11:30:00,20255.412521766204,20359.207038726854,20220.261902815782,20417.318854191788,6376.90222606338,2757.147763984317,3619.754462079063
2025-03-19 11:45:00,20152.86707499571,20288.438154916796,20077.63541655192,20006.06778434933,4900.68069264804,2885.809968733017,2014.8707239150235
2025-03-19 12:00:00,20194.979216418822,20273.16014224596,20110.660572501598,20131.89286979791,10446.871906847247,6091.171449955777,4355.700456891471
2025-03-19 12:15:00,20379.69323498544,20430.90897070095,20318.43368627109,20428.50286767418,11366.873347295437,5841.603876526263,5525.269470769174
2025-03-19 12:30:00,20359.512662012716,20393.350281348623,20225.82763306818,20272.621694106365,46789.75106111928,28586.163397281736,18203.58766383754
2025-03-19 12:45:00,20275.26154476656,20346.118336533073,20088.961888164362,20302.00654957981,11913.901806649566,6343.1439580254355,5570.757848624131
2025-03-19 13:00:00,20211.182707087733,20361.110569132747,20130.217644111177,20235.54487046274,9354.861949382834,3879.037860015266,5475.824089367568
2025-03-19 13:15:00,20103.089963351413,20255.211032188217,20064.42304556689,20084.286108960987,11948.562572510846,7093.217815835593,4855.344756675253
2025-03-19 13:30:00,20026.219576153235,20159.77551325581,19972.004042154287,20109.568755958848,67415.64112549875,36111.58769763163,31304.05342786712
2025-03-19 13:45:00,19991.122815425315,20037.907675373608,19820.39846195541,19968.29687216408,22315.647084434393,6808.301135944898,15507.345948489496
2025-03-19 14:00:00,19852.627613178298,19969.37818561215,19739.14210762847,19875.611106259887,18411.83557616024,12163.920412571722,6247.915163588517
2025-03-19 14:15:00,19856.163200778814,19969.480271351487,19765.815467622397,19969.98586430133,19731.95143852881,10226.230783366043,9505.720655162766
2025-03-19 14:30:00,19947.727631174115,20044.327733382885,19917.878505531295,20026.58959697072,80182.48145946348,51914.22028163785,28268.261177825632
2025-03-19 14:45:00,19859.184038751806,19968.40537783224,19769.871864919263,19937.232348931408,10413.18711149172,6800.797683259056,3612.3894282326637
2025-03-19 15:00:00,20012.028652389276,20110.445934699692,19956.296752882783,19897.041576757758,82084.8125354338,39235.445601677515,42849.36693375628
2025-03-19 15:15:00,20065.139784809653,20178.599395084526,19875.892784807096,20117.789966736975,27187.057148878772,13676.829678951315,13510.227469927457
2025-03-19 15:30:00,20170.540016338422,20314.86143123456,19992.218301146233,20081.941041250644,18761.845989729838,8748.681713368582,10013.164276361256
2025-03-19 15:45:00,20106.212679377033,20128.254757300347,20089.343055873655,19977.39066880725,268579.032522629,128857.42747371872,139721.6050489103
2025-03-19 16:00:00,20194.129630421445,20345.510026553442,20089.795955059933,20186.889394160433,7664.545623802024,5043.722183122835,2620.823440679189
2025-03-19 16:15:00,20085.895769722316,20113.18972020243,20040.690785021176,19995.07787540159,15464.683826160348,9514.764342045963,5949.919484114385
2025-03-19 16:30:00,20177.311451854577,20190.755190607975,20094.427679128396,20257.07415161652,6422.538739686053,2251.808044986527,4170.730694699527
2025-03-19 16:45:00,20196.66546239324,20393.80101126577,20019.571405572704,20278.919963326858,57094.437297314966,31066.402935276248,26028.034362038718
2025-03-19 17:00:00,20254.554277972948,20448.388695234546,20147.708563217933,20061.870046090466,119275.22701243166,83297.36434983714,35977.86266259452
2025-03-19 17:15:00,20137.52400965814,20149.694433406155,20070.221324711652,20054.12419826819,116999.24741451566,62971.36776090986,54027.8796536058
2025-03-19 17:30:00,20049.415309863274,20138.28503321985,20007.734910367923,19903.07596361784,74902.96487336779,46016.535368721066,28886.429504646723
2025-03-19 17:45:00,20111.29063430692,20148.746895140073,19950.33497581307,20064.770275119427,18076.707900259873,10983.852214739925,7092.855685519948
2025-03-19 18:00:00,20017.93925169326,20115.09529836282,19892.923614761745,20063.497646234675,15287.014515152787,6728.227995714916,8558.786519437872
2025-03-19 18:15:00,20066.30322269964,20232.889105565784,19972.379788129787,20041.994090473145,4141.5700228690885,1858.4869769021225,2283.083045966966
2025-03-19 18:30:00,19931.14284416367,20120.610634881115,19887.795726931534,19872.36996581666,168699.37018464823,99470.30558403235,69229.06460061588
2025-03-19 18:45:00,20017.661365395063,20144.623913764026,19950.753058090177,20147.79383253997,35206.22097265047,17602.878570341538,17603.342402308936
2025-03-19 19:00:00,19896.30195983165,19966.716100033067,19705.32861330616,19667.011288430353,13467.61367393471,7113.974455872827,6353.639218061882
2025-03-19 19:15:00,19953.23522168997,20073.61819095563,19849.46045307514,20076.633200842305,83121.35180932829,48639.48274592764,34481.86906340065
2025-03-19 19:30:00,20017.64735111716,20080.102672304827,19937.436782059423,19963.17049556852,8326.808123184515,5087.929657569028,3238.8784656154876
2025-03-19 19:45:00,19949.910453124674,20131.419454752027,19845.88722259333,19942.119114338013,33077.94530242771,13515.867793511072,19562.077508916638
2025-03-19 20:00:00,20009.962333643387,20184.129138462726,19854.08702702946,19957.199731023768,18534.161312529894,6648.528080589919,11885.633231939973
2025-03-19 20:15:00,20038.02052927372,20149.879121995684,19969.869430755378,20192.602646939547,41717.54821958583,17384.447363841355,24333.100855744473
2025-03-19 20:30:00,19986.037710444536,20050.95214415557,19950.321437724073,19863.025797155053,20669.74799575,10397.200109860296,10272.547885889704
2025-03-19 20:45:00,19887.25125447062,19945.598396408484,19770.923538938383,19888.418275137996,5161.962465222405,2255.036994642347,2906.9254705800577
2025-03-19 21:00:00,19694.083828352206,19700.665196243175,19563.077974583008,19746.020933472424,23755.666552060764,12527.434437535334,11228.23211452543
2025-03-19 21:15:00,19730.483423445578,19891.448821222137,19589.86071601593,19571.55410641116,62872.49979222153,20206.35942925828,42666.140362963255
2025-03-19 21:30:00,19578.084896081316,19666.261303887793,19405.40861678822,19488.035673697592,21392.241619817905,10779.554074362706,10612.6875454552
2025-03-19 21:45:00,19589.375988725977,19653.06750053346,19516.66529465134,19574.862363695203,47815.977578365455,21383.016497233773,26432.96108113168
2025-03-19 22:00:00,19565.530995532878,19657.70623806313,19550.787409954562,19478.790634439014,7742.427240032364,3978.5755509786527,3763.8516890537117
2025-03-19 22:15:00,19633.92649374857,19794.67690897083,19445.765037284593,19553.860149323456,21455.562327997617,10062.944990956306,11392.61733704131
2025-03-19 22:30:00,19606.238190724187,19630.670349106807,19520.948716072733,19571.9407371926,11795.690653676238,4879.763280062246,6915.927373613992
2025-03-19 22:45:00,19575.90265569062,19743.796557069545,19453.894372302726,19639.48336026692,46489.457251947686,30759.431504352593,15730.025747595093
2025-03-19 23:00:00,19649.495394274687,19825.85135149251,19518.569760494785,19615.82423738317,22731.151199443444,8499.313715100745,14231.8374843427
2025-03-19 23:15:00,19684.37894981063,19870.732523353752,19576.801120377222,19790.51969921767,43917.74257674469,25144.937952624405,18772.804624120286
2025-03-19 23:30:00,19717.464056047742,19795.83860808078,19676.99247639966,19619.097789966603,65362.92143663211,43783.86831311828,21579.053123513833
2025-03-19 23:45:00,19765.699636626938,19808.61895667878,19616.44032951412,19641.97403978231,43985.64348038836,22673.190964243957,21312.452516144403
2025-03-20 00:00:00,19615.917919802156,19689.21099606746,19458.254592243877,19804.853086621224,28944.00656040635,18829.91118533804,10114.095375068311
2025-03-20 00:15:00,19692.105034740438,19757.662434403683,19583.212501525413,19627.322131948185,8117.583103425751,2840.671831734827,5276.911271690924
2025-03-20 00:30:00,19754.378244354997,19789.176354523042,19657.866024738058,19624.896986191146,21965.18303342109,10928.019197438294,11037.163835982796
2025-03-20 00:45:00,19655.93396679666,19775.297902474173,19633.538352758056,19484.725480566336,12924.88236503773,6240.263904737125,6684.618460300606
2025-03-20 01:00:00,19633.911411827718,19727.491377269347,19617.428416980092,19739.45384168089,15614.200119917416,4734.967507099477,10879.232612817937
2025-03-20 01:15:00,19632.0160239533,19801.97058148587,19565.352599060556,19598.51354544903,15145.607717257986,7229.043039186673,7916.564678071313
2025-03-20 01:30:00,19620.777010422968,19627.077159608332,19559.786579403426,19595.88709973741,8267.392360841957,3700.5832237889304,4566.809137053027
2025-03-20 01:45:00,19655.492047907752,19782.04745720738,19468.046180024307,19639.846108027232,3110.8815166119048,1766.7302478172594,1344.1512687946454
2025-03-20 02:00:00,19798.128689102152,19949.17828990193,19642.986050116127,19898.400557029167,11292.080876968277,7625.902562671995,3666.178314296282
2025-03-20 02:15:00,19907.19328640134,20058.385745713917,19775.820881400196,19889.32361087317,26725.660544089125,8934.827564266408,17790.832979822717
2025-03-20 02:30:00,19778.571000141157,19953.82376883691,19676.187605323936,20010.38117060511,5720.565565494693,2465.5097261893266,3255.0558393053666
2025-03-20 02:45:00,19842.067134592795,19986.722499278858,19808.857956784504,19855.33756604452,22374.612766577586,10686.694446968615,11687.91831960897
2025-03-20 03:00:00,19975.89526202435,20161.23362816962,19780.43978200453,20081.945768502213,147306.16048883458,71012.49228621185,76293.66820262272
2025-03-20 03:15:00,20016.527084029283,20083.11338242924,19941.456961089898,20097.117611153702,61270.67088153158,37370.445825074305,23900.225056457275
2025-03-20 03:30:00,20127.71693288209,20229.001499865448,20106.195250292727,20124.04892615651,113953.01680313531,54396.41454460277,59556.60225853254
2025-03-20 03:45:00,20332.241754192724,20335.104465369575,20231.841368936264,20272.5695742404,32569.380480927968,10124.664848838878,22444.71563208909
2025-03-20 04:00:00,20438.34652825575,20439.768544058803,20259.715785992204,20472.270497290374,70792.60485221123,41345.828884642375,29446.77596756885
2025-03-20 04:15:00,20465.86764025957,20515.011636570205,20284.275838251888,20518.06570584133,10679.00848298093,6983.344073075901,3695.664409905028
2025-03-20 04:30:00,20574.857438938496,20595.59837603805,20572.601217343006,20515.95305737985,11564.088231826925,5846.362245018505,5717.72598680842
2025-03-20 04:45:00,20591.820157235416,20645.402414149426,20409.315731414976,20608.94625729949,1423.4799104918643,757.9224957289384,665.5574147629259
2025-03-20 05:00:00,20596.340375093812,20632.80481464616,20540.42456159288,20723.646867621912,72124.24054447409,26337.938930407625,45786.30161406646
2025-03-20 05:15:00,20562.210773074254,20568.07512069411,20554.197193451815,20775.02428157425,102777.73056800282,39904.31495165537,62873.415616347454
2025-03-20 05:30:00,20725.003169200292,20913.456482360612,20549.298608799414,20813.537203559838,12667.852380582633,4991.99646358955,7675.855916993083
2025-03-20 05:45:00,20642.26598604015,20643.963426693826,20463.94431250409,20834.523890611825,17086.574097385816,8069.934097481166,9016.63999990465
2025-03-20 06:00:00,20802.4879234449,20955.611322627257,20678.457025064872,20737.02517630515,10364.459597904886,6957.227336556021,3407.232261348865
2025-03-20 06:15:00,20856.560259224607,20888.29307494311,20736.753136484764,20929.75450664938,32294.54312621934,16428.683198377075,15865.859927842266
2025-03-20 06:30:00,20712.722347471223,20901.669936247385,20544.303003052148,20851.344262160812,67841.71466664186,25565.40785354614,42276.30681309571
2025-03-20 06:45:00,20752.868708340848,20938.149477517334,20589.68691922574,20659.861268450462,3855.3922281208247,1566.9667039832134,2288.4255241376113
2025-03-20 07:00:00,20537.036123225032,20671.328037865067,20354.2348406093,20487.173214864288,33171.240538114376,15046.674129966941,18124.566408147435
2025-03-20 07:15:00,20603.320230522488,20741.822785104836,20489.4359038281,20782.353272213695,16702.742864153282,9174.87662275494,7527.866241398342
2025-03-20 07:30:00,20696.57410115635,20697.679120630477,20496.30430357122,20595.668072532615,24671.262703189743,11743.848217306804,12927.414485882939
2025-03-20 07:45:00,20637.345063914396,20840.596407449637,20431.766805071435,20498.958247616923,34856.46825436241,15928.636977365195,18927.83127699721
2025-03-20 08:00:00,20652.15728058722,20833.448650537972,20628.088304428256,20809.93785949043,18247.75907804482,9596.340301238366,8651.418776806453
2025-03-20 08:15:00,20856.010329679473,21042.69377657935,20678.82939543172,20980.808860591336,19859.01117525932,7878.744899525599,11980.26627573372
2025-03-20 08:30:00,20805.356638271,20942.514815322753,20701.36683498895,20850.308717204498,17785.251625077006,5896.901310306635,11888.35031477037
2025-03-20 08:45:00,20697.28242395641,20768.643948340927,20617.06672433831,20692.551981962824,58122.96908396391,18004.503711436442,40118.46537252747
2025-03-20 09:00:00,20852.68418168885,21039.033912177612,20724.84214910362,20806.96211658229,33481.88951466376,13409.619474700401,20072.270039963358
2025-03-20 09:15:00,21059.39550442285,21120.787207284553,21047.60949637279,21089.08386865071,27462.687323573296,9244.951555087826,18217.735768485472
2025-03-20 09:30:00,21061.890587048783,21180.40827662821,20955.22030034812,21228.259193476035,6179.843823831375,2685.366194215837,3494.477629615538
2025-03-20 09:45:00,21170.513395030564,21191.62695388962,20986.14139024701,21195.76623187602,15084.45853656466,9189.051137400142,5895.407399164518
2025-03-20 10:00:00,21314.629115564356,21511.140538737218,21269.130585094874,21545.568781013873,54104.31169860818,31733.138199424753,22371.173499183427
2025-03-20 10:15:00,21237.631698272362,21267.528009633785,21147.076582822578,21142.280892385148,22872.636745256397,12451.20126104636,10421.435484210037
2025-03-20 10:30:00,21188.221728479366,21235.873362337792,20989.162434893653,21186.13672754691,42596.67466012357,27304.47261252113,15292.20204760244
2025-03-20 10:45:00,21320.7407611755,21439.739098129587,21229.367776320803,21280.97132546564,128863.8629759472,53198.488380473995,75665.3745954732
2025-03-20 11:00:00,21502.501598327734,21666.80070791124,21425.44359245757,21385.835309496433,62230.84581385073,40700.3112008663,21530.534612984426
2025-03-20 11:15:00,21565.1685814654,21698.73273470207,21470.166110634458,21548.662198918235,24177.03120544622,11114.076507045138,13062.954698401081
2025-03-20 11:30:00,21472.458374055223,21522.3032318533,21360.919094991863,21517.263804346112,13213.71824371557,6083.032014460028,7130.686229255542
2025-03-20 11:45:00,21687.94105493098,21688.145581438464,21550.87514474348,21744.78842114106,1713.7691479515315,792.0023801869748,921.7667677645567
2025-03-20 12:00:00,21632.531521368324,21796.322359317553,21459.321398820684,21867.293397251527,18612.9913864419,6314.229253493315,12298.762132948585
2025-03-20 12:15:00,21598.445381444497,21811.234847625394,21500.798333464187,21648.604257825908,15898.618604011253,10973.166135124307,4925.452468886946
2025-03-20 12:30:00,21637.575051083768,21812.820610338575,21460.692000225336,21762.005908126925,32544.582397895643,11566.43281680786,20978.149581087782
2025-03-20 12:45:00,21807.880122312075,21908.24142991462,21691.486960296403,21815.08699931239,18884.46250048951,8240.316222423058,10644.146278066451
2025-03-20 13:00:00,21903.177938944234,22101.131690362407,21829.03995046969,22086.951690985006,15988.339280662949,6838.534525722305,9149.804754940644
2025-03-20 13:15:00,21950.80262111391,22040.76747488735,21806.377133489434,22214.042055437385,3716.735727704874,1226.0462047413025,2490.6895229635716
2025-03-20 13:30:00,22003.845476782266,22119.351161534163,21845.91898089603,22062.275052567322,8604.427461315885,3105.3727363140297,5499.054725001855
2025-03-20 13:45:00,22010.833311553964,22115.853549335236,21888.002081731323,21901.587050932383,35477.396018859035,11279.801588696128,24197.594430162906
2025-03-20 14:00:00,22074.459973978413,22173.270526583936,22061.96252439451,22013.88710143435,122505.06206989461,51079.9308742271,71425.13119566752
2025-03-20 14:15:00,21797.47405654163,21966.446063367173,21760.44388090194,21828.201334840447,19979.75153130059,12920.161461381696,7059.590069918893
2025-03-20 14:30:00,21767.327336977032,21881.990849331796,21705.225648185922,21817.01104778697,30571.120676671304,13322.187656742619,17248.933019928685
2025-03-20 14:45:00,21795.76873746536,21864.799668933934,21734.168313999315,21871.882301012734,57095.36145914404,19953.500382315517,37141.86107682853
2025-03-20 15:00:00,21672.512130438427,21728.46149063993,21526.564925816027,21722.380329582717,9789.89552437162,5465.4788621938515,4324.416662177768
2025-03-20 15:15:00,21716.54236560918,21724.739777690294,21712.557670723305,21717.30080675814,31787.043329912078,22207.711548621355,9579.331781290723
2025-03-20 15:30:00,21696.511980180276,21823.044988346064,21532.55539289069,21627.495544673704,10503.98400961761,4127.325351004137,6376.658658613474
2025-03-20 15:45:00,21889.12012897538,21939.456659442807,21831.038995911695,21933.022946921086,52303.80697385739,21540.19325231302,30763.61372154437
2025-03-20 16:00:00,22063.469129640656,22096.152611795267,21995.067555305624,22268.106411128894,25627.03295060745,17650.332478384054,7976.700472223394
2025-03-20 16:15:00,22014.289042580353,22158.225060664376,21898.07344717259,22126.554058193768,29686.62284246558,11028.892541414667,18657.730301050913
2025-03-20 16:30:00,21999.887546579856,22149.75281725749,21952.384157189008,22058.7046803934,10070.860184605457,5080.604214495517,4990.25597010994
2025-03-20 16:45:00,21993.953344695874,22159.381940778872,21799.423136640853,22107.174579134873,44668.88081899108,17682.661272782498,26986.21954620858
2025-03-20 17:00:00,21946.48385279862,22057.001275039995,21927.748407428386,21905.766099205484,177143.0577935903,119206.78379163053,57936.27400195977
2025-03-20 17:15:00,21970.07906449823,22166.50356814131,21872.447908152,21914.24593727233,8039.227733977814,5568.036704938858,2471.191029038956
2025-03-20 17:30:00,21888.97848737142,22093.93435123082,21703.048629543497,21807.137227058203,15681.563349596314,9814.76335876317,5866.799990833144
2025-03-20 17:45:00,21767.427311500458,21943.171193953964,21633.373939430003,21753.791474229274,27767.10912317505,11826.387362506013,15940.721760669037
2025-03-20 18:00:00,21837.37816074313,21976.175112974295,21773.541058893104,21791.300648980632,48358.93160723823,22312.568770758335,26046.362836479893
2025-03-20 18:15:00,21908.29827652934,21974.838368970417,21816.116875180727,22040.654493620354,12587.42671180709,4996.230027544282,7591.196684262807
2025-03-20 18:30:00,21822.38315850127,22036.885165534262,21668.16560306333,21770.519709776923,1295.9116585077957,850.5109512946004,445.40070721319523
2025-03-20 18:45:00,21922.259343182854,21982.356184708133,21708.89859893723,21834.271974965417,85749.83957354816,57094.24210903247,28655.59746451569
2025-03-20 19:00:00,21855.223515246467,21899.514638516597,21660.026052043435,22067.50080744127,47122.51162224447,22032.04854663598,25090.46307560849
2025-03-20 19:15:00,21885.073951916045,21981.839706699677,21810.13227856594,21835.682050354655,3854.7154479562582,2168.713901046576,1686.001546909682
2025-03-20 19:30:00,21977.02890622141,21989.520774877332,21757.65466974903,21993.899402936004,11997.231672770948,4393.641442599644,7603.590230171304
2025-03-20 19:45:00,21975.533087581505,22190.56246242561,21974.76291908763,22025.123385923154,105681.21430516902,50090.18592967753,55591.02837549149
2025-03-20 20:00:00,22027.696510695438,22157.31486866994,22021.610311939316,21902.502855448518,93694.6545891564,51775.6326460006,41919.0219431558
2025-03-20 20:15:00,21973.020503023097,22095.399700316484,21791.99785771232,22108.757054015314,56310.70975994213,25574.14218696055,30736.56757298158
2025-03-20 20:30:00,21953.63298374428,22097.60409215451,21909.843677537436,22023.568371644997,18469.713585102083,8182.818402569533,10286.89518253255
2025-03-20 20:45:00,21933.231535083705,22042.2448825348,21919.90287074418,22104.133521849475,23932.374881025626,7189.2757672819735,16743.09911374365
2025-03-20 21:00:00,21853.55047956848,21860.55749646226,21801.725205672417,21779.333425109347,19323.440949299533,12013.719186071718,7309.721763227815
2025-03-20 21:15:00,21836.420119130766,21970.12698459882,21743.375099379242,21847.242881376522,68066.45479072668,44633.55978215829,23432.89500856839
2025-03-20 21:30:00,21669.522362251868,21824.71382067155,21511.212140909232,21673.78646431652,9174.265300758478,6309.925838012811,2864.3394627456664
2025-03-20 21:45:00,21618.473978953094,21708.568766181637,21483.502165604263,21646.99831169535,9839.895254441353,5782.990611771619,4056.904642669734
2025-03-20 22:00:00,21589.84295914772,21753.341883894474,21538.54091143881,21432.818439208517,60492.49500596732,31426.874987929594,29065.620018037727
2025-03-20 22:15:00,21564.347540315193,21613.29888942556,21455.820551819084,21576.29811126634,21070.696115631563,8590.813748902701,12479.882366728862
2025-03-20 22:30:00,21540.465300804943,21588.12930812236,21340.954472820402,21386.831818870574,87418.94983303882,61168.76925288566,26250.18058015316
2025-03-20 22:45:00,21535.967199315426,21570.729908837944,21360.447391792335,21574.552553333895,11254.100082562203,6031.0850843210865,5223.014998241117
2025-03-20 23:00:00,21589.746980072818,21670.059707490425,21519.971123262192,21359.962000034277,20852.343930994684,11937.166773791243,8915.177157203441
2025-03-20 23:15:00,21686.3089665722,21869.994613550727,21473.29203892746,21485.538545737883,8756.810462336598,5017.323706130294,3739.4867562063037
2025-03-20 23:30:00,21618.022550143025,21797.000766433765,21464.832832182045,21706.49957319498,22189.2381304561,14158.968789637525,8030.269340818573
2025-03-20 23:45:00,21490.13023627727,21572.399657144622,21476.70978841276,21431.372088175565,5021.344788676439,1525.831097615831,3495.513691060608
2025-03-21 00:00:00,21380.31089864545,21506.266315960194,21372.79342883016,21274.707334955478,13525.96673839162,5249.411137720388,8276.555600671232
2025-03-21 00:15:00,21330.366180105935,21484.118939895987,21294.44414790569,21465.904192385562,5238.267721043687,2965.978424452173,2272.289296591514
2025-03-21 00:30:00,21294.966163845886,21346.33106488783,21139.96950302304,21329.85010990787,44087.132252131196,29011.903069365813,15075.229182765383
2025-03-21 00:45:00,21215.110459582425,21250.78177668294,21176.130043507706,21307.617908727265,45097.82687588382,25892.26395813251,19205.562917751307
2025-03-21 01:00:00,21079.74567962555,21284.661042756536,20971.925569491395,21062.223976596666,3903.923177776209,1816.872248001181,2087.0509297750277
2025-03-21 01:15:00,21033.77909898183,21163.674740051953,21014.162971315553,21315.59268905576,83607.2690373663,37173.64775727523,46433.62128009108
2025-03-21 01:30:00,21054.962914142492,21261.59963040813,20861.070675129875,20991.322829566634,267644.56424384087,159296.47851779207,108348.0857260488
2025-03-21 01:45:00,21119.71002711386,21191.043112195403,21047.066542917528,21303.926227844215,23063.49599755802,13757.261863732518,9306.234133825503
2025-03-21 02:00:00,21062.95893189619,21211.038210139952,20871.67944977544,21056.496179984002,11601.454298253884,6297.538512053971,5303.915786199913
2025-03-21 02:15:00,21021.57044695553,21068.36522722853,20822.942748255184,20847.66841284614,371138.50137857045,154611.40422347406,216527.0971550964
2025-03-21 02:30:00,20926.269335087687,20980.928786432178,20924.986837844226,20976.790449595857,5890.119126760108,3946.7445744345982,1943.3745523255097
2025-03-21 02:45:00,20925.072439286523,21032.188328980435,20827.951815148972,20958.004586284645,22473.822510066577,11703.287499436015,10770.535010630561
2025-03-21 03:00:00,20838.397793380413,20905.00108979353,20833.259866412052,20728.858482510535,26360.508331549394,16243.26463662891,10117.243694920484
2025-03-21 03:15:00,20900.196959953602,20935.230196943638,20710.27838203544,20803.824137291693,84554.16555353651,32614.512177389835,51939.65337614668
2025-03-21 03:30:00,20715.662172521577,20770.119650662436,20608.270616877497,20713.104032368545,31562.941534343434,13812.458178893456,17750.48335544998
2025-03-21 03:45:00,20680.48390473013,20687.87684569384,20664.985120246456,20716.64867504988,13377.990080660766,8693.44346218981,4684.546618470955
2025-03-21 04:00:00,20713.687180529356,20859.59928590796,20690.844804001226,20457.80444867944,8508.454792762597,2723.0697974463083,5785.384995316289
2025-03-21 04:15:00,20734.798002567848,20836.83739735159,20655.27818101766,20843.979305519108,15649.248564284791,7901.714428943212,7747.53413534158
2025-03-21 04:30:00,21016.06902755186,21035.87521544112,20818.46876055705,20964.10700979346,8047.1449189934,3964.6849975292175,4082.4599214641826
2025-03-21 04:45:00,21054.92774176541,21091.077787955564,20909.03622058667,20914.728506494,23105.485128770702,13874.660721870929,9230.824406899774
2025-03-21 05:00:00,20951.331749613106,20972.814100851017,20769.554042635587,21049.914737202776,12529.032373649261,5171.452183202416,7357.580190446845
2025-03-21 05:15:00,20943.426367233118,21071.724290965343,20866.677789339075,20940.95316016865,4944.159236803842,1916.4882713509126,3027.6709654529295
2025-03-21 05:30:00,20759.51728839473,20779.074905116326,20750.546332965696,20885.752360738057,77276.54716720934,51810.30334958731,25466.24381762203
2025-03-21 05:45:00,20753.22718067874,20909.765106837258,20551.024827968286,20798.671794718295,13390.857494745862,7079.530239522381,6311.327255223481
2025-03-21 06:00:00,20668.85949537092,20673.09886846646,20665.310034059763,20668.702980127728,6197.264072578103,2118.6947818926324,4078.5692906854706
2025-03-21 06:15:00,20765.52674626537,20817.310942220363,20568.74188878339,20749.669157478165,18615.33282438831,7021.972810021372,11593.36001436694
2025-03-21 06:30:00,20710.545832588676,20895.007762714864,20634.19072574799,20760.53205634604,23585.126657669767,16498.513646350828,7086.613011318939
2025-03-21 06:45:00,20700.525457918127,20849.26521634914,20698.436691057766,20657.72388616499,3841.173794106034,1452.899398349933,2388.274395756101
2025-03-21 07:00:00,20636.81360408406,20651.871942939946,20494.59351073401,20548.8416960945,30688.63492418254,16700.45451648944,13988.1804076931
2025-03-21 07:15:00,20818.299041611506,20989.243529551964,20614.167228894734,20881.785394129663,7729.832181421207,3617.957472561962,4111.8747088592445
2025-03-21 07:30:00,20786.942231665682,20889.429157562066,20586.21817048533,20771.924929599263,121908.8373049624,79757.59358007694,42151.24372488547
2025-03-21 07:45:00,20979.48721288402,21157.13794978978,20945.72345319801,20983.008373101173,37196.14895088601,22394.59006208497,14801.558888801039
2025-03-21 08:00:00,21066.987594018843,21193.545367774645,21028.804141200457,21181.73735148606,14766.25826360858,7955.772874292061,6810.48538931652
2025-03-21 08:15:00,21119.872761599563,21263.875030411462,21000.43166241456,21107.847464270057,10454.964639367023,3181.399661794392,7273.564977572631
2025-03-21 08:30:00,21160.922734647374,21371.156832210225,21026.0631527427,21162.51339333132,19831.6077015619,12928.583675558388,6903.024026003513
2025-03-21 08:45:00,21204.704397924175,21253.970463648664,21047.91301506603,21141.127444760794,40651.488898854564,19426.00457144909,21225.484327405473
2025-03-21 09:00:00,21002.446232258928,21133.49006611675,20964.421227647454,21047.67919377663,21472.017857054343,14442.746157455362,7029.271699598981
2025-03-21 09:15:00,20975.260309428548,21071.81391925307,20774.106076593842,21011.948967088392,17726.94704685968,8831.841650265722,8895.105396593959
2025-03-21 09:30:00,21065.994877700392,21074.30582408224,20931.43809868864,21160.873499261692,23350.420951076292,13489.299908107907,9861.121042968385
2025-03-21 09:45:00,21062.951138105167,21065.999082254286,20884.53805946664,21001.960326122447,12041.822390704654,3946.31062835486,8095.511762349794
2025-03-21 10:00:00,20917.070207804052,20942.009333133978,20804.104282969784,20869.189259327843,15627.60331922922,9346.254777362501,6281.348541866719
2025-03-21 10:15:00,20913.681176965183,21049.43015412743,20827.040637870254,20996.51372203558,2735.877655252094,1190.649612427699,1545.228042824395
2025-03-21 10:30:00,21093.968142377253,21213.605343457028,20887.841491367348,21120.5690076674,58321.50841789126,25693.16761018855,32628.34080770271
2025-03-21 10:45:00,21227.58700981391,21345.066751447972,21104.016689320408,21131.40288919578,29696.895191567924,10318.552631151062,19378.342560416862
2025-03-21 11:00:00,21223.12879099602,21229.889792736034,21039.15109406343,21361.774617255665,10163.357772646397,3646.0320290343534,6517.325743612044
2025-03-21 11:15:00,21326.21475660064,21426.299321463535,21122.91357289322,21145.10714872477,147080.44799754187,55052.744481826536,92027.70351571533
2025-03-21 11:30:00,21289.266340945444,21486.111755285096,21145.488295655672,21372.75057594232,24028.99440547618,10363.283997021044,13665.710408455136
2025-03-21 11:45:00,21110.02438746592,21193.956128039983,20994.143298558396,20976.481102789734,7815.439099432823,5133.086342559508,2682.3527568733152
2025-03-21 12:00:00,21014.55789213068,21145.882586325308,21013.820102333557,21212.702951890682,51882.530925851934,23207.26855724908,28675.262368602853
2025-03-21 12:15:00,21180.876430443775,21346.048860509036,21172.39991979094,21017.29655069335,32795.55334753515,19341.016318684135,13454.537028851013
2025-03-21 12:30:00,21153.977450041704,21319.808826816556,21111.489429090117,21275.850871574265,32682.007806831632,10886.344169299331,21795.6636375323
2025-03-21 12:45:00,21130.350151729705,21240.07585140802,21091.04591876679,21121.725338672455,14389.361032956704,7719.021921435773,6670.339111520931
2025-03-21 13:00:00,21100.78475636412,21281.819349676505,21047.028651341094,21062.106746777634,34561.50342242293,17030.405202242437,17531.098220180495
2025-03-21 13:15:00,21303.78871645624,21387.167078548948,21238.82608551784,21323.536972446876,16953.705623651047,11718.11614508604,5235.589478565007
2025-03-21 13:30:00,21479.11452130045,21669.997954647104,21401.775641589003,21546.977820054544,38404.94289998998,24520.907303488766,13884.035596501217
2025-03-21 13:45:00,21719.54960641173,21771.725864985085,21628.21071420356,21621.333748539535,3278.218934066209,1579.8783089340254,1698.3406251321835
2025-03-21 14:00:00,21704.44960968764,21765.269038540984,21682.99121507651,21615.918491822023,14273.023085041013,8707.35915168095,5565.663933360063
2025-03-21 14:15:00,21738.70188874561,21750.24962288167,21729.492954644084,21809.30972128645,123272.80408695684,46500.412000767275,76772.39208618956
2025-03-21 14:30:00,21576.026557666257,21747.68150600659,21430.61612435034,21391.838173111315,10228.493085238497,5369.289220093634,4859.203865144863
2025-03-21 14:45:00,21737.51604233132,21828.173491212787,21620.71279858002,21674.017595903024,12042.07086114579,3972.0484402438005,8070.02242090199
2025-03-21 15:00:00,21612.76666028759,21662.285099432214,21516.77481022656,21941.354948423734,14073.356256220019,6181.519260770324,7891.836995449695
2025-03-21 15:15:00,21638.353535339887,21688.509135071108,21501.071177900478,21533.62250156701,6536.740097306358,2551.5829808217995,3985.157116484558
2025-03-21 15:30:00,21521.798270552714,21715.795747514952,21343.666778207462,21645.312171245867,2420.475345861393,1422.183997315394,998.2913485459992
2025-03-21 15:45:00,21460.583085113318,21639.546450015812,21368.797693003296,21397.708859334474,17490.5078026524,8675.926364272558,8814.58143837984
2025-03-21 16:00:00,21372.8884435939,21491.19398222213,21235.862695538173,21427.287269056415,25231.775811618794,15149.869519892909,10081.906291725885
2025-03-21 16:15:00,21310.065481768037,21441.359096776872,21106.858616452813,21379.7872948429,20899.80131527091,10577.769300646385,10322.032014624525
2025-03-21 16:30:00,21254.752787782152,21355.569515211853,21076.292676841116,21374.73126935423,19055.69789727989,6375.917930166527,12679.779967113362
2025-03-21 16:45:00,21198.611674573993,21281.6395440581,21108.305417025047,21177.386159019235,22995.202147090484,13662.531747339259,9332.670399751225
2025-03-21 17:00:00,21289.059145696872,21483.955560404625,21151.804996772225,21500.76655923897,61257.493975966136,38793.86284052252,22463.63113544362
2025-03-21 17:15:00,21173.580604864503,21200.17731189432,21136.088350484853,21111.18877859631,18206.861619438943,12042.245685446178,6164.615933992765
2025-03-21 17:30:00,21199.046221332937,21287.752949696565,21080.2208642762,21223.872468202324,12405.775669040411,6560.134203901344,5845.641465139067
2025-03-21 17:45:00,21330.263987782175,21403.75995235733,21120.944072695554,21356.42309635375,16628.519046787416,10000.95911223752,6627.559934549896
2025-03-21 18:00:00,21277.66394451775,21383.658780709982,21167.378596131315,21158.299641454018,39314.42424906039,23620.80332044087,15693.620928619515
2025-03-21 18:15:00,21203.41352642846,21300.44710521702,21006.722541821644,21173.106188238187,90402.47086130039,32752.806507141555,57649.664354158835
2025-03-21 18:30:00,21181.094323002493,21291.000804133695,21094.81632928017,21198.19948631153,11752.911320399764,4297.901866794898,7455.009453604866
2025-03-21 18:45:00,21308.151787002353,21337.965935048705,21095.31641510923,21262.113283115556,24317.06842377725,7984.611605139006,16332.456818638246
2025-03-21 19:00:00,21330.962976497904,21440.421000202743,21207.409765231056,21591.299270175903,30895.24111914189,13222.095893726886,17673.145225415006
2025-03-21 19:15:00,21276.439510541248,21328.01760284013,21267.446173550925,21187.224881224007,8163.448698318616,3995.2198351905768,4168.228863128039
2025-03-21 19:30:00,21330.04301599013,21369.360972021266,21204.88796545747,21455.828889187862,22480.80621931164,15717.661167567383,6763.145051744255
2025-03-21 19:45:00,21214.616325430732,21228.37065619381,21156.366781507913,21305.463657101238,5086.402810243729,2402.803141589868,2683.5996686538606
2025-03-21 20:00:00,21289.011690031926,21451.372882419848,21282.096737586628,21287.536134314374,3755.398547043123,2217.551708785504,1537.8468382576189
2025-03-21 20:15:00,21334.634819952407,21425.827992834544,21159.508764988288,21242.340223918134,31784.89347344229,18351.28828798236,13433.605185459932
2025-03-21 20:30:00,21303.933376803223,21437.433129605906,21245.19211864074,21222.099075993217,15004.797445792392,5728.723331669935,9276.074114122457
2025-03-21 20:45:00,21216.73789023664,21371.109462792418,21047.736271356127,21161.790008120686,26964.60630982629,8720.430815005262,18244.17549482103
2025-03-21 21:00:00,21124.797180423855,21268.301448184164,21063.91180058611,20936.18006843473,21635.808522254487,11216.061567891897,10419.74695436259
2025-03-21 21:15:00,21183.39919893631,21283.06724449494,21142.234271646492,21077.115155451123,8296.590708066431,4813.036760421225,3483.553947645206
2025-03-21 21:30:00,21315.68746181588,21398.370699916213,21108.08639876034,21157.687431461014,21051.89161536211,14721.602881345536,6330.288734016574
2025-03-21 21:45:00,21249.895766798763,21329.786855722352,21173.046511605324,21392.894284462094,6418.2366573010095,2846.1312377760223,3572.105419524987
2025-03-21 22:00:00,21300.72410473222,21437.05913310195,21172.62661710122,21366.59258867929,88518.98767658799,58293.80975281111,30225.17792377688
2025-03-21 22:15:00,21080.578243530872,21184.883754668965,20951.99061766706,21163.422185973483,5676.156755462481,2570.0104224436473,3106.1463330188335
2025-03-21 22:30:00,21021.065902286853,21199.562551734085,20903.24840223432,21082.95527858053,18109.912676578733,10427.048138128637,7682.864538450096
2025-03-21 22:45:00,21019.90354950341,21203.765062954477,20827.63538644384,21037.451766195278,7767.692408683046,4189.12562134479,3578.5667873382563
2025-03-21 23:00:00,20926.39825143066,20962.090395391446,20785.262026865214,21079.23214317149,38965.08132327919,12515.253592761712,26449.827730517478
2025-03-21 23:15:00,20830.50236443655,20858.880518442944,20746.40275147046,20766.8898997149,15812.698973870676,5239.62273164758,10573.076242223096
2025-03-21 23:30:00,20763.034496523258,20893.92485826251,20583.978159793234,20774.10842519385,13112.657713826899,4042.7062746664883,9069.95143916041
2025-03-21 23:45:00,20795.444838462277,20858.086072739814,20757.792003153696,20873.121941687794,51699.40465492309,23178.581956181984,28520.822698741107
2025-03-22 00:00:00,20778.04643160156,20781.905064169256,20664.964665407424,20640.785697774725,22684.351208738593,13572.510531443084,9111.84067729551
